tournament_id,tournament_name,tournament_date,tournament_order,player_id,place,participants,sessions,is_status_tournament,is_substitute,score,tournament_slug,pantheon_type,tournament_pantheon_id
demo-tournament:001,Зов джунглей — 2017,2017-01-05,1,demo:016,1,36,8,False,False,1802.4,2017,demo,1
demo-tournament:001,Зов джунглей — 2017,2017-01-05,1,demo:014,2,36,8,False,False,1671.7,2017,demo,1
demo-tournament:001,Зов джунглей — 2017,2017-01-05,1,demo:028,3,36,8,False,False,1304.8,2017,demo,1
demo-tournament:001,Зов джунглей — 2017,2017-01-05,1,demo:021,4,36,8,False,False,1043.8,2017,demo,1
demo-tournament:001,Зов джунглей — 2017,2017-01-05,1,demo:044,5,36,8,False,False,938.4,2017,demo,1
demo-tournament:001,Зов джунглей — 2017,2017-01-05,1,demo:079,6,36,8,False,False,750.4,2017,demo,1
demo-tournament:001,Зов джунглей — 2017,2017-01-05,1,demo:048,7,36,8,False,False,541.5,2017,demo,1
demo-tournament:001,Зов джунглей — 2017,2017-01-05,1,demo:033,8,36,8,False,False,535.2,2017,demo,1
demo-tournament:001,Зов джунглей — 2017,2017-01-05,1,demo:047,9,36,8,False,False,524.0,2017,demo,1
demo-tournament:001,Зов джунглей — 2017,2017-01-05,1,demo:083,10,36,8,False,False,396.6,2017,demo,1
demo-tournament:001,Зов джунглей — 2017,2017-01-05,1,demo:089,11,36,8,False,False,385.3,2017,demo,1
demo-tournament:001,Зов джунглей — 2017,2017-01-05,1,demo:062,12,36,8,False,False,349.9,2017,demo,1
demo-tournament:001,Зов джунглей — 2017,2017-01-05,1,demo:030,13,36,8,False,False,315.5,2017,demo,1
demo-tournament:001,Зов джунглей — 2017,2017-01-05,1,demo:020,14,36,8,False,False,220.0,2017,demo,1
demo-tournament:001,Зов джунглей — 2017,2017-01-05,1,demo:009,15,36,8,False,False,198.9,2017,demo,1
demo-tournament:001,Зов джунглей — 2017,2017-01-05,1,demo:011,16,36,8,False,False,132.2,2017,demo,1
demo-tournament:001,Зов джунглей — 2017,2017-01-05,1,demo:045,17,36,8,False,False,90.7,2017,demo,1
demo-tournament:001,Зов джунглей — 2017,2017-01-05,1,demo:081,18,36,8,False,False,80.9,2017,demo,1
demo-tournament:001,Зов джунглей — 2017,2017-01-05,1,demo:017,19,36,8,False,False,-21.3,2017,demo,1
demo-tournament:001,Зов джунглей — 2017,2017-01-05,1,demo:003,20,36,8,False,False,-197.2,2017,demo,1
demo-tournament:001,Зов джунглей — 2017,2017-01-05,1,demo:006,21,36,8,False,False,-241.3,2017,demo,1
demo-tournament:001,Зов джунглей — 2017,2017-01-05,1,demo:019,22,36,8,False,False,-336.4,2017,demo,1
demo-tournament:001,Зов джунглей — 2017,2017-01-05,1,demo:080,23,36,8,False,False,-394.0,2017,demo,1
demo-tournament:001,Зов джунглей — 2017,2017-01-05,1,demo:008,24,36,8,False,False,-447.9,2017,demo,1
demo-tournament:001,Зов джунглей — 2017,2017-01-05,1,demo:069,25,36,8,False,False,-496.0,2017,demo,1
demo-tournament:001,Зов джунглей — 2017,2017-01-05,1,demo:022,26,36,8,False,False,-517.4,2017,demo,1
demo-tournament:001,Зов джунглей — 2017,2017-01-05,1,demo:086,27,36,8,False,False,-607.6,2017,demo,1
demo-tournament:001,Зов джунглей — 2017,2017-01-05,1,demo:041,28,36,8,False,False,-701.4,2017,demo,1
demo-tournament:001,Зов джунглей — 2017,2017-01-05,1,demo:057,29,36,8,False,False,-738.4,2017,demo,1
demo-tournament:001,Зов джунглей — 2017,2017-01-05,1,demo:040,30,36,8,False,False,-843.3,2017,demo,1
demo-tournament:001,Зов джунглей — 2017,2017-01-05,1,demo:084,31,36,8,False,False,-1257.2,2017,demo,1
demo-tournament:001,Зов джунглей — 2017,2017-01-05,1,demo:038,32,36,8,False,False,-1362.2,2017,demo,1
demo-tournament:001,Зов джунглей — 2017,2017-01-05,1,demo:025,33,36,8,False,False,-1618.6,2017,demo,1
demo-tournament:001,Зов джунглей — 2017,2017-01-05,1,demo:023,34,36,8,False,False,-1676.7,2017,demo,1
demo-tournament:001,Зов джунглей — 2017,2017-01-05,1,demo:071,35,36,8,False,False,-1784.4,2017,demo,1
demo-tournament:001,Зов джунглей — 2017,2017-01-05,1,demo:059,36,36,8,False,False,-2115.5,2017,demo,1
demo-tournament:002,Лесной совет — 2017,2017-03-11,2,demo:011,1,40,5,False,False,2498.4,2017,demo,2
demo-tournament:002,Лесной совет — 2017,2017-03-11,2,demo:002,2,40,5,False,False,2043.8,2017,demo,2
demo-tournament:002,Лесной совет — 2017,2017-03-11,2,demo:020,3,40,5,False,False,1522.9,2017,demo,2
demo-tournament:002,Лесной совет — 2017,2017-03-11,2,demo:041,4,40,5,False,False,1495.3,2017,demo,2
demo-tournament:002,Лесной совет — 2017,2017-03-11,2,demo:050,5,40,5,False,False,1457.8,2017,demo,2
demo-tournament:002,Лесной совет — 2017,2017-03-11,2,demo:056,6,40,5,False,False,1302.1,2017,demo,2
demo-tournament:002,Лесной совет — 2017,2017-03-11,2,demo:009,7,40,5,False,False,1258.1,2017,demo,2
demo-tournament:002,Лесной совет — 2017,2017-03-11,2,demo:092,8,40,5,False,False,1232.5,2017,demo,2
demo-tournament:002,Лесной совет — 2017,2017-03-11,2,demo:042,9,40,5,False,False,895.9,2017,demo,2
demo-tournament:002,Лесной совет — 2017,2017-03-11,2,demo:021,10,40,5,False,False,849.6,2017,demo,2
demo-tournament:002,Лесной совет — 2017,2017-03-11,2,demo:015,11,40,5,False,False,819.5,2017,demo,2
demo-tournament:002,Лесной совет — 2017,2017-03-11,2,demo:029,12,40,5,False,False,808.9,2017,demo,2
demo-tournament:002,Лесной совет — 2017,2017-03-11,2,demo:047,13,40,5,False,False,683.8,2017,demo,2
demo-tournament:002,Лесной совет — 2017,2017-03-11,2,demo:071,14,40,5,False,False,618.7,2017,demo,2
demo-tournament:002,Лесной совет — 2017,2017-03-11,2,demo:028,15,40,5,False,False,588.5,2017,demo,2
demo-tournament:002,Лесной совет — 2017,2017-03-11,2,demo:083,16,40,5,False,False,583.5,2017,demo,2
demo-tournament:002,Лесной совет — 2017,2017-03-11,2,demo:014,17,40,5,False,False,524.5,2017,demo,2
demo-tournament:002,Лесной совет — 2017,2017-03-11,2,demo:081,18,40,5,False,False,350.7,2017,demo,2
demo-tournament:002,Лесной совет — 2017,2017-03-11,2,demo:045,19,40,5,False,False,332.5,2017,demo,2
demo-tournament:002,Лесной совет — 2017,2017-03-11,2,demo:090,20,40,5,False,False,285.3,2017,demo,2
demo-tournament:002,Лесной совет — 2017,2017-03-11,2,demo:017,21,40,5,False,False,240.4,2017,demo,2
demo-tournament:002,Лесной совет — 2017,2017-03-11,2,demo:022,22,40,5,False,False,204.6,2017,demo,2
demo-tournament:002,Лесной совет — 2017,2017-03-11,2,demo:049,23,40,5,False,False,151.6,2017,demo,2
demo-tournament:002,Лесной совет — 2017,2017-03-11,2,demo:023,24,40,5,False,False,54.2,2017,demo,2
demo-tournament:002,Лесной совет — 2017,2017-03-11,2,demo:026,25,40,5,False,False,40.7,2017,demo,2
demo-tournament:002,Лесной совет — 2017,2017-03-11,2,demo:060,26,40,5,False,False,-184.1,2017,demo,2
demo-tournament:002,Лесной совет — 2017,2017-03-11,2,demo:008,27,40,5,False,False,-191.3,2017,demo,2
demo-tournament:002,Лесной совет — 2017,2017-03-11,2,demo:089,28,40,5,False,False,-219.8,2017,demo,2
demo-tournament:002,Лесной совет — 2017,2017-03-11,2,demo:067,29,40,5,False,False,-249.0,2017,demo,2
demo-tournament:002,Лесной совет — 2017,2017-03-11,2,demo:073,30,40,5,False,False,-282.2,2017,demo,2
demo-tournament:002,Лесной совет — 2017,2017-03-11,2,demo:034,31,40,5,False,False,-302.8,2017,demo,2
demo-tournament:002,Лесной совет — 2017,2017-03-11,2,demo:072,32,40,5,False,False,-551.7,2017,demo,2
demo-tournament:002,Лесной совет — 2017,2017-03-11,2,demo:003,33,40,5,False,False,-738.0,2017,demo,2
demo-tournament:002,Лесной совет — 2017,2017-03-11,2,demo:057,34,40,5,False,False,-774.5,2017,demo,2
demo-tournament:002,Лесной совет — 2017,2017-03-11,2,demo:033,35,40,5,False,False,-1168.8,2017,demo,2
demo-tournament:002,Лесной совет — 2017,2017-03-11,2,demo:048,36,40,5,False,False,-1215.3,2017,demo,2
demo-tournament:002,Лесной совет — 2017,2017-03-11,2,demo:006,37,40,5,False,True,-1232.5,2017,demo,2
demo-tournament:002,Лесной совет — 2017,2017-03-11,2,demo:038,38,40,5,False,False,-1337.4,2017,demo,2
demo-tournament:002,Лесной совет — 2017,2017-03-11,2,demo:040,39,40,5,False,False,-1559.0,2017,demo,2
demo-tournament:002,Лесной совет — 2017,2017-03-11,2,demo:095,40,40,5,False,False,-2501.8,2017,demo,2
demo-tournament:003,Большая миграция — 2017,2017-06-03,3,demo:022,1,40,4,False,False,2497.1,2017,demo,3
demo-tournament:003,Большая миграция — 2017,2017-06-03,3,demo:028,2,40,4,False,False,2020.6,2017,demo,3
demo-tournament:003,Большая миграция — 2017,2017-06-03,3,demo:015,3,40,4,False,False,1864.5,2017,demo,3
demo-tournament:003,Большая миграция — 2017,2017-06-03,3,demo:087,4,40,4,False,False,1810.9,2017,demo,3
demo-tournament:003,Большая миграция — 2017,2017-06-03,3,demo:020,5,40,4,False,False,1767.1,2017,demo,3
demo-tournament:003,Большая миграция — 2017,2017-06-03,3,demo:024,6,40,4,False,False,1612.5,2017,demo,3
demo-tournament:003,Большая миграция — 2017,2017-06-03,3,demo:014,7,40,4,False,False,1541.3,2017,demo,3
demo-tournament:003,Большая миграция — 2017,2017-06-03,3,demo:016,8,40,4,False,False,1411.9,2017,demo,3
demo-tournament:003,Большая миграция — 2017,2017-06-03,3,demo:060,9,40,4,False,False,1254.5,2017,demo,3
demo-tournament:003,Большая миграция — 2017,2017-06-03,3,demo:066,10,40,4,False,False,1160.7,2017,demo,3
demo-tournament:003,Большая миграция — 2017,2017-06-03,3,demo:002,11,40,4,False,False,1045.9,2017,demo,3
demo-tournament:003,Большая миграция — 2017,2017-06-03,3,demo:045,12,40,4,False,False,984.4,2017,demo,3
demo-tournament:003,Большая миграция — 2017,2017-06-03,3,demo:063,13,40,4,False,False,958.2,2017,demo,3
demo-tournament:003,Большая миграция — 2017,2017-06-03,3,demo:080,14,40,4,False,False,928.6,2017,demo,3
demo-tournament:003,Большая миграция — 2017,2017-06-03,3,demo:044,15,40,4,False,False,873.2,2017,demo,3
demo-tournament:003,Большая миграция — 2017,2017-06-03,3,demo:017,16,40,4,False,False,808.3,2017,demo,3
demo-tournament:003,Большая миграция — 2017,2017-06-03,3,demo:073,17,40,4,False,False,720.5,2017,demo,3
demo-tournament:003,Большая миграция — 2017,2017-06-03,3,demo:067,18,40,4,False,False,717.8,2017,demo,3
demo-tournament:003,Большая миграция — 2017,2017-06-03,3,demo:079,19,40,4,False,False,673.7,2017,demo,3
demo-tournament:003,Большая миграция — 2017,2017-06-03,3,demo:041,20,40,4,False,False,583.6,2017,demo,3
demo-tournament:003,Большая миграция — 2017,2017-06-03,3,demo:042,21,40,4,False,False,458.9,2017,demo,3
demo-tournament:003,Большая миграция — 2017,2017-06-03,3,demo:068,22,40,4,False,False,442.3,2017,demo,3
demo-tournament:003,Большая миграция — 2017,2017-06-03,3,demo:049,23,40,4,False,False,191.0,2017,demo,3
demo-tournament:003,Большая миграция — 2017,2017-06-03,3,demo:026,24,40,4,False,False,79.9,2017,demo,3
demo-tournament:003,Большая миграция — 2017,2017-06-03,3,demo:003,25,40,4,False,False,45.6,2017,demo,3
demo-tournament:003,Большая миграция — 2017,2017-06-03,3,demo:009,26,40,4,False,False,-60.0,2017,demo,3
demo-tournament:003,Большая миграция — 2017,2017-06-03,3,demo:088,27,40,4,False,False,-102.6,2017,demo,3
demo-tournament:003,Большая миграция — 2017,2017-06-03,3,demo:029,28,40,4,False,False,-271.7,2017,demo,3
demo-tournament:003,Большая миграция — 2017,2017-06-03,3,demo:006,29,40,4,False,False,-354.9,2017,demo,3
demo-tournament:003,Большая миграция — 2017,2017-06-03,3,demo:047,30,40,4,False,False,-413.5,2017,demo,3
demo-tournament:003,Большая миграция — 2017,2017-06-03,3,demo:054,31,40,4,False,False,-523.9,2017,demo,3
demo-tournament:003,Большая миграция — 2017,2017-06-03,3,demo:008,32,40,4,False,False,-587.1,2017,demo,3
demo-tournament:003,Большая миграция — 2017,2017-06-03,3,demo:078,33,40,4,False,False,-721.8,2017,demo,3
demo-tournament:003,Большая миграция — 2017,2017-06-03,3,demo:069,34,40,4,False,False,-762.9,2017,demo,3
demo-tournament:003,Большая миграция — 2017,2017-06-03,3,demo:034,35,40,4,False,False,-976.8,2017,demo,3
demo-tournament:003,Большая миграция — 2017,2017-06-03,3,demo:057,36,40,4,False,False,-1023.0,2017,demo,3
demo-tournament:003,Большая миграция — 2017,2017-06-03,3,demo:025,37,40,4,False,False,-1112.9,2017,demo,3
demo-tournament:003,Большая миграция — 2017,2017-06-03,3,demo:038,38,40,4,False,False,-1592.1,2017,demo,3
demo-tournament:003,Большая миграция — 2017,2017-06-03,3,demo:048,39,40,4,False,False,-1924.4,2017,demo,3
demo-tournament:003,Большая миграция — 2017,2017-06-03,3,demo:091,40,40,4,False,False,-2299.4,2017,demo,3
demo-tournament:004,Ночная охота — 2017,2017-06-03,4,demo:002,1,32,4,False,False,2970.6,2017,demo,4
demo-tournament:004,Ночная охота — 2017,2017-06-03,4,demo:014,2,32,4,False,False,2657.0,2017,demo,4
demo-tournament:004,Ночная охота — 2017,2017-06-03,4,demo:068,3,32,4,False,False,2269.0,2017,demo,4
demo-tournament:004,Ночная охота — 2017,2017-06-03,4,demo:079,4,32,4,False,False,1376.3,2017,demo,4
demo-tournament:004,Ночная охота — 2017,2017-06-03,4,demo:034,5,32,4,False,False,1084.3,2017,demo,4
demo-tournament:004,Ночная охота — 2017,2017-06-03,4,demo:021,6,32,4,False,False,1047.1,2017,demo,4
demo-tournament:004,Ночная охота — 2017,2017-06-03,4,demo:066,7,32,4,False,False,997.7,2017,demo,4
demo-tournament:004,Ночная охота — 2017,2017-06-03,4,demo:045,8,32,4,False,False,726.5,2017,demo,4
demo-tournament:004,Ночная охота — 2017,2017-06-03,4,demo:020,9,32,4,False,False,418.8,2017,demo,4
demo-tournament:004,Ночная охота — 2017,2017-06-03,4,demo:049,10,32,4,False,False,364.6,2017,demo,4
demo-tournament:004,Ночная охота — 2017,2017-06-03,4,demo:078,11,32,4,False,False,347.3,2017,demo,4
demo-tournament:004,Ночная охота — 2017,2017-06-03,4,demo:089,12,32,4,False,False,192.4,2017,demo,4
demo-tournament:004,Ночная охота — 2017,2017-06-03,4,demo:044,13,32,4,False,False,91.5,2017,demo,4
demo-tournament:004,Ночная охота — 2017,2017-06-03,4,demo:069,14,32,4,False,False,7.4,2017,demo,4
demo-tournament:004,Ночная охота — 2017,2017-06-03,4,demo:100,15,32,4,False,False,-29.1,2017,demo,4
demo-tournament:004,Ночная охота — 2017,2017-06-03,4,demo:053,16,32,4,False,False,-56.7,2017,demo,4
demo-tournament:004,Ночная охота — 2017,2017-06-03,4,demo:071,17,32,4,False,False,-251.2,2017,demo,4
demo-tournament:004,Ночная охота — 2017,2017-06-03,4,demo:011,18,32,4,False,False,-296.3,2017,demo,4
demo-tournament:004,Ночная охота — 2017,2017-06-03,4,demo:092,19,32,4,False,False,-308.1,2017,demo,4
demo-tournament:004,Ночная охота — 2017,2017-06-03,4,demo:028,20,32,4,False,False,-342.2,2017,demo,4
demo-tournament:004,Ночная охота — 2017,2017-06-03,4,demo:008,21,32,4,False,False,-458.3,2017,demo,4
demo-tournament:004,Ночная охота — 2017,2017-06-03,4,demo:093,22,32,4,False,False,-508.8,2017,demo,4
demo-tournament:004,Ночная охота — 2017,2017-06-03,4,demo:047,23,32,4,False,False,-650.9,2017,demo,4
demo-tournament:004,Ночная охота — 2017,2017-06-03,4,demo:025,24,32,4,False,False,-831.4,2017,demo,4
demo-tournament:004,Ночная охота — 2017,2017-06-03,4,demo:006,25,32,4,False,False,-906.6,2017,demo,4
demo-tournament:004,Ночная охота — 2017,2017-06-03,4,demo:091,26,32,4,False,False,-967.6,2017,demo,4
demo-tournament:004,Ночная охота — 2017,2017-06-03,4,demo:090,27,32,4,False,False,-1088.5,2017,demo,4
demo-tournament:004,Ночная охота — 2017,2017-06-03,4,demo:009,28,32,4,False,False,-1164.9,2017,demo,4
demo-tournament:004,Ночная охота — 2017,2017-06-03,4,demo:003,29,32,4,False,False,-1168.3,2017,demo,4
demo-tournament:004,Ночная охота — 2017,2017-06-03,4,demo:048,30,32,4,False,False,-1439.9,2017,demo,4
demo-tournament:004,Ночная охота — 2017,2017-06-03,4,demo:038,31,32,4,False,False,-2001.8,2017,demo,4
demo-tournament:004,Ночная охота — 2017,2017-06-03,4,demo:057,32,32,4,False,False,-2109.9,2017,demo,4
demo-tournament:005,Кубок у водопоя — 2017,2017-06-03,5,demo:014,1,16,4,False,False,3124.8,2017,demo,5
demo-tournament:005,Кубок у водопоя — 2017,2017-06-03,5,demo:022,2,16,4,False,False,1148.9,2017,demo,5
demo-tournament:005,Кубок у водопоя — 2017,2017-06-03,5,demo:009,3,16,4,False,False,1006.2,2017,demo,5
demo-tournament:005,Кубок у водопоя — 2017,2017-06-03,5,demo:079,4,16,4,False,False,906.4,2017,demo,5
demo-tournament:005,Кубок у водопоя — 2017,2017-06-03,5,demo:043,5,16,4,False,False,686.2,2017,demo,5
demo-tournament:005,Кубок у водопоя — 2017,2017-06-03,5,demo:049,6,16,4,False,False,530.2,2017,demo,5
demo-tournament:005,Кубок у водопоя — 2017,2017-06-03,5,demo:104,7,16,4,False,False,379.6,2017,demo,5
demo-tournament:005,Кубок у водопоя — 2017,2017-06-03,5,demo:020,8,16,4,False,False,-157.4,2017,demo,5
demo-tournament:005,Кубок у водопоя — 2017,2017-06-03,5,demo:075,9,16,4,False,False,-665.1,2017,demo,5
demo-tournament:005,Кубок у водопоя — 2017,2017-06-03,5,demo:029,10,16,4,False,False,-864.0,2017,demo,5
demo-tournament:005,Кубок у водопоя — 2017,2017-06-03,5,demo:068,11,16,4,False,False,-1045.8,2017,demo,5
demo-tournament:005,Кубок у водопоя — 2017,2017-06-03,5,demo:048,12,16,4,False,False,-1582.2,2017,demo,5
demo-tournament:005,Кубок у водопоя — 2017,2017-06-03,5,demo:003,13,16,4,False,False,-1845.3,2017,demo,5
demo-tournament:005,Кубок у водопоя — 2017,2017-06-03,5,demo:091,14,16,4,False,False,-1886.3,2017,demo,5
demo-tournament:005,Кубок у водопоя — 2017,2017-06-03,5,demo:093,15,16,4,False,False,-1922.9,2017,demo,5
demo-tournament:005,Кубок у водопоя — 2017,2017-06-03,5,demo:072,16,16,4,False,False,-2122.5,2017,demo,5
demo-tournament:006,Битва за желудь — 2017,2017-06-11,6,demo:014,1,28,7,False,False,2035.6,2017,demo,6
demo-tournament:006,Битва за желудь — 2017,2017-06-11,6,demo:020,2,28,7,False,False,1738.7,2017,demo,6
demo-tournament:006,Битва за желудь — 2017,2017-06-11,6,demo:044,3,28,7,False,False,1627.4,2017,demo,6
demo-tournament:006,Битва за желудь — 2017,2017-06-11,6,demo:096,4,28,7,False,False,1526.7,2017,demo,6
demo-tournament:006,Битва за желудь — 2017,2017-06-11,6,demo:045,5,28,7,False,False,1496.1,2017,demo,6
demo-tournament:006,Битва за желудь — 2017,2017-06-11,6,demo:028,6,28,7,False,False,1320.4,2017,demo,6
demo-tournament:006,Битва за желудь — 2017,2017-06-11,6,demo:022,7,28,7,False,False,898.6,2017,demo,6
demo-tournament:006,Битва за желудь — 2017,2017-06-11,6,demo:082,8,28,7,False,False,872.7,2017,demo,6
demo-tournament:006,Битва за желудь — 2017,2017-06-11,6,demo:067,9,28,7,False,False,861.8,2017,demo,6
demo-tournament:006,Битва за желудь — 2017,2017-06-11,6,demo:009,10,28,7,False,False,395.8,2017,demo,6
demo-tournament:006,Битва за желудь — 2017,2017-06-11,6,demo:060,11,28,7,False,False,353.1,2017,demo,6
demo-tournament:006,Битва за желудь — 2017,2017-06-11,6,demo:059,12,28,7,False,False,346.0,2017,demo,6
demo-tournament:006,Битва за желудь — 2017,2017-06-11,6,demo:070,13,28,7,False,True,341.0,2017,demo,6
demo-tournament:006,Битва за желудь — 2017,2017-06-11,6,demo:079,14,28,7,False,False,216.3,2017,demo,6
demo-tournament:006,Битва за желудь — 2017,2017-06-11,6,demo:006,15,28,7,False,False,206.4,2017,demo,6
demo-tournament:006,Битва за желудь — 2017,2017-06-11,6,demo:068,16,28,7,False,False,170.6,2017,demo,6
demo-tournament:006,Битва за желудь — 2017,2017-06-11,6,demo:071,17,28,7,False,False,141.5,2017,demo,6
demo-tournament:006,Битва за желудь — 2017,2017-06-11,6,demo:093,18,28,7,False,False,-246.9,2017,demo,6
demo-tournament:006,Битва за желудь — 2017,2017-06-11,6,demo:011,19,28,7,False,False,-264.3,2017,demo,6
demo-tournament:006,Битва за желудь — 2017,2017-06-11,6,demo:064,20,28,7,False,False,-596.3,2017,demo,6
demo-tournament:006,Битва за желудь — 2017,2017-06-11,6,demo:003,21,28,7,False,False,-601.8,2017,demo,6
demo-tournament:006,Битва за желудь — 2017,2017-06-11,6,demo:033,22,28,7,False,False,-896.3,2017,demo,6
demo-tournament:006,Битва за желудь — 2017,2017-06-11,6,demo:047,23,28,7,False,False,-918.3,2017,demo,6
demo-tournament:006,Битва за желудь — 2017,2017-06-11,6,demo:048,24,28,7,False,False,-1249.6,2017,demo,6
demo-tournament:006,Битва за желудь — 2017,2017-06-11,6,demo:021,25,28,7,False,False,-1345.7,2017,demo,6
demo-tournament:006,Битва за желудь — 2017,2017-06-11,6,demo:038,26,28,7,False,False,-1397.4,2017,demo,6
demo-tournament:006,Битва за желудь — 2017,2017-06-11,6,demo:023,27,28,7,False,False,-1961.6,2017,demo,6
demo-tournament:006,Битва за желудь — 2017,2017-06-11,6,demo:091,28,28,7,False,False,-2188.8,2017,demo,6
demo-tournament:007,Совиный дозор — 2017,2017-07-08,7,demo:025,1,16,3,False,False,1643.9,2017,demo,7
demo-tournament:007,Совиный дозор — 2017,2017-07-08,7,demo:014,2,16,3,False,False,1351.9,2017,demo,7
demo-tournament:007,Совиный дозор — 2017,2017-07-08,7,demo:074,3,16,3,False,False,1345.2,2017,demo,7
demo-tournament:007,Совиный дозор — 2017,2017-07-08,7,demo:022,4,16,3,False,False,927.9,2017,demo,7
demo-tournament:007,Совиный дозор — 2017,2017-07-08,7,demo:020,5,16,3,False,False,891.5,2017,demo,7
demo-tournament:007,Совиный дозор — 2017,2017-07-08,7,demo:057,6,16,3,False,False,590.7,2017,demo,7
demo-tournament:007,Совиный дозор — 2017,2017-07-08,7,demo:099,7,16,3,False,False,173.6,2017,demo,7
demo-tournament:007,Совиный дозор — 2017,2017-07-08,7,demo:042,8,16,3,False,False,-101.6,2017,demo,7
demo-tournament:007,Совиный дозор — 2017,2017-07-08,7,demo:062,9,16,3,False,False,-723.6,2017,demo,7
demo-tournament:007,Совиный дозор — 2017,2017-07-08,7,demo:065,10,16,3,False,False,-1183.5,2017,demo,7
demo-tournament:007,Совиный дозор — 2017,2017-07-08,7,demo:086,11,16,3,False,False,-1316.2,2017,demo,7
demo-tournament:007,Совиный дозор — 2017,2017-07-08,7,demo:008,12,16,3,False,False,-1472.7,2017,demo,7
demo-tournament:007,Совиный дозор — 2017,2017-07-08,7,demo:095,13,16,3,False,False,-1975.2,2017,demo,7
demo-tournament:007,Совиный дозор — 2017,2017-07-08,7,demo:003,14,16,3,False,False,-1997.9,2017,demo,7
demo-tournament:007,Совиный дозор — 2017,2017-07-08,7,demo:023,15,16,3,False,False,-2211.1,2017,demo,7
demo-tournament:007,Совиный дозор — 2017,2017-07-08,7,demo:048,16,16,3,False,False,-2919.7,2017,demo,7
demo-tournament:008,Лига барсуков — 2017,2017-07-30,8,demo:082,1,24,8,False,False,3256.7,2017,demo,8
demo-tournament:008,Лига барсуков — 2017,2017-07-30,8,demo:105,2,24,8,False,False,3190.3,2017,demo,8
demo-tournament:008,Лига барсуков — 2017,2017-07-30,8,demo:014,3,24,8,False,False,1828.6,2017,demo,8
demo-tournament:008,Лига барсуков — 2017,2017-07-30,8,demo:009,4,24,8,False,False,1727.2,2017,demo,8
demo-tournament:008,Лига барсуков — 2017,2017-07-30,8,demo:006,5,24,8,False,False,1284.0,2017,demo,8
demo-tournament:008,Лига барсуков — 2017,2017-07-30,8,demo:016,6,24,8,False,False,624.9,2017,demo,8
demo-tournament:008,Лига барсуков — 2017,2017-07-30,8,demo:041,7,24,8,False,False,603.7,2017,demo,8
demo-tournament:008,Лига барсуков — 2017,2017-07-30,8,demo:049,8,24,8,False,False,465.4,2017,demo,8
demo-tournament:008,Лига барсуков — 2017,2017-07-30,8,demo:029,9,24,8,False,False,198.2,2017,demo,8
demo-tournament:008,Лига барсуков — 2017,2017-07-30,8,demo:021,10,24,8,False,False,41.0,2017,demo,8
demo-tournament:008,Лига барсуков — 2017,2017-07-30,8,demo:075,11,24,8,False,False,-29.7,2017,demo,8
demo-tournament:008,Лига барсуков — 2017,2017-07-30,8,demo:008,12,24,8,False,False,-369.2,2017,demo,8
demo-tournament:008,Лига барсуков — 2017,2017-07-30,8,demo:057,13,24,8,False,False,-450.3,2017,demo,8
demo-tournament:008,Лига барсуков — 2017,2017-07-30,8,demo:043,14,24,8,False,False,-496.3,2017,demo,8
demo-tournament:008,Лига барсуков — 2017,2017-07-30,8,demo:080,15,24,8,False,False,-581.0,2017,demo,8
demo-tournament:008,Лига барсуков — 2017,2017-07-30,8,demo:059,16,24,8,False,False,-803.7,2017,demo,8
demo-tournament:008,Лига барсуков — 2017,2017-07-30,8,demo:076,17,24,8,False,False,-1101.1,2017,demo,8
demo-tournament:008,Лига барсуков — 2017,2017-07-30,8,demo:034,18,24,8,False,False,-1293.4,2017,demo,8
demo-tournament:008,Лига барсуков — 2017,2017-07-30,8,demo:086,19,24,8,False,False,-1399.8,2017,demo,8
demo-tournament:008,Лига барсуков — 2017,2017-07-30,8,demo:023,20,24,8,False,False,-1427.6,2017,demo,8
demo-tournament:008,Лига барсуков — 2017,2017-07-30,8,demo:047,21,24,8,False,False,-1565.7,2017,demo,8
demo-tournament:008,Лига барсуков — 2017,2017-07-30,8,demo:061,22,24,8,False,False,-1663.2,2017,demo,8
demo-tournament:008,Лига барсуков — 2017,2017-07-30,8,demo:038,23,24,8,False,False,-1896.3,2017,demo,8
demo-tournament:008,Лига барсуков — 2017,2017-07-30,8,demo:091,24,24,8,False,False,-2018.0,2017,demo,8
demo-tournament:009,Хвосты и лапы — 2017,2017-09-17,9,demo:083,1,20,4,False,False,1870.0,2017,demo,9
demo-tournament:009,Хвосты и лапы — 2017,2017-09-17,9,demo:022,2,20,4,False,False,1471.5,2017,demo,9
demo-tournament:009,Хвосты и лапы — 2017,2017-09-17,9,demo:016,3,20,4,False,False,1422.5,2017,demo,9
demo-tournament:009,Хвосты и лапы — 2017,2017-09-17,9,demo:014,4,20,4,False,False,931.5,2017,demo,9
demo-tournament:009,Хвосты и лапы — 2017,2017-09-17,9,demo:045,5,20,4,False,False,835.0,2017,demo,9
demo-tournament:009,Хвосты и лапы — 2017,2017-09-17,9,demo:066,6,20,4,False,False,791.8,2017,demo,9
demo-tournament:009,Хвосты и лапы — 2017,2017-09-17,9,demo:092,7,20,4,False,False,662.7,2017,demo,9
demo-tournament:009,Хвосты и лапы — 2017,2017-09-17,9,demo:017,8,20,4,False,False,281.5,2017,demo,9
demo-tournament:009,Хвосты и лапы — 2017,2017-09-17,9,demo:053,9,20,4,False,False,118.4,2017,demo,9
demo-tournament:009,Хвосты и лапы — 2017,2017-09-17,9,demo:028,10,20,4,False,False,-5.4,2017,demo,9
demo-tournament:009,Хвосты и лапы — 2017,2017-09-17,9,demo:070,11,20,4,False,False,-66.5,2017,demo,9
demo-tournament:009,Хвосты и лапы — 2017,2017-09-17,9,demo:042,12,20,4,False,False,-98.8,2017,demo,9
demo-tournament:009,Хвосты и лапы — 2017,2017-09-17,9,demo:057,13,20,4,False,False,-359.2,2017,demo,9
demo-tournament:009,Хвосты и лапы — 2017,2017-09-17,9,demo:064,14,20,4,False,False,-402.2,2017,demo,9
demo-tournament:009,Хвосты и лапы — 2017,2017-09-17,9,demo:049,15,20,4,False,False,-642.9,2017,demo,9
demo-tournament:009,Хвосты и лапы — 2017,2017-09-17,9,demo:094,16,20,4,False,False,-845.2,2017,demo,9
demo-tournament:009,Хвосты и лапы — 2017,2017-09-17,9,demo:075,17,20,4,False,False,-1021.2,2017,demo,9
demo-tournament:009,Хвосты и лапы — 2017,2017-09-17,9,demo:003,18,20,4,False,False,-1135.7,2017,demo,9
demo-tournament:009,Хвосты и лапы — 2017,2017-09-17,9,demo:048,19,20,4,False,False,-1886.5,2017,demo,9
demo-tournament:009,Хвосты и лапы — 2017,2017-09-17,9,demo:047,20,20,4,False,False,-1994.3,2017,demo,9
demo-tournament:010,Тропа капибары — 2017,2017-10-01,10,demo:014,1,40,4,False,False,3967.2,2017,demo,10
demo-tournament:010,Тропа капибары — 2017,2017-10-01,10,demo:028,2,40,4,False,False,2063.4,2017,demo,10
demo-tournament:010,Тропа капибары — 2017,2017-10-01,10,demo:017,3,40,4,False,False,1740.8,2017,demo,10
demo-tournament:010,Тропа капибары — 2017,2017-10-01,10,demo:015,4,40,4,False,False,1621.7,2017,demo,10
demo-tournament:010,Тропа капибары — 2017,2017-10-01,10,demo:002,5,40,4,False,False,1137.0,2017,demo,10
demo-tournament:010,Тропа капибары — 2017,2017-10-01,10,demo:026,6,40,4,False,False,902.4,2017,demo,10
demo-tournament:010,Тропа капибары — 2017,2017-10-01,10,demo:044,7,40,4,False,False,640.3,2017,demo,10
demo-tournament:010,Тропа капибары — 2017,2017-10-01,10,demo:020,8,40,4,False,False,556.9,2017,demo,10
demo-tournament:010,Тропа капибары — 2017,2017-10-01,10,demo:022,9,40,4,False,True,363.1,2017,demo,10
demo-tournament:010,Тропа капибары — 2017,2017-10-01,10,demo:072,10,40,4,False,False,355.8,2017,demo,10
demo-tournament:010,Тропа капибары — 2017,2017-10-01,10,demo:081,11,40,4,False,False,329.8,2017,demo,10
demo-tournament:010,Тропа капибары — 2017,2017-10-01,10,demo:019,12,40,4,False,False,73.4,2017,demo,10
demo-tournament:010,Тропа капибары — 2017,2017-10-01,10,demo:041,13,40,4,False,False,56.4,2017,demo,10
demo-tournament:010,Тропа капибары — 2017,2017-10-01,10,demo:006,14,40,4,False,False,38.8,2017,demo,10
demo-tournament:010,Тропа капибары — 2017,2017-10-01,10,demo:090,15,40,4,False,False,23.9,2017,demo,10
demo-tournament:010,Тропа капибары — 2017,2017-10-01,10,demo:011,16,40,4,False,False,-23.1,2017,demo,10
demo-tournament:010,Тропа капибары — 2017,2017-10-01,10,demo:016,17,40,4,False,False,-25.8,2017,demo,10
demo-tournament:010,Тропа капибары — 2017,2017-10-01,10,demo:045,18,40,4,False,False,-124.5,2017,demo,10
demo-tournament:010,Тропа капибары — 2017,2017-10-01,10,demo:049,19,40,4,False,False,-229.7,2017,demo,10
demo-tournament:010,Тропа капибары — 2017,2017-10-01,10,demo:048,20,40,4,False,False,-274.8,2017,demo,10
demo-tournament:010,Тропа капибары — 2017,2017-10-01,10,demo:021,21,40,4,False,False,-281.6,2017,demo,10
demo-tournament:010,Тропа капибары — 2017,2017-10-01,10,demo:083,22,40,4,False,False,-310.8,2017,demo,10
demo-tournament:010,Тропа капибары — 2017,2017-10-01,10,demo:001,23,40,4,False,False,-310.8,2017,demo,10
demo-tournament:010,Тропа капибары — 2017,2017-10-01,10,demo:052,24,40,4,False,False,-381.0,2017,demo,10
demo-tournament:010,Тропа капибары — 2017,2017-10-01,10,demo:053,25,40,4,False,False,-446.1,2017,demo,10
demo-tournament:010,Тропа капибары — 2017,2017-10-01,10,demo:029,26,40,4,False,False,-457.6,2017,demo,10
demo-tournament:010,Тропа капибары — 2017,2017-10-01,10,demo:102,27,40,4,False,False,-498.1,2017,demo,10
demo-tournament:010,Тропа капибары — 2017,2017-10-01,10,demo:034,28,40,4,False,False,-578.4,2017,demo,10
demo-tournament:010,Тропа капибары — 2017,2017-10-01,10,demo:082,29,40,4,False,False,-609.9,2017,demo,10
demo-tournament:010,Тропа капибары — 2017,2017-10-01,10,demo:008,30,40,4,False,False,-699.4,2017,demo,10
demo-tournament:010,Тропа капибары — 2017,2017-10-01,10,demo:057,31,40,4,False,False,-788.6,2017,demo,10
demo-tournament:010,Тропа капибары — 2017,2017-10-01,10,demo:092,32,40,4,False,False,-883.6,2017,demo,10
demo-tournament:010,Тропа капибары — 2017,2017-10-01,10,demo:077,33,40,4,False,False,-1122.9,2017,demo,10
demo-tournament:010,Тропа капибары — 2017,2017-10-01,10,demo:047,34,40,4,False,False,-1191.5,2017,demo,10
demo-tournament:010,Тропа капибары — 2017,2017-10-01,10,demo:009,35,40,4,False,False,-1273.7,2017,demo,10
demo-tournament:010,Тропа капибары — 2017,2017-10-01,10,demo:025,36,40,4,False,False,-1322.5,2017,demo,10
demo-tournament:010,Тропа капибары — 2017,2017-10-01,10,demo:060,37,40,4,False,False,-1360.5,2017,demo,10
demo-tournament:010,Тропа капибары — 2017,2017-10-01,10,demo:003,38,40,4,False,False,-1402.2,2017,demo,10
demo-tournament:010,Тропа капибары — 2017,2017-10-01,10,demo:054,39,40,4,False,False,-2004.3,2017,demo,10
demo-tournament:010,Тропа капибары — 2017,2017-10-01,10,demo:038,40,40,4,False,False,-2213.2,2017,demo,10
demo-tournament:011,Лисья нора — 2017,2017-10-07,11,demo:080,1,16,4,False,False,1242.0,2017,demo,11
demo-tournament:011,Лисья нора — 2017,2017-10-07,11,demo:028,2,16,4,False,False,893.8,2017,demo,11
demo-tournament:011,Лисья нора — 2017,2017-10-07,11,demo:041,3,16,4,False,False,474.3,2017,demo,11
demo-tournament:011,Лисья нора — 2017,2017-10-07,11,demo:094,4,16,4,False,False,443.3,2017,demo,11
demo-tournament:011,Лисья нора — 2017,2017-10-07,11,demo:034,5,16,4,False,False,203.5,2017,demo,11
demo-tournament:011,Лисья нора — 2017,2017-10-07,11,demo:103,6,16,4,False,False,199.1,2017,demo,11
demo-tournament:011,Лисья нора — 2017,2017-10-07,11,demo:084,7,16,4,False,False,196.9,2017,demo,11
demo-tournament:011,Лисья нора — 2017,2017-10-07,11,demo:073,8,16,4,False,False,108.3,2017,demo,11
demo-tournament:011,Лисья нора — 2017,2017-10-07,11,demo:003,9,16,4,False,False,-22.9,2017,demo,11
demo-tournament:011,Лисья нора — 2017,2017-10-07,11,demo:014,10,16,4,False,False,-167.1,2017,demo,11
demo-tournament:011,Лисья нора — 2017,2017-10-07,11,demo:009,11,16,4,False,False,-216.2,2017,demo,11
demo-tournament:011,Лисья нора — 2017,2017-10-07,11,demo:008,12,16,4,False,False,-386.3,2017,demo,11
demo-tournament:011,Лисья нора — 2017,2017-10-07,11,demo:064,13,16,4,False,False,-834.9,2017,demo,11
demo-tournament:011,Лисья нора — 2017,2017-10-07,11,demo:025,14,16,4,False,False,-968.2,2017,demo,11
demo-tournament:011,Лисья нора — 2017,2017-10-07,11,demo:048,15,16,4,False,False,-1288.1,2017,demo,11
demo-tournament:011,Лисья нора — 2017,2017-10-07,11,demo:038,16,16,4,False,False,-1780.5,2017,demo,11
demo-tournament:012,Панда-пати — 2017,2017-11-26,12,demo:002,1,16,6,False,False,1800.5,2017,demo,12
demo-tournament:012,Панда-пати — 2017,2017-11-26,12,demo:041,2,16,6,False,False,1263.4,2017,demo,12
demo-tournament:012,Панда-пати — 2017,2017-11-26,12,demo:083,3,16,6,False,False,1095.0,2017,demo,12
demo-tournament:012,Панда-пати — 2017,2017-11-26,12,demo:028,4,16,6,False,False,765.8,2017,demo,12
demo-tournament:012,Панда-пати — 2017,2017-11-26,12,demo:009,5,16,6,False,False,761.0,2017,demo,12
demo-tournament:012,Панда-пати — 2017,2017-11-26,12,demo:014,6,16,6,False,False,651.7,2017,demo,12
demo-tournament:012,Панда-пати — 2017,2017-11-26,12,demo:087,7,16,6,False,False,575.2,2017,demo,12
demo-tournament:012,Панда-пати — 2017,2017-11-26,12,demo:006,8,16,6,False,False,370.0,2017,demo,12
demo-tournament:012,Панда-пати — 2017,2017-11-26,12,demo:048,9,16,6,False,False,317.1,2017,demo,12
demo-tournament:012,Панда-пати — 2017,2017-11-26,12,demo:089,10,16,6,False,False,253.3,2017,demo,12
demo-tournament:012,Панда-пати — 2017,2017-11-26,12,demo:022,11,16,6,False,False,122.3,2017,demo,12
demo-tournament:012,Панда-пати — 2017,2017-11-26,12,demo:066,12,16,6,False,False,-143.6,2017,demo,12
demo-tournament:012,Панда-пати — 2017,2017-11-26,12,demo:094,13,16,6,False,False,-326.6,2017,demo,12
demo-tournament:012,Панда-пати — 2017,2017-11-26,12,demo:025,14,16,6,False,False,-369.5,2017,demo,12
demo-tournament:012,Панда-пати — 2017,2017-11-26,12,demo:098,15,16,6,False,False,-837.2,2017,demo,12
demo-tournament:012,Панда-пати — 2017,2017-11-26,12,demo:047,16,16,6,False,False,-1867.1,2017,demo,12
demo-tournament:013,Турнир тихой заводи — 2018,2018-01-05,13,demo:080,1,16,4,False,False,1931.7,2018,demo,13
demo-tournament:013,Турнир тихой заводи — 2018,2018-01-05,13,demo:011,2,16,4,False,False,1454.5,2018,demo,13
demo-tournament:013,Турнир тихой заводи — 2018,2018-01-05,13,demo:090,3,16,4,False,False,1139.6,2018,demo,13
demo-tournament:013,Турнир тихой заводи — 2018,2018-01-05,13,demo:044,4,16,4,False,False,1097.9,2018,demo,13
demo-tournament:013,Турнир тихой заводи — 2018,2018-01-05,13,demo:020,5,16,4,False,False,1054.1,2018,demo,13
demo-tournament:013,Турнир тихой заводи — 2018,2018-01-05,13,demo:079,6,16,4,False,False,935.7,2018,demo,13
demo-tournament:013,Турнир тихой заводи — 2018,2018-01-05,13,demo:009,7,16,4,False,False,808.4,2018,demo,13
demo-tournament:013,Турнир тихой заводи — 2018,2018-01-05,13,demo:078,8,16,4,False,False,739.4,2018,demo,13
demo-tournament:013,Турнир тихой заводи — 2018,2018-01-05,13,demo:096,9,16,4,False,False,737.2,2018,demo,13
demo-tournament:013,Турнир тихой заводи — 2018,2018-01-05,13,demo:014,10,16,4,False,False,647.3,2018,demo,13
demo-tournament:013,Турнир тихой заводи — 2018,2018-01-05,13,demo:002,11,16,4,False,False,428.4,2018,demo,13
demo-tournament:013,Турнир тихой заводи — 2018,2018-01-05,13,demo:034,12,16,4,False,False,236.2,2018,demo,13
demo-tournament:013,Турнир тихой заводи — 2018,2018-01-05,13,demo:006,13,16,4,False,False,61.2,2018,demo,13
demo-tournament:013,Турнир тихой заводи — 2018,2018-01-05,13,demo:003,14,16,4,False,False,-100.3,2018,demo,13
demo-tournament:013,Турнир тихой заводи — 2018,2018-01-05,13,demo:057,15,16,4,False,False,-1240.8,2018,demo,13
demo-tournament:013,Турнир тихой заводи — 2018,2018-01-05,13,demo:053,16,16,4,False,False,-1957.3,2018,demo,13
demo-tournament:014,Кубок полосатого хвоста — 2018,2018-01-05,14,demo:028,1,32,7,False,False,2127.3,2018,demo,14
demo-tournament:014,Кубок полосатого хвоста — 2018,2018-01-05,14,demo:020,2,32,7,False,False,2116.7,2018,demo,14
demo-tournament:014,Кубок полосатого хвоста — 2018,2018-01-05,14,demo:014,3,32,7,False,False,1988.1,2018,demo,14
demo-tournament:014,Кубок полосатого хвоста — 2018,2018-01-05,14,demo:098,4,32,7,False,False,1735.5,2018,demo,14
demo-tournament:014,Кубок полосатого хвоста — 2018,2018-01-05,14,demo:042,5,32,7,False,False,1497.1,2018,demo,14
demo-tournament:014,Кубок полосатого хвоста — 2018,2018-01-05,14,demo:015,6,32,7,False,False,1136.7,2018,demo,14
demo-tournament:014,Кубок полосатого хвоста — 2018,2018-01-05,14,demo:078,7,32,7,False,False,989.7,2018,demo,14
demo-tournament:014,Кубок полосатого хвоста — 2018,2018-01-05,14,demo:021,8,32,7,False,False,741.7,2018,demo,14
demo-tournament:014,Кубок полосатого хвоста — 2018,2018-01-05,14,demo:034,9,32,7,False,False,737.0,2018,demo,14
demo-tournament:014,Кубок полосатого хвоста — 2018,2018-01-05,14,demo:076,10,32,7,False,False,656.3,2018,demo,14
demo-tournament:014,Кубок полосатого хвоста — 2018,2018-01-05,14,demo:009,11,32,7,False,False,334.9,2018,demo,14
demo-tournament:014,Кубок полосатого хвоста — 2018,2018-01-05,14,demo:044,12,32,7,False,False,209.2,2018,demo,14
demo-tournament:014,Кубок полосатого хвоста — 2018,2018-01-05,14,demo:041,13,32,7,False,False,154.0,2018,demo,14
demo-tournament:014,Кубок полосатого хвоста — 2018,2018-01-05,14,demo:029,14,32,7,False,False,147.3,2018,demo,14
demo-tournament:014,Кубок полосатого хвоста — 2018,2018-01-05,14,demo:071,15,32,7,False,False,136.6,2018,demo,14
demo-tournament:014,Кубок полосатого хвоста — 2018,2018-01-05,14,demo:085,16,32,7,False,False,77.8,2018,demo,14
demo-tournament:014,Кубок полосатого хвоста — 2018,2018-01-05,14,demo:019,17,32,7,False,False,11.6,2018,demo,14
demo-tournament:014,Кубок полосатого хвоста — 2018,2018-01-05,14,demo:026,18,32,7,False,False,-348.4,2018,demo,14
demo-tournament:014,Кубок полосатого хвоста — 2018,2018-01-05,14,demo:067,19,32,7,False,False,-370.3,2018,demo,14
demo-tournament:014,Кубок полосатого хвоста — 2018,2018-01-05,14,demo:048,20,32,7,False,False,-521.1,2018,demo,14
demo-tournament:014,Кубок полосатого хвоста — 2018,2018-01-05,14,demo:006,21,32,7,False,False,-599.7,2018,demo,14
demo-tournament:014,Кубок полосатого хвоста — 2018,2018-01-05,14,demo:060,22,32,7,False,False,-805.4,2018,demo,14
demo-tournament:014,Кубок полосатого хвоста — 2018,2018-01-05,14,demo:080,23,32,7,False,False,-968.3,2018,demo,14
demo-tournament:014,Кубок полосатого хвоста — 2018,2018-01-05,14,demo:086,24,32,7,False,False,-990.6,2018,demo,14
demo-tournament:014,Кубок полосатого хвоста — 2018,2018-01-05,14,demo:057,25,32,7,False,False,-1025.8,2018,demo,14
demo-tournament:014,Кубок полосатого хвоста — 2018,2018-01-05,14,demo:008,26,32,7,False,False,-1134.9,2018,demo,14
demo-tournament:014,Кубок полосатого хвоста — 2018,2018-01-05,14,demo:038,27,32,7,False,False,-1445.4,2018,demo,14
demo-tournament:014,Кубок полосатого хвоста — 2018,2018-01-05,14,demo:003,28,32,7,False,False,-1497.4,2018,demo,14
demo-tournament:014,Кубок полосатого хвоста — 2018,2018-01-05,14,demo:047,29,32,7,False,True,-1606.4,2018,demo,14
demo-tournament:014,Кубок полосатого хвоста — 2018,2018-01-05,14,demo:032,30,32,7,False,False,-2293.4,2018,demo,14
demo-tournament:014,Кубок полосатого хвоста — 2018,2018-01-05,14,demo:023,31,32,7,False,False,-2997.7,2018,demo,14
demo-tournament:014,Кубок полосатого хвоста — 2018,2018-01-05,14,demo:061,32,32,7,False,False,-3654.1,2018,demo,14
demo-tournament:015,Сезон охоты за шишками — 2018,2018-01-21,15,demo:041,1,20,4,False,False,2047.2,2018,demo,15
demo-tournament:015,Сезон охоты за шишками — 2018,2018-01-21,15,demo:044,2,20,4,False,False,1400.3,2018,demo,15
demo-tournament:015,Сезон охоты за шишками — 2018,2018-01-21,15,demo:089,3,20,4,False,False,1101.7,2018,demo,15
demo-tournament:015,Сезон охоты за шишками — 2018,2018-01-21,15,demo:017,4,20,4,False,False,929.2,2018,demo,15
demo-tournament:015,Сезон охоты за шишками — 2018,2018-01-21,15,demo:057,5,20,4,False,False,689.0,2018,demo,15
demo-tournament:015,Сезон охоты за шишками — 2018,2018-01-21,15,demo:014,6,20,4,False,False,593.4,2018,demo,15
demo-tournament:015,Сезон охоты за шишками — 2018,2018-01-21,15,demo:078,7,20,4,False,False,499.7,2018,demo,15
demo-tournament:015,Сезон охоты за шишками — 2018,2018-01-21,15,demo:020,8,20,4,False,False,401.8,2018,demo,15
demo-tournament:015,Сезон охоты за шишками — 2018,2018-01-21,15,demo:065,9,20,4,False,False,142.9,2018,demo,15
demo-tournament:015,Сезон охоты за шишками — 2018,2018-01-21,15,demo:062,10,20,4,False,False,-72.2,2018,demo,15
demo-tournament:015,Сезон охоты за шишками — 2018,2018-01-21,15,demo:008,11,20,4,False,False,-472.2,2018,demo,15
demo-tournament:015,Сезон охоты за шишками — 2018,2018-01-21,15,demo:053,12,20,4,False,False,-484.1,2018,demo,15
demo-tournament:015,Сезон охоты за шишками — 2018,2018-01-21,15,demo:019,13,20,4,False,False,-536.3,2018,demo,15
demo-tournament:015,Сезон охоты за шишками — 2018,2018-01-21,15,demo:011,14,20,4,False,False,-569.4,2018,demo,15
demo-tournament:015,Сезон охоты за шишками — 2018,2018-01-21,15,demo:038,15,20,4,False,False,-1053.9,2018,demo,15
demo-tournament:015,Сезон охоты за шишками — 2018,2018-01-21,15,demo:085,16,20,4,False,False,-1075.5,2018,demo,15
demo-tournament:015,Сезон охоты за шишками — 2018,2018-01-21,15,demo:048,17,20,4,False,False,-1175.4,2018,demo,15
demo-tournament:015,Сезон охоты за шишками — 2018,2018-01-21,15,demo:054,18,20,4,False,False,-1181.8,2018,demo,15
demo-tournament:015,Сезон охоты за шишками — 2018,2018-01-21,15,demo:043,19,20,4,False,False,-1395.0,2018,demo,15
demo-tournament:015,Сезон охоты за шишками — 2018,2018-01-21,15,demo:023,20,20,4,False,False,-2383.3,2018,demo,15
demo-tournament:016,Великий перелёт — 2018,2018-02-17,16,demo:082,1,28,5,False,False,1846.0,2018,demo,16
demo-tournament:016,Великий перелёт — 2018,2018-02-17,16,demo:014,2,28,5,False,False,1045.9,2018,demo,16
demo-tournament:016,Великий перелёт — 2018,2018-02-17,16,demo:028,3,28,5,False,False,984.6,2018,demo,16
demo-tournament:016,Великий перелёт — 2018,2018-02-17,16,demo:006,4,28,5,False,False,587.5,2018,demo,16
demo-tournament:016,Великий перелёт — 2018,2018-02-17,16,demo:068,5,28,5,False,False,534.5,2018,demo,16
demo-tournament:016,Великий перелёт — 2018,2018-02-17,16,demo:042,6,28,5,False,False,448.3,2018,demo,16
demo-tournament:016,Великий перелёт — 2018,2018-02-17,16,demo:062,7,28,5,False,False,50.1,2018,demo,16
demo-tournament:016,Великий перелёт — 2018,2018-02-17,16,demo:034,8,28,5,False,False,43.0,2018,demo,16
demo-tournament:016,Великий перелёт — 2018,2018-02-17,16,demo:089,9,28,5,False,False,14.4,2018,demo,16
demo-tournament:016,Великий перелёт — 2018,2018-02-17,16,demo:001,10,28,5,False,False,-65.5,2018,demo,16
demo-tournament:016,Великий перелёт — 2018,2018-02-17,16,demo:060,11,28,5,False,False,-67.7,2018,demo,16
demo-tournament:016,Великий перелёт — 2018,2018-02-17,16,demo:021,12,28,5,False,False,-170.3,2018,demo,16
demo-tournament:016,Великий перелёт — 2018,2018-02-17,16,demo:073,13,28,5,False,False,-232.0,2018,demo,16
demo-tournament:016,Великий перелёт — 2018,2018-02-17,16,demo:067,14,28,5,False,False,-279.6,2018,demo,16
demo-tournament:016,Великий перелёт — 2018,2018-02-17,16,demo:077,15,28,5,False,False,-283.3,2018,demo,16
demo-tournament:016,Великий перелёт — 2018,2018-02-17,16,demo:049,16,28,5,False,False,-300.7,2018,demo,16
demo-tournament:016,Великий перелёт — 2018,2018-02-17,16,demo:020,17,28,5,False,False,-318.6,2018,demo,16
demo-tournament:016,Великий перелёт — 2018,2018-02-17,16,demo:041,18,28,5,False,False,-350.0,2018,demo,16
demo-tournament:016,Великий перелёт — 2018,2018-02-17,16,demo:029,19,28,5,False,False,-390.5,2018,demo,16
demo-tournament:016,Великий перелёт — 2018,2018-02-17,16,demo:009,20,28,5,False,False,-586.1,2018,demo,16
demo-tournament:016,Великий перелёт — 2018,2018-02-17,16,demo:025,21,28,5,False,False,-717.3,2018,demo,16
demo-tournament:016,Великий перелёт — 2018,2018-02-17,16,demo:057,22,28,5,False,False,-828.6,2018,demo,16
demo-tournament:016,Великий перелёт — 2018,2018-02-17,16,demo:043,23,28,5,False,False,-951.4,2018,demo,16
demo-tournament:016,Великий перелёт — 2018,2018-02-17,16,demo:026,24,28,5,False,False,-1009.2,2018,demo,16
demo-tournament:016,Великий перелёт — 2018,2018-02-17,16,demo:038,25,28,5,False,False,-1036.1,2018,demo,16
demo-tournament:016,Великий перелёт — 2018,2018-02-17,16,demo:048,26,28,5,False,False,-1094.4,2018,demo,16
demo-tournament:016,Великий перелёт — 2018,2018-02-17,16,demo:023,27,28,5,False,False,-1831.9,2018,demo,16
demo-tournament:016,Великий перелёт — 2018,2018-02-17,16,demo:008,28,28,5,False,False,-2439.6,2018,demo,16
demo-tournament:017,Речной переполох — 2018,2018-03-04,17,demo:014,1,32,10,False,False,2823.9,2018,demo,17
demo-tournament:017,Речной переполох — 2018,2018-03-04,17,demo:020,2,32,10,False,False,1991.5,2018,demo,17
demo-tournament:017,Речной переполох — 2018,2018-03-04,17,demo:022,3,32,10,False,False,1893.6,2018,demo,17
demo-tournament:017,Речной переполох — 2018,2018-03-04,17,demo:033,4,32,10,False,False,1242.9,2018,demo,17
demo-tournament:017,Речной переполох — 2018,2018-03-04,17,demo:087,5,32,10,False,False,1067.0,2018,demo,17
demo-tournament:017,Речной переполох — 2018,2018-03-04,17,demo:006,6,32,10,False,False,1050.7,2018,demo,17
demo-tournament:017,Речной переполох — 2018,2018-03-04,17,demo:042,7,32,10,False,False,799.3,2018,demo,17
demo-tournament:017,Речной переполох — 2018,2018-03-04,17,demo:043,8,32,10,False,False,710.5,2018,demo,17
demo-tournament:017,Речной переполох — 2018,2018-03-04,17,demo:104,9,32,10,False,False,673.6,2018,demo,17
demo-tournament:017,Речной переполох — 2018,2018-03-04,17,demo:068,10,32,10,False,False,568.0,2018,demo,17
demo-tournament:017,Речной переполох — 2018,2018-03-04,17,demo:057,11,32,10,False,False,535.6,2018,demo,17
demo-tournament:017,Речной переполох — 2018,2018-03-04,17,demo:015,12,32,10,False,False,530.9,2018,demo,17
demo-tournament:017,Речной переполох — 2018,2018-03-04,17,demo:016,13,32,10,False,False,509.3,2018,demo,17
demo-tournament:017,Речной переполох — 2018,2018-03-04,17,demo:025,14,32,10,False,False,179.3,2018,demo,17
demo-tournament:017,Речной переполох — 2018,2018-03-04,17,demo:019,15,32,10,False,False,104.1,2018,demo,17
demo-tournament:017,Речной переполох — 2018,2018-03-04,17,demo:088,16,32,10,False,False,-40.5,2018,demo,17
demo-tournament:017,Речной переполох — 2018,2018-03-04,17,demo:009,17,32,10,False,False,-46.2,2018,demo,17
demo-tournament:017,Речной переполох — 2018,2018-03-04,17,demo:072,18,32,10,False,False,-117.2,2018,demo,17
demo-tournament:017,Речной переполох — 2018,2018-03-04,17,demo:071,19,32,10,False,False,-307.5,2018,demo,17
demo-tournament:017,Речной переполох — 2018,2018-03-04,17,demo:032,20,32,10,False,False,-480.7,2018,demo,17
demo-tournament:017,Речной переполох — 2018,2018-03-04,17,demo:096,21,32,10,False,False,-523.9,2018,demo,17
demo-tournament:017,Речной переполох — 2018,2018-03-04,17,demo:029,22,32,10,False,False,-552.3,2018,demo,17
demo-tournament:017,Речной переполох — 2018,2018-03-04,17,demo:086,23,32,10,False,False,-566.7,2018,demo,17
demo-tournament:017,Речной переполох — 2018,2018-03-04,17,demo:049,24,32,10,False,False,-675.7,2018,demo,17
demo-tournament:017,Речной переполох — 2018,2018-03-04,17,demo:048,25,32,10,False,False,-763.3,2018,demo,17
demo-tournament:017,Речной переполох — 2018,2018-03-04,17,demo:034,26,32,10,False,False,-796.1,2018,demo,17
demo-tournament:017,Речной переполох — 2018,2018-03-04,17,demo:046,27,32,10,False,False,-817.2,2018,demo,17
demo-tournament:017,Речной переполох — 2018,2018-03-04,17,demo:038,28,32,10,False,False,-941.8,2018,demo,17
demo-tournament:017,Речной переполох — 2018,2018-03-04,17,demo:083,29,32,10,False,False,-975.5,2018,demo,17
demo-tournament:017,Речной переполох — 2018,2018-03-04,17,demo:008,30,32,10,False,False,-1000.4,2018,demo,17
demo-tournament:017,Речной переполох — 2018,2018-03-04,17,demo:080,31,32,10,False,False,-1088.9,2018,demo,17
demo-tournament:017,Речной переполох — 2018,2018-03-04,17,demo:003,32,32,10,False,False,-1846.0,2018,demo,17
demo-tournament:018,Собрание у старого дуба — 2018,2018-04-22,18,demo:034,1,16,4,False,False,1483.7,2018,demo,18
demo-tournament:018,Собрание у старого дуба — 2018,2018-04-22,18,demo:014,2,16,4,False,False,1469.2,2018,demo,18
demo-tournament:018,Собрание у старого дуба — 2018,2018-04-22,18,demo:049,3,16,4,False,False,1438.2,2018,demo,18
demo-tournament:018,Собрание у старого дуба — 2018,2018-04-22,18,demo:008,4,16,4,False,False,1344.2,2018,demo,18
demo-tournament:018,Собрание у старого дуба — 2018,2018-04-22,18,demo:028,5,16,4,False,False,1064.0,2018,demo,18
demo-tournament:018,Собрание у старого дуба — 2018,2018-04-22,18,demo:088,6,16,4,False,False,980.4,2018,demo,18
demo-tournament:018,Собрание у старого дуба — 2018,2018-04-22,18,demo:020,7,16,4,False,False,693.8,2018,demo,18
demo-tournament:018,Собрание у старого дуба — 2018,2018-04-22,18,demo:098,8,16,4,False,False,680.3,2018,demo,18
demo-tournament:018,Собрание у старого дуба — 2018,2018-04-22,18,demo:074,9,16,4,False,False,368.8,2018,demo,18
demo-tournament:018,Собрание у старого дуба — 2018,2018-04-22,18,demo:006,10,16,4,False,False,20.4,2018,demo,18
demo-tournament:018,Собрание у старого дуба — 2018,2018-04-22,18,demo:009,11,16,4,False,False,-431.4,2018,demo,18
demo-tournament:018,Собрание у старого дуба — 2018,2018-04-22,18,demo:089,12,16,4,False,False,-708.4,2018,demo,18
demo-tournament:018,Собрание у старого дуба — 2018,2018-04-22,18,demo:041,13,16,4,False,False,-715.2,2018,demo,18
demo-tournament:018,Собрание у старого дуба — 2018,2018-04-22,18,demo:064,14,16,4,False,False,-1146.6,2018,demo,18
demo-tournament:018,Собрание у старого дуба — 2018,2018-04-22,18,demo:047,15,16,4,False,False,-1298.1,2018,demo,18
demo-tournament:018,Собрание у старого дуба — 2018,2018-04-22,18,demo:003,16,16,4,False,False,-1510.1,2018,demo,18
demo-tournament:019,Кубок ночной совы — 2018,2018-07-15,19,demo:014,1,28,13,False,False,3104.7,2018,demo,19
demo-tournament:019,Кубок ночной совы — 2018,2018-07-15,19,demo:002,2,28,13,False,False,2977.7,2018,demo,19
demo-tournament:019,Кубок ночной совы — 2018,2018-07-15,19,demo:071,3,28,13,False,False,2496.0,2018,demo,19
demo-tournament:019,Кубок ночной совы — 2018,2018-07-15,19,demo:044,4,28,13,False,False,1328.8,2018,demo,19
demo-tournament:019,Кубок ночной совы — 2018,2018-07-15,19,demo:078,5,28,13,False,False,1232.4,2018,demo,19
demo-tournament:019,Кубок ночной совы — 2018,2018-07-15,19,demo:021,6,28,13,False,False,1226.6,2018,demo,19
demo-tournament:019,Кубок ночной совы — 2018,2018-07-15,19,demo:016,7,28,13,False,False,1026.9,2018,demo,19
demo-tournament:019,Кубок ночной совы — 2018,2018-07-15,19,demo:020,8,28,13,False,False,826.9,2018,demo,19
demo-tournament:019,Кубок ночной совы — 2018,2018-07-15,19,demo:064,9,28,13,False,False,826.5,2018,demo,19
demo-tournament:019,Кубок ночной совы — 2018,2018-07-15,19,demo:009,10,28,13,False,False,815.6,2018,demo,19
demo-tournament:019,Кубок ночной совы — 2018,2018-07-15,19,demo:070,11,28,13,False,False,802.7,2018,demo,19
demo-tournament:019,Кубок ночной совы — 2018,2018-07-15,19,demo:028,12,28,13,False,False,682.7,2018,demo,19
demo-tournament:019,Кубок ночной совы — 2018,2018-07-15,19,demo:015,13,28,13,False,False,498.1,2018,demo,19
demo-tournament:019,Кубок ночной совы — 2018,2018-07-15,19,demo:072,14,28,13,False,False,432.8,2018,demo,19
demo-tournament:019,Кубок ночной совы — 2018,2018-07-15,19,demo:049,15,28,13,False,False,315.3,2018,demo,19
demo-tournament:019,Кубок ночной совы — 2018,2018-07-15,19,demo:006,16,28,13,False,False,141.3,2018,demo,19
demo-tournament:019,Кубок ночной совы — 2018,2018-07-15,19,demo:076,17,28,13,False,False,-62.9,2018,demo,19
demo-tournament:019,Кубок ночной совы — 2018,2018-07-15,19,demo:008,18,28,13,False,False,-74.0,2018,demo,19
demo-tournament:019,Кубок ночной совы — 2018,2018-07-15,19,demo:041,19,28,13,False,False,-124.6,2018,demo,19
demo-tournament:019,Кубок ночной совы — 2018,2018-07-15,19,demo:043,20,28,13,False,False,-267.3,2018,demo,19
demo-tournament:019,Кубок ночной совы — 2018,2018-07-15,19,demo:045,21,28,13,False,False,-342.9,2018,demo,19
demo-tournament:019,Кубок ночной совы — 2018,2018-07-15,19,demo:077,22,28,13,False,False,-786.5,2018,demo,19
demo-tournament:019,Кубок ночной совы — 2018,2018-07-15,19,demo:047,23,28,13,False,False,-1042.2,2018,demo,19
demo-tournament:019,Кубок ночной совы — 2018,2018-07-15,19,demo:025,24,28,13,False,False,-1105.2,2018,demo,19
demo-tournament:019,Кубок ночной совы — 2018,2018-07-15,19,demo:048,25,28,13,False,False,-1222.1,2018,demo,19
demo-tournament:019,Кубок ночной совы — 2018,2018-07-15,19,demo:023,26,28,13,False,False,-1253.2,2018,demo,19
demo-tournament:019,Кубок ночной совы — 2018,2018-07-15,19,demo:034,27,28,13,False,False,-1407.9,2018,demo,19
demo-tournament:019,Кубок ночной совы — 2018,2018-07-15,19,demo:038,28,28,13,False,False,-2132.8,2018,demo,19
demo-tournament:020,Лесная суета — 2018,2018-07-22,20,demo:028,1,24,20,False,False,3165.3,2018,demo,20
demo-tournament:020,Лесная суета — 2018,2018-07-22,20,demo:082,2,24,20,False,False,2933.4,2018,demo,20
demo-tournament:020,Лесная суета — 2018,2018-07-22,20,demo:064,3,24,20,False,False,2606.0,2018,demo,20
demo-tournament:020,Лесная суета — 2018,2018-07-22,20,demo:049,4,24,20,False,False,2558.9,2018,demo,20
demo-tournament:020,Лесная суета — 2018,2018-07-22,20,demo:022,5,24,20,False,False,1819.9,2018,demo,20
demo-tournament:020,Лесная суета — 2018,2018-07-22,20,demo:043,6,24,20,False,False,1535.4,2018,demo,20
demo-tournament:020,Лесная суета — 2018,2018-07-22,20,demo:009,7,24,20,False,False,1180.6,2018,demo,20
demo-tournament:020,Лесная суета — 2018,2018-07-22,20,demo:053,8,24,20,False,False,1167.3,2018,demo,20
demo-tournament:020,Лесная суета — 2018,2018-07-22,20,demo:021,9,24,20,False,False,963.9,2018,demo,20
demo-tournament:020,Лесная суета — 2018,2018-07-22,20,demo:081,10,24,20,False,False,918.2,2018,demo,20
demo-tournament:020,Лесная суета — 2018,2018-07-22,20,demo:045,11,24,20,False,False,750.5,2018,demo,20
demo-tournament:020,Лесная суета — 2018,2018-07-22,20,demo:070,12,24,20,False,False,667.6,2018,demo,20
demo-tournament:020,Лесная суета — 2018,2018-07-22,20,demo:047,13,24,20,False,False,-50.2,2018,demo,20
demo-tournament:020,Лесная суета — 2018,2018-07-22,20,demo:026,14,24,20,False,False,-63.4,2018,demo,20
demo-tournament:020,Лесная суета — 2018,2018-07-22,20,demo:057,15,24,20,False,False,-358.4,2018,demo,20
demo-tournament:020,Лесная суета — 2018,2018-07-22,20,demo:073,16,24,20,False,False,-428.0,2018,demo,20
demo-tournament:020,Лесная суета — 2018,2018-07-22,20,demo:006,17,24,20,False,False,-437.0,2018,demo,20
demo-tournament:020,Лесная суета — 2018,2018-07-22,20,demo:034,18,24,20,False,False,-527.9,2018,demo,20
demo-tournament:020,Лесная суета — 2018,2018-07-22,20,demo:008,19,24,20,False,False,-656.8,2018,demo,20
demo-tournament:020,Лесная суета — 2018,2018-07-22,20,demo:019,20,24,20,False,False,-739.9,2018,demo,20
demo-tournament:020,Лесная суета — 2018,2018-07-22,20,demo:048,21,24,20,False,False,-1294.3,2018,demo,20
demo-tournament:020,Лесная суета — 2018,2018-07-22,20,demo:003,22,24,20,False,False,-1550.8,2018,demo,20
demo-tournament:020,Лесная суета — 2018,2018-07-22,20,demo:085,23,24,20,False,False,-1767.3,2018,demo,20
demo-tournament:020,Лесная суета — 2018,2018-07-22,20,demo:025,24,24,20,False,False,-1959.9,2018,demo,20
demo-tournament:021,Зов джунглей — 2018,2018-07-28,21,demo:066,1,24,4,False,False,2935.4,2018,demo,21
demo-tournament:021,Зов джунглей — 2018,2018-07-28,21,demo:041,2,24,4,False,False,1293.2,2018,demo,21
demo-tournament:021,Зов джунглей — 2018,2018-07-28,21,demo:011,3,24,4,False,False,1171.6,2018,demo,21
demo-tournament:021,Зов джунглей — 2018,2018-07-28,21,demo:080,4,24,4,False,False,1037.2,2018,demo,21
demo-tournament:021,Зов джунглей — 2018,2018-07-28,21,demo:042,5,24,4,False,False,993.5,2018,demo,21
demo-tournament:021,Зов джунглей — 2018,2018-07-28,21,demo:020,6,24,4,False,False,851.8,2018,demo,21
demo-tournament:021,Зов джунглей — 2018,2018-07-28,21,demo:075,7,24,4,False,False,476.1,2018,demo,21
demo-tournament:021,Зов джунглей — 2018,2018-07-28,21,demo:006,8,24,4,False,False,445.8,2018,demo,21
demo-tournament:021,Зов джунглей — 2018,2018-07-28,21,demo:016,9,24,4,False,False,409.9,2018,demo,21
demo-tournament:021,Зов джунглей — 2018,2018-07-28,21,demo:057,10,24,4,False,False,388.6,2018,demo,21
demo-tournament:021,Зов джунглей — 2018,2018-07-28,21,demo:097,11,24,4,False,False,361.5,2018,demo,21
demo-tournament:021,Зов джунглей — 2018,2018-07-28,21,demo:015,12,24,4,False,False,344.7,2018,demo,21
demo-tournament:021,Зов джунглей — 2018,2018-07-28,21,demo:021,13,24,4,False,False,102.6,2018,demo,21
demo-tournament:021,Зов джунглей — 2018,2018-07-28,21,demo:060,14,24,4,False,False,-45.1,2018,demo,21
demo-tournament:021,Зов джунглей — 2018,2018-07-28,21,demo:009,15,24,4,False,False,-88.2,2018,demo,21
demo-tournament:021,Зов джунглей — 2018,2018-07-28,21,demo:043,16,24,4,False,False,-100.7,2018,demo,21
demo-tournament:021,Зов джунглей — 2018,2018-07-28,21,demo:047,17,24,4,False,False,-351.7,2018,demo,21
demo-tournament:021,Зов джунглей — 2018,2018-07-28,21,demo:068,18,24,4,False,False,-652.5,2018,demo,21
demo-tournament:021,Зов джунглей — 2018,2018-07-28,21,demo:022,19,24,4,False,False,-699.2,2018,demo,21
demo-tournament:021,Зов джунглей — 2018,2018-07-28,21,demo:084,20,24,4,False,False,-721.1,2018,demo,21
demo-tournament:021,Зов джунглей — 2018,2018-07-28,21,demo:069,21,24,4,False,False,-797.7,2018,demo,21
demo-tournament:021,Зов джунглей — 2018,2018-07-28,21,demo:008,22,24,4,False,False,-970.7,2018,demo,21
demo-tournament:021,Зов джунглей — 2018,2018-07-28,21,demo:038,23,24,4,False,False,-998.5,2018,demo,21
demo-tournament:021,Зов джунглей — 2018,2018-07-28,21,demo:032,24,24,4,False,False,-1526.3,2018,demo,21
demo-tournament:022,Лесной совет — 2018,2018-08-11,22,demo:014,1,28,5,False,False,2488.5,2018,demo,22
demo-tournament:022,Лесной совет — 2018,2018-08-11,22,demo:079,2,28,5,False,False,2092.9,2018,demo,22
demo-tournament:022,Лесной совет — 2018,2018-08-11,22,demo:015,3,28,5,False,False,1989.3,2018,demo,22
demo-tournament:022,Лесной совет — 2018,2018-08-11,22,demo:043,4,28,5,False,False,1952.6,2018,demo,22
demo-tournament:022,Лесной совет — 2018,2018-08-11,22,demo:002,5,28,5,False,False,1780.8,2018,demo,22
demo-tournament:022,Лесной совет — 2018,2018-08-11,22,demo:073,6,28,5,False,False,1461.7,2018,demo,22
demo-tournament:022,Лесной совет — 2018,2018-08-11,22,demo:049,7,28,5,False,False,1409.3,2018,demo,22
demo-tournament:022,Лесной совет — 2018,2018-08-11,22,demo:044,8,28,5,False,True,1185.1,2018,demo,22
demo-tournament:022,Лесной совет — 2018,2018-08-11,22,demo:003,9,28,5,False,False,729.0,2018,demo,22
demo-tournament:022,Лесной совет — 2018,2018-08-11,22,demo:100,10,28,5,False,False,716.7,2018,demo,22
demo-tournament:022,Лесной совет — 2018,2018-08-11,22,demo:034,11,28,5,False,False,501.1,2018,demo,22
demo-tournament:022,Лесной совет — 2018,2018-08-11,22,demo:029,12,28,5,False,False,457.7,2018,demo,22
demo-tournament:022,Лесной совет — 2018,2018-08-11,22,demo:067,13,28,5,False,False,400.0,2018,demo,22
demo-tournament:022,Лесной совет — 2018,2018-08-11,22,demo:062,14,28,5,False,False,331.1,2018,demo,22
demo-tournament:022,Лесной совет — 2018,2018-08-11,22,demo:042,15,28,5,False,False,189.9,2018,demo,22
demo-tournament:022,Лесной совет — 2018,2018-08-11,22,demo:020,16,28,5,False,False,186.8,2018,demo,22
demo-tournament:022,Лесной совет — 2018,2018-08-11,22,demo:026,17,28,5,False,False,-107.9,2018,demo,22
demo-tournament:022,Лесной совет — 2018,2018-08-11,22,demo:057,18,28,5,False,False,-221.8,2018,demo,22
demo-tournament:022,Лесной совет — 2018,2018-08-11,22,demo:009,19,28,5,False,False,-483.3,2018,demo,22
demo-tournament:022,Лесной совет — 2018,2018-08-11,22,demo:038,20,28,5,False,False,-765.0,2018,demo,22
demo-tournament:022,Лесной совет — 2018,2018-08-11,22,demo:048,21,28,5,False,False,-834.7,2018,demo,22
demo-tournament:022,Лесной совет — 2018,2018-08-11,22,demo:047,22,28,5,False,False,-847.5,2018,demo,22
demo-tournament:022,Лесной совет — 2018,2018-08-11,22,demo:025,23,28,5,False,False,-891.0,2018,demo,22
demo-tournament:022,Лесной совет — 2018,2018-08-11,22,demo:085,24,28,5,False,False,-1001.6,2018,demo,22
demo-tournament:022,Лесной совет — 2018,2018-08-11,22,demo:023,25,28,5,False,False,-1043.2,2018,demo,22
demo-tournament:022,Лесной совет — 2018,2018-08-11,22,demo:006,26,28,5,False,False,-1086.9,2018,demo,22
demo-tournament:022,Лесной совет — 2018,2018-08-11,22,demo:008,27,28,5,False,False,-1371.5,2018,demo,22
demo-tournament:022,Лесной совет — 2018,2018-08-11,22,demo:086,28,28,5,False,False,-1969.7,2018,demo,22
demo-tournament:023,Большая миграция — 2018,2018-08-12,23,demo:066,1,24,8,False,False,3243.3,2018,demo,23
demo-tournament:023,Большая миграция — 2018,2018-08-12,23,demo:016,2,24,8,False,False,1717.2,2018,demo,23
demo-tournament:023,Большая миграция — 2018,2018-08-12,23,demo:078,3,24,8,False,False,1483.8,2018,demo,23
demo-tournament:023,Большая миграция — 2018,2018-08-12,23,demo:011,4,24,8,False,False,1381.9,2018,demo,23
demo-tournament:023,Большая миграция — 2018,2018-08-12,23,demo:020,5,24,8,False,False,1074.9,2018,demo,23
demo-tournament:023,Большая миграция — 2018,2018-08-12,23,demo:041,6,24,8,False,False,840.7,2018,demo,23
demo-tournament:023,Большая миграция — 2018,2018-08-12,23,demo:006,7,24,8,False,False,773.6,2018,demo,23
demo-tournament:023,Большая миграция — 2018,2018-08-12,23,demo:034,8,24,8,False,False,727.5,2018,demo,23
demo-tournament:023,Большая миграция — 2018,2018-08-12,23,demo:049,9,24,8,False,False,657.8,2018,demo,23
demo-tournament:023,Большая миграция — 2018,2018-08-12,23,demo:022,10,24,8,False,False,641.0,2018,demo,23
demo-tournament:023,Большая миграция — 2018,2018-08-12,23,demo:045,11,24,8,False,False,457.7,2018,demo,23
demo-tournament:023,Большая миграция — 2018,2018-08-12,23,demo:043,12,24,8,False,False,390.9,2018,demo,23
demo-tournament:023,Большая миграция — 2018,2018-08-12,23,demo:067,13,24,8,False,False,335.9,2018,demo,23
demo-tournament:023,Большая миграция — 2018,2018-08-12,23,demo:104,14,24,8,False,False,303.8,2018,demo,23
demo-tournament:023,Большая миграция — 2018,2018-08-12,23,demo:028,15,24,8,False,False,196.1,2018,demo,23
demo-tournament:023,Большая миграция — 2018,2018-08-12,23,demo:047,16,24,8,False,False,153.0,2018,demo,23
demo-tournament:023,Большая миграция — 2018,2018-08-12,23,demo:021,17,24,8,False,False,97.9,2018,demo,23
demo-tournament:023,Большая миграция — 2018,2018-08-12,23,demo:009,18,24,8,False,False,-223.4,2018,demo,23
demo-tournament:023,Большая миграция — 2018,2018-08-12,23,demo:057,19,24,8,False,False,-740.1,2018,demo,23
demo-tournament:023,Большая миграция — 2018,2018-08-12,23,demo:087,20,24,8,False,False,-1289.8,2018,demo,23
demo-tournament:023,Большая миграция — 2018,2018-08-12,23,demo:048,21,24,8,False,False,-1374.0,2018,demo,23
demo-tournament:023,Большая миграция — 2018,2018-08-12,23,demo:076,22,24,8,False,False,-1421.0,2018,demo,23
demo-tournament:023,Большая миграция — 2018,2018-08-12,23,demo:089,23,24,8,False,False,-1512.7,2018,demo,23
demo-tournament:023,Большая миграция — 2018,2018-08-12,23,demo:008,24,24,8,False,False,-2209.7,2018,demo,23
demo-tournament:024,Ночная охота — 2018,2018-08-19,24,demo:022,1,44,10,False,False,2879.6,2018,demo,24
demo-tournament:024,Ночная охота — 2018,2018-08-19,24,demo:101,2,44,10,False,False,2657.0,2018,demo,24
demo-tournament:024,Ночная охота — 2018,2018-08-19,24,demo:079,3,44,10,False,False,2447.7,2018,demo,24
demo-tournament:024,Ночная охота — 2018,2018-08-19,24,demo:002,4,44,10,False,False,2294.2,2018,demo,24
demo-tournament:024,Ночная охота — 2018,2018-08-19,24,demo:014,5,44,10,False,False,2205.1,2018,demo,24
demo-tournament:024,Ночная охота — 2018,2018-08-19,24,demo:009,6,44,10,False,False,2050.5,2018,demo,24
demo-tournament:024,Ночная охота — 2018,2018-08-19,24,demo:020,7,44,10,False,False,1252.7,2018,demo,24
demo-tournament:024,Ночная охота — 2018,2018-08-19,24,demo:089,8,44,10,False,False,1133.5,2018,demo,24
demo-tournament:024,Ночная охота — 2018,2018-08-19,24,demo:045,9,44,10,False,False,1020.9,2018,demo,24
demo-tournament:024,Ночная охота — 2018,2018-08-19,24,demo:034,10,44,10,False,False,717.3,2018,demo,24
demo-tournament:024,Ночная охота — 2018,2018-08-19,24,demo:011,11,44,10,False,False,574.8,2018,demo,24
demo-tournament:024,Ночная охота — 2018,2018-08-19,24,demo:075,12,44,10,False,False,531.5,2018,demo,24
demo-tournament:024,Ночная охота — 2018,2018-08-19,24,demo:029,13,44,10,False,False,451.9,2018,demo,24
demo-tournament:024,Ночная охота — 2018,2018-08-19,24,demo:006,14,44,10,False,False,416.0,2018,demo,24
demo-tournament:024,Ночная охота — 2018,2018-08-19,24,demo:028,15,44,10,False,False,361.1,2018,demo,24
demo-tournament:024,Ночная охота — 2018,2018-08-19,24,demo:030,16,44,10,False,False,305.1,2018,demo,24
demo-tournament:024,Ночная охота — 2018,2018-08-19,24,demo:008,17,44,10,False,False,164.2,2018,demo,24
demo-tournament:024,Ночная охота — 2018,2018-08-19,24,demo:049,18,44,10,False,False,127.3,2018,demo,24
demo-tournament:024,Ночная охота — 2018,2018-08-19,24,demo:042,19,44,10,False,False,127.3,2018,demo,24
demo-tournament:024,Ночная охота — 2018,2018-08-19,24,demo:013,20,44,10,False,False,23.2,2018,demo,24
demo-tournament:024,Ночная охота — 2018,2018-08-19,24,demo:043,21,44,10,False,False,19.9,2018,demo,24
demo-tournament:024,Ночная охота — 2018,2018-08-19,24,demo:059,22,44,10,False,False,-13.9,2018,demo,24
demo-tournament:024,Ночная охота — 2018,2018-08-19,24,demo:001,23,44,10,False,False,-222.9,2018,demo,24
demo-tournament:024,Ночная охота — 2018,2018-08-19,24,demo:024,24,44,10,False,False,-256.6,2018,demo,24
demo-tournament:024,Ночная охота — 2018,2018-08-19,24,demo:064,25,44,10,False,False,-299.0,2018,demo,24
demo-tournament:024,Ночная охота — 2018,2018-08-19,24,demo:102,26,44,10,False,False,-408.3,2018,demo,24
demo-tournament:024,Ночная охота — 2018,2018-08-19,24,demo:040,27,44,10,False,False,-423.4,2018,demo,24
demo-tournament:024,Ночная охота — 2018,2018-08-19,24,demo:069,28,44,10,False,False,-465.4,2018,demo,24
demo-tournament:024,Ночная охота — 2018,2018-08-19,24,demo:072,29,44,10,False,False,-471.7,2018,demo,24
demo-tournament:024,Ночная охота — 2018,2018-08-19,24,demo:097,30,44,10,False,False,-631.3,2018,demo,24
demo-tournament:024,Ночная охота — 2018,2018-08-19,24,demo:032,31,44,10,False,False,-825.3,2018,demo,24
demo-tournament:024,Ночная охота — 2018,2018-08-19,24,demo:056,32,44,10,False,False,-1145.1,2018,demo,24
demo-tournament:024,Ночная охота — 2018,2018-08-19,24,demo:048,33,44,10,False,False,-1171.9,2018,demo,24
demo-tournament:024,Ночная охота — 2018,2018-08-19,24,demo:003,34,44,10,False,False,-1173.0,2018,demo,24
demo-tournament:024,Ночная охота — 2018,2018-08-19,24,demo:041,35,44,10,False,False,-1205.1,2018,demo,24
demo-tournament:024,Ночная охота — 2018,2018-08-19,24,demo:026,36,44,10,False,False,-1359.8,2018,demo,24
demo-tournament:024,Ночная охота — 2018,2018-08-19,24,demo:047,37,44,10,False,False,-1577.4,2018,demo,24
demo-tournament:024,Ночная охота — 2018,2018-08-19,24,demo:023,38,44,10,False,False,-1584.2,2018,demo,24
demo-tournament:024,Ночная охота — 2018,2018-08-19,24,demo:021,39,44,10,False,False,-1701.1,2018,demo,24
demo-tournament:024,Ночная охота — 2018,2018-08-19,24,demo:077,40,44,10,False,False,-1740.4,2018,demo,24
demo-tournament:024,Ночная охота — 2018,2018-08-19,24,demo:054,41,44,10,False,False,-1886.2,2018,demo,24
demo-tournament:024,Ночная охота — 2018,2018-08-19,24,demo:057,42,44,10,False,False,-2064.7,2018,demo,24
demo-tournament:024,Ночная охота — 2018,2018-08-19,24,demo:038,43,44,10,False,False,-2150.6,2018,demo,24
demo-tournament:024,Ночная охота — 2018,2018-08-19,24,demo:025,44,44,10,False,False,-2831.2,2018,demo,24
demo-tournament:025,Кубок у водопоя — 2018,2018-09-23,25,demo:041,1,20,10,False,False,2479.9,2018,demo,25
demo-tournament:025,Кубок у водопоя — 2018,2018-09-23,25,demo:002,2,20,10,False,False,1849.3,2018,demo,25
demo-tournament:025,Кубок у водопоя — 2018,2018-09-23,25,demo:028,3,20,10,False,False,1549.2,2018,demo,25
demo-tournament:025,Кубок у водопоя — 2018,2018-09-23,25,demo:009,4,20,10,False,False,1365.5,2018,demo,25
demo-tournament:025,Кубок у водопоя — 2018,2018-09-23,25,demo:069,5,20,10,False,False,1129.3,2018,demo,25
demo-tournament:025,Кубок у водопоя — 2018,2018-09-23,25,demo:073,6,20,10,False,False,1118.7,2018,demo,25
demo-tournament:025,Кубок у водопоя — 2018,2018-09-23,25,demo:020,7,20,10,False,False,784.6,2018,demo,25
demo-tournament:025,Кубок у водопоя — 2018,2018-09-23,25,demo:021,8,20,10,False,False,781.8,2018,demo,25
demo-tournament:025,Кубок у водопоя — 2018,2018-09-23,25,demo:014,9,20,10,False,False,268.7,2018,demo,25
demo-tournament:025,Кубок у водопоя — 2018,2018-09-23,25,demo:075,10,20,10,False,False,251.8,2018,demo,25
demo-tournament:025,Кубок у водопоя — 2018,2018-09-23,25,demo:065,11,20,10,False,False,-310.3,2018,demo,25
demo-tournament:025,Кубок у водопоя — 2018,2018-09-23,25,demo:057,12,20,10,False,False,-342.7,2018,demo,25
demo-tournament:025,Кубок у водопоя — 2018,2018-09-23,25,demo:029,13,20,10,False,False,-513.8,2018,demo,25
demo-tournament:025,Кубок у водопоя — 2018,2018-09-23,25,demo:025,14,20,10,False,False,-684.1,2018,demo,25
demo-tournament:025,Кубок у водопоя — 2018,2018-09-23,25,demo:084,15,20,10,False,False,-911.0,2018,demo,25
demo-tournament:025,Кубок у водопоя — 2018,2018-09-23,25,demo:038,16,20,10,False,False,-1233.9,2018,demo,25
demo-tournament:025,Кубок у водопоя — 2018,2018-09-23,25,demo:026,17,20,10,False,False,-1280.3,2018,demo,25
demo-tournament:025,Кубок у водопоя — 2018,2018-09-23,25,demo:008,18,20,10,False,False,-1738.5,2018,demo,25
demo-tournament:025,Кубок у водопоя — 2018,2018-09-23,25,demo:048,19,20,10,False,False,-2166.8,2018,demo,25
demo-tournament:025,Кубок у водопоя — 2018,2018-09-23,25,demo:023,20,20,10,False,False,-2579.5,2018,demo,25
demo-tournament:026,Битва за желудь — 2018,2018-12-02,26,demo:079,1,16,10,False,False,3064.1,2018,demo,26
demo-tournament:026,Битва за желудь — 2018,2018-12-02,26,demo:041,2,16,10,False,False,2116.7,2018,demo,26
demo-tournament:026,Битва за желудь — 2018,2018-12-02,26,demo:022,3,16,10,False,False,1951.9,2018,demo,26
demo-tournament:026,Битва за желудь — 2018,2018-12-02,26,demo:028,4,16,10,False,False,1654.3,2018,demo,26
demo-tournament:026,Битва за желудь — 2018,2018-12-02,26,demo:014,5,16,10,False,False,1118.1,2018,demo,26
demo-tournament:026,Битва за желудь — 2018,2018-12-02,26,demo:044,6,16,10,False,False,434.9,2018,demo,26
demo-tournament:026,Битва за желудь — 2018,2018-12-02,26,demo:063,7,16,10,False,False,408.0,2018,demo,26
demo-tournament:026,Битва за желудь — 2018,2018-12-02,26,demo:020,8,16,10,False,False,136.7,2018,demo,26
demo-tournament:026,Битва за желудь — 2018,2018-12-02,26,demo:002,9,16,10,False,False,55.7,2018,demo,26
demo-tournament:026,Битва за желудь — 2018,2018-12-02,26,demo:059,10,16,10,False,False,-101.5,2018,demo,26
demo-tournament:026,Битва за желудь — 2018,2018-12-02,26,demo:008,11,16,10,False,False,-289.4,2018,demo,26
demo-tournament:026,Битва за желудь — 2018,2018-12-02,26,demo:048,12,16,10,False,False,-337.6,2018,demo,26
demo-tournament:026,Битва за желудь — 2018,2018-12-02,26,demo:068,13,16,10,False,False,-789.2,2018,demo,26
demo-tournament:026,Битва за желудь — 2018,2018-12-02,26,demo:064,14,16,10,False,False,-1632.7,2018,demo,26
demo-tournament:026,Битва за желудь — 2018,2018-12-02,26,demo:042,15,16,10,False,False,-1680.4,2018,demo,26
demo-tournament:026,Битва за желудь — 2018,2018-12-02,26,demo:038,16,16,10,False,False,-3894.3,2018,demo,26
demo-tournament:027,Совиный дозор — 2018,2018-12-23,27,demo:017,1,36,10,False,False,2985.1,2018,demo,27
demo-tournament:027,Совиный дозор — 2018,2018-12-23,27,demo:044,2,36,10,False,False,2207.0,2018,demo,27
demo-tournament:027,Совиный дозор — 2018,2018-12-23,27,demo:014,3,36,10,False,False,2062.4,2018,demo,27
demo-tournament:027,Совиный дозор — 2018,2018-12-23,27,demo:029,4,36,10,False,False,1930.0,2018,demo,27
demo-tournament:027,Совиный дозор — 2018,2018-12-23,27,demo:066,5,36,10,False,False,1870.4,2018,demo,27
demo-tournament:027,Совиный дозор — 2018,2018-12-23,27,demo:034,6,36,10,False,False,1655.9,2018,demo,27
demo-tournament:027,Совиный дозор — 2018,2018-12-23,27,demo:002,7,36,10,False,False,1527.7,2018,demo,27
demo-tournament:027,Совиный дозор — 2018,2018-12-23,27,demo:087,8,36,10,False,False,1489.1,2018,demo,27
demo-tournament:027,Совиный дозор — 2018,2018-12-23,27,demo:074,9,36,10,False,False,1262.2,2018,demo,27
demo-tournament:027,Совиный дозор — 2018,2018-12-23,27,demo:022,10,36,10,False,False,1249.0,2018,demo,27
demo-tournament:027,Совиный дозор — 2018,2018-12-23,27,demo:020,11,36,10,False,False,614.2,2018,demo,27
demo-tournament:027,Совиный дозор — 2018,2018-12-23,27,demo:041,12,36,10,False,False,606.4,2018,demo,27
demo-tournament:027,Совиный дозор — 2018,2018-12-23,27,demo:090,13,36,10,False,False,380.9,2018,demo,27
demo-tournament:027,Совиный дозор — 2018,2018-12-23,27,demo:009,14,36,10,False,False,350.3,2018,demo,27
demo-tournament:027,Совиный дозор — 2018,2018-12-23,27,demo:073,15,36,10,False,False,239.1,2018,demo,27
demo-tournament:027,Совиный дозор — 2018,2018-12-23,27,demo:011,16,36,10,False,False,185.0,2018,demo,27
demo-tournament:027,Совиный дозор — 2018,2018-12-23,27,demo:026,17,36,10,False,False,151.9,2018,demo,27
demo-tournament:027,Совиный дозор — 2018,2018-12-23,27,demo:062,18,36,10,False,False,47.6,2018,demo,27
demo-tournament:027,Совиный дозор — 2018,2018-12-23,27,demo:042,19,36,10,False,False,-128.6,2018,demo,27
demo-tournament:027,Совиный дозор — 2018,2018-12-23,27,demo:049,20,36,10,False,False,-144.6,2018,demo,27
demo-tournament:027,Совиный дозор — 2018,2018-12-23,27,demo:084,21,36,10,False,False,-145.3,2018,demo,27
demo-tournament:027,Совиный дозор — 2018,2018-12-23,27,demo:067,22,36,10,False,False,-233.6,2018,demo,27
demo-tournament:027,Совиный дозор — 2018,2018-12-23,27,demo:057,23,36,10,False,False,-269.8,2018,demo,27
demo-tournament:027,Совиный дозор — 2018,2018-12-23,27,demo:021,24,36,10,False,False,-305.6,2018,demo,27
demo-tournament:027,Совиный дозор — 2018,2018-12-23,27,demo:098,25,36,10,False,False,-379.0,2018,demo,27
demo-tournament:027,Совиный дозор — 2018,2018-12-23,27,demo:047,26,36,10,False,False,-399.1,2018,demo,27
demo-tournament:027,Совиный дозор — 2018,2018-12-23,27,demo:054,27,36,10,False,False,-466.1,2018,demo,27
demo-tournament:027,Совиный дозор — 2018,2018-12-23,27,demo:015,28,36,10,False,False,-1088.5,2018,demo,27
demo-tournament:027,Совиный дозор — 2018,2018-12-23,27,demo:068,29,36,10,False,False,-1092.9,2018,demo,27
demo-tournament:027,Совиный дозор — 2018,2018-12-23,27,demo:003,30,36,10,False,False,-1131.7,2018,demo,27
demo-tournament:027,Совиный дозор — 2018,2018-12-23,27,demo:043,31,36,10,False,False,-1639.0,2018,demo,27
demo-tournament:027,Совиный дозор — 2018,2018-12-23,27,demo:077,32,36,10,False,False,-1746.8,2018,demo,27
demo-tournament:027,Совиный дозор — 2018,2018-12-23,27,demo:048,33,36,10,False,False,-2058.1,2018,demo,27
demo-tournament:027,Совиный дозор — 2018,2018-12-23,27,demo:008,34,36,10,False,False,-2409.1,2018,demo,27
demo-tournament:027,Совиный дозор — 2018,2018-12-23,27,demo:019,35,36,10,False,False,-2574.4,2018,demo,27
demo-tournament:027,Совиный дозор — 2018,2018-12-23,27,demo:023,36,36,10,False,False,-2718.8,2018,demo,27
demo-tournament:028,Лига барсуков — 2019,2019-01-13,28,demo:101,1,48,10,False,False,3298.6,2019,demo,28
demo-tournament:028,Лига барсуков — 2019,2019-01-13,28,demo:078,2,48,10,False,False,2584.8,2019,demo,28
demo-tournament:028,Лига барсуков — 2019,2019-01-13,28,demo:080,3,48,10,False,False,2372.1,2019,demo,28
demo-tournament:028,Лига барсуков — 2019,2019-01-13,28,demo:014,4,48,10,False,False,2349.2,2019,demo,28
demo-tournament:028,Лига барсуков — 2019,2019-01-13,28,demo:002,5,48,10,False,False,2021.8,2019,demo,28
demo-tournament:028,Лига барсуков — 2019,2019-01-13,28,demo:016,6,48,10,False,False,1838.9,2019,demo,28
demo-tournament:028,Лига барсуков — 2019,2019-01-13,28,demo:050,7,48,10,False,False,1666.1,2019,demo,28
demo-tournament:028,Лига барсуков — 2019,2019-01-13,28,demo:041,8,48,10,False,False,1330.8,2019,demo,28
demo-tournament:028,Лига барсуков — 2019,2019-01-13,28,demo:015,9,48,10,False,False,1306.2,2019,demo,28
demo-tournament:028,Лига барсуков — 2019,2019-01-13,28,demo:049,10,48,10,False,False,1250.7,2019,demo,28
demo-tournament:028,Лига барсуков — 2019,2019-01-13,28,demo:044,11,48,10,False,False,1214.3,2019,demo,28
demo-tournament:028,Лига барсуков — 2019,2019-01-13,28,demo:089,12,48,10,False,False,962.2,2019,demo,28
demo-tournament:028,Лига барсуков — 2019,2019-01-13,28,demo:033,13,48,10,False,False,959.5,2019,demo,28
demo-tournament:028,Лига барсуков — 2019,2019-01-13,28,demo:070,14,48,10,False,False,607.6,2019,demo,28
demo-tournament:028,Лига барсуков — 2019,2019-01-13,28,demo:069,15,48,10,False,False,562.2,2019,demo,28
demo-tournament:028,Лига барсуков — 2019,2019-01-13,28,demo:022,16,48,10,False,False,561.9,2019,demo,28
demo-tournament:028,Лига барсуков — 2019,2019-01-13,28,demo:103,17,48,10,False,False,522.9,2019,demo,28
demo-tournament:028,Лига барсуков — 2019,2019-01-13,28,demo:021,18,48,10,False,False,455.4,2019,demo,28
demo-tournament:028,Лига барсуков — 2019,2019-01-13,28,demo:006,19,48,10,False,False,339.3,2019,demo,28
demo-tournament:028,Лига барсуков — 2019,2019-01-13,28,demo:029,20,48,10,False,False,337.6,2019,demo,28
demo-tournament:028,Лига барсуков — 2019,2019-01-13,28,demo:019,21,48,10,False,False,292.3,2019,demo,28
demo-tournament:028,Лига барсуков — 2019,2019-01-13,28,demo:098,22,48,10,False,False,243.2,2019,demo,28
demo-tournament:028,Лига барсуков — 2019,2019-01-13,28,demo:057,23,48,10,False,False,203.7,2019,demo,28
demo-tournament:028,Лига барсуков — 2019,2019-01-13,28,demo:009,24,48,10,False,False,199.9,2019,demo,28
demo-tournament:028,Лига барсуков — 2019,2019-01-13,28,demo:020,25,48,10,False,False,83.7,2019,demo,28
demo-tournament:028,Лига барсуков — 2019,2019-01-13,28,demo:045,26,48,10,False,False,74.2,2019,demo,28
demo-tournament:028,Лига барсуков — 2019,2019-01-13,28,demo:011,27,48,10,False,False,64.5,2019,demo,28
demo-tournament:028,Лига барсуков — 2019,2019-01-13,28,demo:071,28,48,10,False,False,20.0,2019,demo,28
demo-tournament:028,Лига барсуков — 2019,2019-01-13,28,demo:090,29,48,10,False,False,-27.6,2019,demo,28
demo-tournament:028,Лига барсуков — 2019,2019-01-13,28,demo:003,30,48,10,False,False,-74.7,2019,demo,28
demo-tournament:028,Лига барсуков — 2019,2019-01-13,28,demo:034,31,48,10,False,False,-404.4,2019,demo,28
demo-tournament:028,Лига барсуков — 2019,2019-01-13,28,demo:085,32,48,10,False,False,-447.6,2019,demo,28
demo-tournament:028,Лига барсуков — 2019,2019-01-13,28,demo:059,33,48,10,False,False,-499.7,2019,demo,28
demo-tournament:028,Лига барсуков — 2019,2019-01-13,28,demo:088,34,48,10,False,False,-627.4,2019,demo,28
demo-tournament:028,Лига барсуков — 2019,2019-01-13,28,demo:047,35,48,10,False,False,-700.6,2019,demo,28
demo-tournament:028,Лига барсуков — 2019,2019-01-13,28,demo:017,36,48,10,False,False,-755.4,2019,demo,28
demo-tournament:028,Лига барсуков — 2019,2019-01-13,28,demo:008,37,48,10,False,False,-886.1,2019,demo,28
demo-tournament:028,Лига барсуков — 2019,2019-01-13,28,demo:028,38,48,10,False,False,-888.0,2019,demo,28
demo-tournament:028,Лига барсуков — 2019,2019-01-13,28,demo:024,39,48,10,False,False,-957.0,2019,demo,28
demo-tournament:028,Лига барсуков — 2019,2019-01-13,28,demo:042,40,48,10,False,False,-983.9,2019,demo,28
demo-tournament:028,Лига барсуков — 2019,2019-01-13,28,demo:043,41,48,10,False,False,-1115.6,2019,demo,28
demo-tournament:028,Лига барсуков — 2019,2019-01-13,28,demo:025,42,48,10,False,False,-1173.3,2019,demo,28
demo-tournament:028,Лига барсуков — 2019,2019-01-13,28,demo:075,43,48,10,False,False,-1238.0,2019,demo,28
demo-tournament:028,Лига барсуков — 2019,2019-01-13,28,demo:026,44,48,10,False,False,-1485.2,2019,demo,28
demo-tournament:028,Лига барсуков — 2019,2019-01-13,28,demo:038,45,48,10,False,False,-1524.4,2019,demo,28
demo-tournament:028,Лига барсуков — 2019,2019-01-13,28,demo:032,46,48,10,False,False,-1969.3,2019,demo,28
demo-tournament:028,Лига барсуков — 2019,2019-01-13,28,demo:023,47,48,10,False,False,-3187.6,2019,demo,28
demo-tournament:028,Лига барсуков — 2019,2019-01-13,28,demo:048,48,48,10,False,False,-3607.0,2019,demo,28
demo-tournament:029,Хвосты и лапы — 2019,2019-02-10,29,demo:021,1,20,8,False,False,2200.2,2019,demo,29
demo-tournament:029,Хвосты и лапы — 2019,2019-02-10,29,demo:002,2,20,8,False,False,2095.2,2019,demo,29
demo-tournament:029,Хвосты и лапы — 2019,2019-02-10,29,demo:016,3,20,8,False,False,1571.6,2019,demo,29
demo-tournament:029,Хвосты и лапы — 2019,2019-02-10,29,demo:057,4,20,8,False,False,1525.9,2019,demo,29
demo-tournament:029,Хвосты и лапы — 2019,2019-02-10,29,demo:075,5,20,8,False,False,1410.1,2019,demo,29
demo-tournament:029,Хвосты и лапы — 2019,2019-02-10,29,demo:014,6,20,8,False,False,1399.5,2019,demo,29
demo-tournament:029,Хвосты и лапы — 2019,2019-02-10,29,demo:074,7,20,8,False,False,1091.7,2019,demo,29
demo-tournament:029,Хвосты и лапы — 2019,2019-02-10,29,demo:029,8,20,8,False,False,812.0,2019,demo,29
demo-tournament:029,Хвосты и лапы — 2019,2019-02-10,29,demo:033,9,20,8,False,False,623.2,2019,demo,29
demo-tournament:029,Хвосты и лапы — 2019,2019-02-10,29,demo:100,10,20,8,False,False,62.4,2019,demo,29
demo-tournament:029,Хвосты и лапы — 2019,2019-02-10,29,demo:028,11,20,8,False,False,37.6,2019,demo,29
demo-tournament:029,Хвосты и лапы — 2019,2019-02-10,29,demo:072,12,20,8,False,False,-528.4,2019,demo,29
demo-tournament:029,Хвосты и лапы — 2019,2019-02-10,29,demo:047,13,20,8,False,False,-593.7,2019,demo,29
demo-tournament:029,Хвосты и лапы — 2019,2019-02-10,29,demo:060,14,20,8,False,False,-694.4,2019,demo,29
demo-tournament:029,Хвосты и лапы — 2019,2019-02-10,29,demo:006,15,20,8,False,False,-889.1,2019,demo,29
demo-tournament:029,Хвосты и лапы — 2019,2019-02-10,29,demo:048,16,20,8,False,False,-1060.8,2019,demo,29
demo-tournament:029,Хвосты и лапы — 2019,2019-02-10,29,demo:025,17,20,8,False,False,-1784.9,2019,demo,29
demo-tournament:029,Хвосты и лапы — 2019,2019-02-10,29,demo:038,18,20,8,False,False,-2019.7,2019,demo,29
demo-tournament:029,Хвосты и лапы — 2019,2019-02-10,29,demo:008,19,20,8,False,False,-2214.5,2019,demo,29
demo-tournament:029,Хвосты и лапы — 2019,2019-02-10,29,demo:062,20,20,8,False,False,-2435.3,2019,demo,29
demo-tournament:030,Тропа капибары — 2019,2019-03-09,30,demo:079,1,24,10,False,False,1805.3,2019,demo,30
demo-tournament:030,Тропа капибары — 2019,2019-03-09,30,demo:101,2,24,10,False,False,1545.5,2019,demo,30
demo-tournament:030,Тропа капибары — 2019,2019-03-09,30,demo:042,3,24,10,False,False,1367.8,2019,demo,30
demo-tournament:030,Тропа капибары — 2019,2019-03-09,30,demo:044,4,24,10,False,False,1217.3,2019,demo,30
demo-tournament:030,Тропа капибары — 2019,2019-03-09,30,demo:075,5,24,10,False,False,958.4,2019,demo,30
demo-tournament:030,Тропа капибары — 2019,2019-03-09,30,demo:029,6,24,10,False,False,930.8,2019,demo,30
demo-tournament:030,Тропа капибары — 2019,2019-03-09,30,demo:034,7,24,10,False,False,775.4,2019,demo,30
demo-tournament:030,Тропа капибары — 2019,2019-03-09,30,demo:020,8,24,10,False,False,596.9,2019,demo,30
demo-tournament:030,Тропа капибары — 2019,2019-03-09,30,demo:043,9,24,10,False,False,415.1,2019,demo,30
demo-tournament:030,Тропа капибары — 2019,2019-03-09,30,demo:083,10,24,10,False,False,357.6,2019,demo,30
demo-tournament:030,Тропа капибары — 2019,2019-03-09,30,demo:006,11,24,10,False,False,327.0,2019,demo,30
demo-tournament:030,Тропа капибары — 2019,2019-03-09,30,demo:073,12,24,10,False,False,307.4,2019,demo,30
demo-tournament:030,Тропа капибары — 2019,2019-03-09,30,demo:047,13,24,10,False,False,297.1,2019,demo,30
demo-tournament:030,Тропа капибары — 2019,2019-03-09,30,demo:080,14,24,10,False,False,-77.3,2019,demo,30
demo-tournament:030,Тропа капибары — 2019,2019-03-09,30,demo:060,15,24,10,False,False,-87.1,2019,demo,30
demo-tournament:030,Тропа капибары — 2019,2019-03-09,30,demo:009,16,24,10,False,False,-115.6,2019,demo,30
demo-tournament:030,Тропа капибары — 2019,2019-03-09,30,demo:021,17,24,10,False,False,-323.4,2019,demo,30
demo-tournament:030,Тропа капибары — 2019,2019-03-09,30,demo:008,18,24,10,False,False,-738.0,2019,demo,30
demo-tournament:030,Тропа капибары — 2019,2019-03-09,30,demo:067,19,24,10,False,False,-1102.3,2019,demo,30
demo-tournament:030,Тропа капибары — 2019,2019-03-09,30,demo:057,20,24,10,False,False,-1150.4,2019,demo,30
demo-tournament:030,Тропа капибары — 2019,2019-03-09,30,demo:048,21,24,10,False,False,-1289.9,2019,demo,30
demo-tournament:030,Тропа капибары — 2019,2019-03-09,30,demo:032,22,24,10,False,True,-1395.8,2019,demo,30
demo-tournament:030,Тропа капибары — 2019,2019-03-09,30,demo:038,23,24,10,False,False,-1761.4,2019,demo,30
demo-tournament:030,Тропа капибары — 2019,2019-03-09,30,demo:023,24,24,10,False,False,-1765.6,2019,demo,30
demo-tournament:031,Лисья нора — 2019,2019-03-17,31,demo:079,1,20,8,False,False,1915.0,2019,demo,31
demo-tournament:031,Лисья нора — 2019,2019-03-17,31,demo:014,2,20,8,False,False,1577.7,2019,demo,31
demo-tournament:031,Лисья нора — 2019,2019-03-17,31,demo:016,3,20,8,False,False,1452.9,2019,demo,31
demo-tournament:031,Лисья нора — 2019,2019-03-17,31,demo:009,4,20,8,False,False,1395.5,2019,demo,31
demo-tournament:031,Лисья нора — 2019,2019-03-17,31,demo:002,5,20,8,False,False,1124.1,2019,demo,31
demo-tournament:031,Лисья нора — 2019,2019-03-17,31,demo:072,6,20,8,False,False,1007.0,2019,demo,31
demo-tournament:031,Лисья нора — 2019,2019-03-17,31,demo:011,7,20,8,False,False,805.7,2019,demo,31
demo-tournament:031,Лисья нора — 2019,2019-03-17,31,demo:043,8,20,8,False,False,760.7,2019,demo,31
demo-tournament:031,Лисья нора — 2019,2019-03-17,31,demo:019,9,20,8,False,False,592.6,2019,demo,31
demo-tournament:031,Лисья нора — 2019,2019-03-17,31,demo:041,10,20,8,False,False,444.0,2019,demo,31
demo-tournament:031,Лисья нора — 2019,2019-03-17,31,demo:082,11,20,8,False,False,322.9,2019,demo,31
demo-tournament:031,Лисья нора — 2019,2019-03-17,31,demo:042,12,20,8,False,False,278.6,2019,demo,31
demo-tournament:031,Лисья нора — 2019,2019-03-17,31,demo:028,13,20,8,False,False,169.8,2019,demo,31
demo-tournament:031,Лисья нора — 2019,2019-03-17,31,demo:086,14,20,8,False,False,-330.1,2019,demo,31
demo-tournament:031,Лисья нора — 2019,2019-03-17,31,demo:049,15,20,8,False,False,-621.1,2019,demo,31
demo-tournament:031,Лисья нора — 2019,2019-03-17,31,demo:008,16,20,8,False,False,-783.3,2019,demo,31
demo-tournament:031,Лисья нора — 2019,2019-03-17,31,demo:071,17,20,8,False,False,-1000.9,2019,demo,31
demo-tournament:031,Лисья нора — 2019,2019-03-17,31,demo:029,18,20,8,False,False,-1451.6,2019,demo,31
demo-tournament:031,Лисья нора — 2019,2019-03-17,31,demo:047,19,20,8,False,False,-1541.2,2019,demo,31
demo-tournament:031,Лисья нора — 2019,2019-03-17,31,demo:048,20,20,8,False,False,-2483.9,2019,demo,31
demo-tournament:032,Панда-пати — 2019,2019-05-26,32,demo:099,1,16,4,False,False,2517.6,2019,demo,32
demo-tournament:032,Панда-пати — 2019,2019-05-26,32,demo:014,2,16,4,False,False,2123.2,2019,demo,32
demo-tournament:032,Панда-пати — 2019,2019-05-26,32,demo:082,3,16,4,False,False,1411.7,2019,demo,32
demo-tournament:032,Панда-пати — 2019,2019-05-26,32,demo:081,4,16,4,False,False,1298.1,2019,demo,32
demo-tournament:032,Панда-пати — 2019,2019-05-26,32,demo:006,5,16,4,False,False,654.0,2019,demo,32
demo-tournament:032,Панда-пати — 2019,2019-05-26,32,demo:011,6,16,4,False,False,647.4,2019,demo,32
demo-tournament:032,Панда-пати — 2019,2019-05-26,32,demo:028,7,16,4,False,False,523.5,2019,demo,32
demo-tournament:032,Панда-пати — 2019,2019-05-26,32,demo:047,8,16,4,False,False,491.6,2019,demo,32
demo-tournament:032,Панда-пати — 2019,2019-05-26,32,demo:073,9,16,4,False,False,308.8,2019,demo,32
demo-tournament:032,Панда-пати — 2019,2019-05-26,32,demo:045,10,16,4,False,False,-42.8,2019,demo,32
demo-tournament:032,Панда-пати — 2019,2019-05-26,32,demo:003,11,16,4,False,False,-138.2,2019,demo,32
demo-tournament:032,Панда-пати — 2019,2019-05-26,32,demo:021,12,16,4,False,False,-143.8,2019,demo,32
demo-tournament:032,Панда-пати — 2019,2019-05-26,32,demo:068,13,16,4,False,False,-193.6,2019,demo,32
demo-tournament:032,Панда-пати — 2019,2019-05-26,32,demo:053,14,16,4,False,False,-1190.9,2019,demo,32
demo-tournament:032,Панда-пати — 2019,2019-05-26,32,demo:048,15,16,4,False,False,-1760.5,2019,demo,32
demo-tournament:032,Панда-пати — 2019,2019-05-26,32,demo:038,16,16,4,False,False,-2763.3,2019,demo,32
demo-tournament:033,Турнир тихой заводи — 2019,2019-06-02,33,demo:108,1,40,10,False,False,2055.3,2019,demo,33
demo-tournament:033,Турнир тихой заводи — 2019,2019-06-02,33,demo:067,2,40,10,False,False,1770.5,2019,demo,33
demo-tournament:033,Турнир тихой заводи — 2019,2019-06-02,33,demo:070,3,40,10,False,False,1611.4,2019,demo,33
demo-tournament:033,Турнир тихой заводи — 2019,2019-06-02,33,demo:014,4,40,10,False,False,1425.1,2019,demo,33
demo-tournament:033,Турнир тихой заводи — 2019,2019-06-02,33,demo:042,5,40,10,False,False,1267.7,2019,demo,33
demo-tournament:033,Турнир тихой заводи — 2019,2019-06-02,33,demo:033,6,40,10,False,False,1114.1,2019,demo,33
demo-tournament:033,Турнир тихой заводи — 2019,2019-06-02,33,demo:002,7,40,10,False,False,807.5,2019,demo,33
demo-tournament:033,Турнир тихой заводи — 2019,2019-06-02,33,demo:011,8,40,10,False,False,743.3,2019,demo,33
demo-tournament:033,Турнир тихой заводи — 2019,2019-06-02,33,demo:028,9,40,10,False,False,691.8,2019,demo,33
demo-tournament:033,Турнир тихой заводи — 2019,2019-06-02,33,demo:006,10,40,10,False,False,671.6,2019,demo,33
demo-tournament:033,Турнир тихой заводи — 2019,2019-06-02,33,demo:082,11,40,10,False,False,642.3,2019,demo,33
demo-tournament:033,Турнир тихой заводи — 2019,2019-06-02,33,demo:045,12,40,10,False,False,537.8,2019,demo,33
demo-tournament:033,Турнир тихой заводи — 2019,2019-06-02,33,demo:049,13,40,10,False,False,434.7,2019,demo,33
demo-tournament:033,Турнир тихой заводи — 2019,2019-06-02,33,demo:034,14,40,10,False,False,297.5,2019,demo,33
demo-tournament:033,Турнир тихой заводи — 2019,2019-06-02,33,demo:019,15,40,10,False,False,238.1,2019,demo,33
demo-tournament:033,Турнир тихой заводи — 2019,2019-06-02,33,demo:089,16,40,10,False,False,152.9,2019,demo,33
demo-tournament:033,Турнир тихой заводи — 2019,2019-06-02,33,demo:008,17,40,10,False,False,85.6,2019,demo,33
demo-tournament:033,Турнир тихой заводи — 2019,2019-06-02,33,demo:057,18,40,10,False,False,84.7,2019,demo,33
demo-tournament:033,Турнир тихой заводи — 2019,2019-06-02,33,demo:020,19,40,10,False,False,80.8,2019,demo,33
demo-tournament:033,Турнир тихой заводи — 2019,2019-06-02,33,demo:043,20,40,10,False,False,79.1,2019,demo,33
demo-tournament:033,Турнир тихой заводи — 2019,2019-06-02,33,demo:009,21,40,10,False,False,76.2,2019,demo,33
demo-tournament:033,Турнир тихой заводи — 2019,2019-06-02,33,demo:044,22,40,10,False,False,38.1,2019,demo,33
demo-tournament:033,Турнир тихой заводи — 2019,2019-06-02,33,demo:069,23,40,10,False,False,3.4,2019,demo,33
demo-tournament:033,Турнир тихой заводи — 2019,2019-06-02,33,demo:041,24,40,10,False,False,-31.4,2019,demo,33
demo-tournament:033,Турнир тихой заводи — 2019,2019-06-02,33,demo:003,25,40,10,False,False,-50.6,2019,demo,33
demo-tournament:033,Турнир тихой заводи — 2019,2019-06-02,33,demo:106,26,40,10,False,False,-93.2,2019,demo,33
demo-tournament:033,Турнир тихой заводи — 2019,2019-06-02,33,demo:060,27,40,10,False,False,-109.3,2019,demo,33
demo-tournament:033,Турнир тихой заводи — 2019,2019-06-02,33,demo:073,28,40,10,False,False,-237.5,2019,demo,33
demo-tournament:033,Турнир тихой заводи — 2019,2019-06-02,33,demo:032,29,40,10,False,False,-337.5,2019,demo,33
demo-tournament:033,Турнир тихой заводи — 2019,2019-06-02,33,demo:081,30,40,10,False,False,-424.9,2019,demo,33
demo-tournament:033,Турнир тихой заводи — 2019,2019-06-02,33,demo:017,31,40,10,False,False,-744.1,2019,demo,33
demo-tournament:033,Турнир тихой заводи — 2019,2019-06-02,33,demo:075,32,40,10,False,False,-838.1,2019,demo,33
demo-tournament:033,Турнир тихой заводи — 2019,2019-06-02,33,demo:077,33,40,10,False,False,-988.6,2019,demo,33
demo-tournament:033,Турнир тихой заводи — 2019,2019-06-02,33,demo:076,34,40,10,False,False,-1192.5,2019,demo,33
demo-tournament:033,Турнир тихой заводи — 2019,2019-06-02,33,demo:025,35,40,10,False,False,-1468.5,2019,demo,33
demo-tournament:033,Турнир тихой заводи — 2019,2019-06-02,33,demo:078,36,40,10,False,False,-1514.9,2019,demo,33
demo-tournament:033,Турнир тихой заводи — 2019,2019-06-02,33,demo:048,37,40,10,False,False,-1715.1,2019,demo,33
demo-tournament:033,Турнир тихой заводи — 2019,2019-06-02,33,demo:026,38,40,10,False,False,-2300.7,2019,demo,33
demo-tournament:033,Турнир тихой заводи — 2019,2019-06-02,33,demo:038,39,40,10,False,False,-2414.9,2019,demo,33
demo-tournament:033,Турнир тихой заводи — 2019,2019-06-02,33,demo:023,40,40,10,False,False,-2999.2,2019,demo,33
demo-tournament:034,Кубок полосатого хвоста — 2019,2019-06-16,34,demo:066,1,24,8,False,False,1870.3,2019,demo,34
demo-tournament:034,Кубок полосатого хвоста — 2019,2019-06-16,34,demo:002,2,24,8,False,False,1847.3,2019,demo,34
demo-tournament:034,Кубок полосатого хвоста — 2019,2019-06-16,34,demo:107,3,24,8,False,True,1316.4,2019,demo,34
demo-tournament:034,Кубок полосатого хвоста — 2019,2019-06-16,34,demo:045,4,24,8,False,False,1088.3,2019,demo,34
demo-tournament:034,Кубок полосатого хвоста — 2019,2019-06-16,34,demo:017,5,24,8,False,False,672.7,2019,demo,34
demo-tournament:034,Кубок полосатого хвоста — 2019,2019-06-16,34,demo:024,6,24,8,False,False,578.4,2019,demo,34
demo-tournament:034,Кубок полосатого хвоста — 2019,2019-06-16,34,demo:057,7,24,8,False,False,547.0,2019,demo,34
demo-tournament:034,Кубок полосатого хвоста — 2019,2019-06-16,34,demo:063,8,24,8,False,False,544.3,2019,demo,34
demo-tournament:034,Кубок полосатого хвоста — 2019,2019-06-16,34,demo:043,9,24,8,False,False,376.2,2019,demo,34
demo-tournament:034,Кубок полосатого хвоста — 2019,2019-06-16,34,demo:009,10,24,8,False,False,278.8,2019,demo,34
demo-tournament:034,Кубок полосатого хвоста — 2019,2019-06-16,34,demo:065,11,24,8,False,False,153.7,2019,demo,34
demo-tournament:034,Кубок полосатого хвоста — 2019,2019-06-16,34,demo:034,12,24,8,False,False,138.9,2019,demo,34
demo-tournament:034,Кубок полосатого хвоста — 2019,2019-06-16,34,demo:044,13,24,8,False,False,63.7,2019,demo,34
demo-tournament:034,Кубок полосатого хвоста — 2019,2019-06-16,34,demo:071,14,24,8,False,False,-53.0,2019,demo,34
demo-tournament:034,Кубок полосатого хвоста — 2019,2019-06-16,34,demo:101,15,24,8,False,False,-64.1,2019,demo,34
demo-tournament:034,Кубок полосатого хвоста — 2019,2019-06-16,34,demo:020,16,24,8,False,False,-173.3,2019,demo,34
demo-tournament:034,Кубок полосатого хвоста — 2019,2019-06-16,34,demo:049,17,24,8,False,False,-297.0,2019,demo,34
demo-tournament:034,Кубок полосатого хвоста — 2019,2019-06-16,34,demo:029,18,24,8,False,False,-487.6,2019,demo,34
demo-tournament:034,Кубок полосатого хвоста — 2019,2019-06-16,34,demo:077,19,24,8,False,False,-576.3,2019,demo,34
demo-tournament:034,Кубок полосатого хвоста — 2019,2019-06-16,34,demo:060,20,24,8,False,False,-670.0,2019,demo,34
demo-tournament:034,Кубок полосатого хвоста — 2019,2019-06-16,34,demo:008,21,24,8,False,False,-860.2,2019,demo,34
demo-tournament:034,Кубок полосатого хвоста — 2019,2019-06-16,34,demo:048,22,24,8,False,False,-1117.7,2019,demo,34
demo-tournament:034,Кубок полосатого хвоста — 2019,2019-06-16,34,demo:072,23,24,8,False,False,-1401.2,2019,demo,34
demo-tournament:034,Кубок полосатого хвоста — 2019,2019-06-16,34,demo:038,24,24,8,False,False,-2528.8,2019,demo,34
demo-tournament:035,Сезон охоты за шишками — 2019,2019-07-21,35,demo:014,1,36,13,False,False,2156.5,2019,demo,35
demo-tournament:035,Сезон охоты за шишками — 2019,2019-07-21,35,demo:083,2,36,13,False,False,2032.2,2019,demo,35
demo-tournament:035,Сезон охоты за шишками — 2019,2019-07-21,35,demo:016,3,36,13,False,False,1897.9,2019,demo,35
demo-tournament:035,Сезон охоты за шишками — 2019,2019-07-21,35,demo:049,4,36,13,False,False,1852.3,2019,demo,35
demo-tournament:035,Сезон охоты за шишками — 2019,2019-07-21,35,demo:002,5,36,13,False,False,1595.4,2019,demo,35
demo-tournament:035,Сезон охоты за шишками — 2019,2019-07-21,35,demo:024,6,36,13,False,False,1513.4,2019,demo,35
demo-tournament:035,Сезон охоты за шишками — 2019,2019-07-21,35,demo:044,7,36,13,False,False,1324.0,2019,demo,35
demo-tournament:035,Сезон охоты за шишками — 2019,2019-07-21,35,demo:079,8,36,13,False,False,1209.8,2019,demo,35
demo-tournament:035,Сезон охоты за шишками — 2019,2019-07-21,35,demo:071,9,36,13,False,False,1180.1,2019,demo,35
demo-tournament:035,Сезон охоты за шишками — 2019,2019-07-21,35,demo:042,10,36,13,False,False,902.1,2019,demo,35
demo-tournament:035,Сезон охоты за шишками — 2019,2019-07-21,35,demo:028,11,36,13,False,False,878.8,2019,demo,35
demo-tournament:035,Сезон охоты за шишками — 2019,2019-07-21,35,demo:009,12,36,13,False,False,779.5,2019,demo,35
demo-tournament:035,Сезон охоты за шишками — 2019,2019-07-21,35,demo:075,13,36,13,False,False,651.7,2019,demo,35
demo-tournament:035,Сезон охоты за шишками — 2019,2019-07-21,35,demo:080,14,36,13,False,False,404.1,2019,demo,35
demo-tournament:035,Сезон охоты за шишками — 2019,2019-07-21,35,demo:011,15,36,13,False,False,347.9,2019,demo,35
demo-tournament:035,Сезон охоты за шишками — 2019,2019-07-21,35,demo:025,16,36,13,False,False,281.1,2019,demo,35
demo-tournament:035,Сезон охоты за шишками — 2019,2019-07-21,35,demo:034,17,36,13,False,False,245.0,2019,demo,35
demo-tournament:035,Сезон охоты за шишками — 2019,2019-07-21,35,demo:085,18,36,13,False,False,204.6,2019,demo,35
demo-tournament:035,Сезон охоты за шишками — 2019,2019-07-21,35,demo:006,19,36,13,False,False,86.8,2019,demo,35
demo-tournament:035,Сезон охоты за шишками — 2019,2019-07-21,35,demo:038,20,36,13,False,False,86.7,2019,demo,35
demo-tournament:035,Сезон охоты за шишками — 2019,2019-07-21,35,demo:020,21,36,13,False,False,84.5,2019,demo,35
demo-tournament:035,Сезон охоты за шишками — 2019,2019-07-21,35,demo:022,22,36,13,False,False,48.8,2019,demo,35
demo-tournament:035,Сезон охоты за шишками — 2019,2019-07-21,35,demo:047,23,36,13,False,False,7.0,2019,demo,35
demo-tournament:035,Сезон охоты за шишками — 2019,2019-07-21,35,demo:057,24,36,13,False,False,-446.8,2019,demo,35
demo-tournament:035,Сезон охоты за шишками — 2019,2019-07-21,35,demo:029,25,36,13,False,False,-509.7,2019,demo,35
demo-tournament:035,Сезон охоты за шишками — 2019,2019-07-21,35,demo:069,26,36,13,False,False,-536.7,2019,demo,35
demo-tournament:035,Сезон охоты за шишками — 2019,2019-07-21,35,demo:021,27,36,13,False,False,-547.2,2019,demo,35
demo-tournament:035,Сезон охоты за шишками — 2019,2019-07-21,35,demo:090,28,36,13,False,False,-635.9,2019,demo,35
demo-tournament:035,Сезон охоты за шишками — 2019,2019-07-21,35,demo:048,29,36,13,False,False,-694.1,2019,demo,35
demo-tournament:035,Сезон охоты за шишками — 2019,2019-07-21,35,demo:064,30,36,13,False,False,-704.6,2019,demo,35
demo-tournament:035,Сезон охоты за шишками — 2019,2019-07-21,35,demo:045,31,36,13,False,False,-716.8,2019,demo,35
demo-tournament:035,Сезон охоты за шишками — 2019,2019-07-21,35,demo:023,32,36,13,False,False,-1130.5,2019,demo,35
demo-tournament:035,Сезон охоты за шишками — 2019,2019-07-21,35,demo:086,33,36,13,False,False,-1186.5,2019,demo,35
demo-tournament:035,Сезон охоты за шишками — 2019,2019-07-21,35,demo:032,34,36,13,False,False,-1297.4,2019,demo,35
demo-tournament:035,Сезон охоты за шишками — 2019,2019-07-21,35,demo:008,35,36,13,False,False,-1970.2,2019,demo,35
demo-tournament:035,Сезон охоты за шишками — 2019,2019-07-21,35,demo:060,36,36,13,False,False,-2309.7,2019,demo,35
demo-tournament:036,Великий перелёт — 2019,2019-08-03,36,demo:070,1,16,5,False,False,3249.3,2019,demo,36
demo-tournament:036,Великий перелёт — 2019,2019-08-03,36,demo:062,2,16,5,False,False,1373.2,2019,demo,36
demo-tournament:036,Великий перелёт — 2019,2019-08-03,36,demo:034,3,16,5,False,False,770.7,2019,demo,36
demo-tournament:036,Великий перелёт — 2019,2019-08-03,36,demo:066,4,16,5,False,False,603.0,2019,demo,36
demo-tournament:036,Великий перелёт — 2019,2019-08-03,36,demo:057,5,16,5,False,False,380.6,2019,demo,36
demo-tournament:036,Великий перелёт — 2019,2019-08-03,36,demo:043,6,16,5,False,False,323.3,2019,demo,36
demo-tournament:036,Великий перелёт — 2019,2019-08-03,36,demo:049,7,16,5,False,False,76.6,2019,demo,36
demo-tournament:036,Великий перелёт — 2019,2019-08-03,36,demo:003,8,16,5,False,False,-27.5,2019,demo,36
demo-tournament:036,Великий перелёт — 2019,2019-08-03,36,demo:025,9,16,5,False,False,-93.5,2019,demo,36
demo-tournament:036,Великий перелёт — 2019,2019-08-03,36,demo:102,10,16,5,False,False,-124.6,2019,demo,36
demo-tournament:036,Великий перелёт — 2019,2019-08-03,36,demo:006,11,16,5,False,False,-377.2,2019,demo,36
demo-tournament:036,Великий перелёт — 2019,2019-08-03,36,demo:009,12,16,5,False,False,-503.3,2019,demo,36
demo-tournament:036,Великий перелёт — 2019,2019-08-03,36,demo:044,13,16,5,False,False,-744.3,2019,demo,36
demo-tournament:036,Великий перелёт — 2019,2019-08-03,36,demo:107,14,16,5,False,False,-1012.0,2019,demo,36
demo-tournament:036,Великий перелёт — 2019,2019-08-03,36,demo:075,15,16,5,False,False,-1177.8,2019,demo,36
demo-tournament:036,Великий перелёт — 2019,2019-08-03,36,demo:038,16,16,5,False,False,-2026.8,2019,demo,36
demo-tournament:037,Речной переполох — 2019,2019-08-25,37,demo:014,1,28,8,False,False,2247.5,2019,demo,37
demo-tournament:037,Речной переполох — 2019,2019-08-25,37,demo:079,2,28,8,False,False,1889.6,2019,demo,37
demo-tournament:037,Речной переполох — 2019,2019-08-25,37,demo:002,3,28,8,False,False,1734.2,2019,demo,37
demo-tournament:037,Речной переполох — 2019,2019-08-25,37,demo:108,4,28,8,False,False,1470.8,2019,demo,37
demo-tournament:037,Речной переполох — 2019,2019-08-25,37,demo:024,5,28,8,False,False,1159.7,2019,demo,37
demo-tournament:037,Речной переполох — 2019,2019-08-25,37,demo:041,6,28,8,False,False,863.5,2019,demo,37
demo-tournament:037,Речной переполох — 2019,2019-08-25,37,demo:029,7,28,8,False,False,651.8,2019,demo,37
demo-tournament:037,Речной переполох — 2019,2019-08-25,37,demo:022,8,28,8,False,False,606.8,2019,demo,37
demo-tournament:037,Речной переполох — 2019,2019-08-25,37,demo:089,9,28,8,False,False,380.6,2019,demo,37
demo-tournament:037,Речной переполох — 2019,2019-08-25,37,demo:063,10,28,8,False,False,379.3,2019,demo,37
demo-tournament:037,Речной переполох — 2019,2019-08-25,37,demo:069,11,28,8,False,False,362.1,2019,demo,37
demo-tournament:037,Речной переполох — 2019,2019-08-25,37,demo:028,12,28,8,False,False,306.8,2019,demo,37
demo-tournament:037,Речной переполох — 2019,2019-08-25,37,demo:009,13,28,8,False,False,298.0,2019,demo,37
demo-tournament:037,Речной переполох — 2019,2019-08-25,37,demo:057,14,28,8,False,False,183.0,2019,demo,37
demo-tournament:037,Речной переполох — 2019,2019-08-25,37,demo:008,15,28,8,False,False,152.9,2019,demo,37
demo-tournament:037,Речной переполох — 2019,2019-08-25,37,demo:020,16,28,8,False,False,100.7,2019,demo,37
demo-tournament:037,Речной переполох — 2019,2019-08-25,37,demo:059,17,28,8,False,False,9.8,2019,demo,37
demo-tournament:037,Речной переполох — 2019,2019-08-25,37,demo:011,18,28,8,False,False,-213.2,2019,demo,37
demo-tournament:037,Речной переполох — 2019,2019-08-25,37,demo:082,19,28,8,False,False,-412.2,2019,demo,37
demo-tournament:037,Речной переполох — 2019,2019-08-25,37,demo:072,20,28,8,False,False,-452.0,2019,demo,37
demo-tournament:037,Речной переполох — 2019,2019-08-25,37,demo:021,21,28,8,False,False,-533.5,2019,demo,37
demo-tournament:037,Речной переполох — 2019,2019-08-25,37,demo:003,22,28,8,False,False,-1082.7,2019,demo,37
demo-tournament:037,Речной переполох — 2019,2019-08-25,37,demo:026,23,28,8,False,False,-1192.3,2019,demo,37
demo-tournament:037,Речной переполох — 2019,2019-08-25,37,demo:053,24,28,8,False,False,-1240.2,2019,demo,37
demo-tournament:037,Речной переполох — 2019,2019-08-25,37,demo:071,25,28,8,False,False,-1349.7,2019,demo,37
demo-tournament:037,Речной переполох — 2019,2019-08-25,37,demo:040,26,28,8,False,False,-1609.0,2019,demo,37
demo-tournament:037,Речной переполох — 2019,2019-08-25,37,demo:038,27,28,8,False,False,-2280.1,2019,demo,37
demo-tournament:037,Речной переполох — 2019,2019-08-25,37,demo:047,28,28,8,False,False,-2342.0,2019,demo,37
demo-tournament:038,Собрание у старого дуба — 2019,2019-09-08,38,demo:020,1,28,10,False,False,2441.6,2019,demo,38
demo-tournament:038,Собрание у старого дуба — 2019,2019-09-08,38,demo:064,2,28,10,False,False,2117.8,2019,demo,38
demo-tournament:038,Собрание у старого дуба — 2019,2019-09-08,38,demo:014,3,28,10,False,False,1586.0,2019,demo,38
demo-tournament:038,Собрание у старого дуба — 2019,2019-09-08,38,demo:006,4,28,10,False,False,1303.1,2019,demo,38
demo-tournament:038,Собрание у старого дуба — 2019,2019-09-08,38,demo:049,5,28,10,False,False,1224.6,2019,demo,38
demo-tournament:038,Собрание у старого дуба — 2019,2019-09-08,38,demo:022,6,28,10,False,False,1140.7,2019,demo,38
demo-tournament:038,Собрание у старого дуба — 2019,2019-09-08,38,demo:009,7,28,10,False,False,1094.3,2019,demo,38
demo-tournament:038,Собрание у старого дуба — 2019,2019-09-08,38,demo:069,8,28,10,False,False,925.9,2019,demo,38
demo-tournament:038,Собрание у старого дуба — 2019,2019-09-08,38,demo:033,9,28,10,False,False,846.4,2019,demo,38
demo-tournament:038,Собрание у старого дуба — 2019,2019-09-08,38,demo:066,10,28,10,False,False,813.2,2019,demo,38
demo-tournament:038,Собрание у старого дуба — 2019,2019-09-08,38,demo:063,11,28,10,False,False,454.7,2019,demo,38
demo-tournament:038,Собрание у старого дуба — 2019,2019-09-08,38,demo:015,12,28,10,False,False,50.1,2019,demo,38
demo-tournament:038,Собрание у старого дуба — 2019,2019-09-08,38,demo:081,13,28,10,False,False,-4.8,2019,demo,38
demo-tournament:038,Собрание у старого дуба — 2019,2019-09-08,38,demo:021,14,28,10,False,False,-115.7,2019,demo,38
demo-tournament:038,Собрание у старого дуба — 2019,2019-09-08,38,demo:054,15,28,10,False,False,-169.8,2019,demo,38
demo-tournament:038,Собрание у старого дуба — 2019,2019-09-08,38,demo:057,16,28,10,False,False,-293.2,2019,demo,38
demo-tournament:038,Собрание у старого дуба — 2019,2019-09-08,38,demo:028,17,28,10,False,False,-367.2,2019,demo,38
demo-tournament:038,Собрание у старого дуба — 2019,2019-09-08,38,demo:019,18,28,10,False,False,-510.1,2019,demo,38
demo-tournament:038,Собрание у старого дуба — 2019,2019-09-08,38,demo:077,19,28,10,False,False,-687.9,2019,demo,38
demo-tournament:038,Собрание у старого дуба — 2019,2019-09-08,38,demo:047,20,28,10,False,False,-740.2,2019,demo,38
demo-tournament:038,Собрание у старого дуба — 2019,2019-09-08,38,demo:059,21,28,10,False,False,-1025.1,2019,demo,38
demo-tournament:038,Собрание у старого дуба — 2019,2019-09-08,38,demo:008,22,28,10,False,False,-1108.5,2019,demo,38
demo-tournament:038,Собрание у старого дуба — 2019,2019-09-08,38,demo:074,23,28,10,False,False,-1154.1,2019,demo,38
demo-tournament:038,Собрание у старого дуба — 2019,2019-09-08,38,demo:038,24,28,10,False,False,-1279.1,2019,demo,38
demo-tournament:038,Собрание у старого дуба — 2019,2019-09-08,38,demo:026,25,28,10,False,False,-1334.6,2019,demo,38
demo-tournament:038,Собрание у старого дуба — 2019,2019-09-08,38,demo:029,26,28,10,False,True,-1596.1,2019,demo,38
demo-tournament:038,Собрание у старого дуба — 2019,2019-09-08,38,demo:048,27,28,10,False,False,-1737.1,2019,demo,38
demo-tournament:038,Собрание у старого дуба — 2019,2019-09-08,38,demo:003,28,28,10,False,False,-1761.9,2019,demo,38
demo-tournament:039,Кубок ночной совы — 2020,2020-01-26,39,demo:044,1,32,10,False,False,2735.6,2020,demo,39
demo-tournament:039,Кубок ночной совы — 2020,2020-01-26,39,demo:014,2,32,10,False,False,2166.1,2020,demo,39
demo-tournament:039,Кубок ночной совы — 2020,2020-01-26,39,demo:071,3,32,10,False,False,1942.1,2020,demo,39
demo-tournament:039,Кубок ночной совы — 2020,2020-01-26,39,demo:020,4,32,10,False,False,1663.8,2020,demo,39
demo-tournament:039,Кубок ночной совы — 2020,2020-01-26,39,demo:018,5,32,10,False,False,1623.0,2020,demo,39
demo-tournament:039,Кубок ночной совы — 2020,2020-01-26,39,demo:082,6,32,10,False,False,1604.9,2020,demo,39
demo-tournament:039,Кубок ночной совы — 2020,2020-01-26,39,demo:028,7,32,10,False,False,1516.1,2020,demo,39
demo-tournament:039,Кубок ночной совы — 2020,2020-01-26,39,demo:024,8,32,10,False,False,1508.8,2020,demo,39
demo-tournament:039,Кубок ночной совы — 2020,2020-01-26,39,demo:019,9,32,10,False,False,1379.4,2020,demo,39
demo-tournament:039,Кубок ночной совы — 2020,2020-01-26,39,demo:073,10,32,10,False,False,889.2,2020,demo,39
demo-tournament:039,Кубок ночной совы — 2020,2020-01-26,39,demo:015,11,32,10,False,False,589.0,2020,demo,39
demo-tournament:039,Кубок ночной совы — 2020,2020-01-26,39,demo:006,12,32,10,False,False,403.8,2020,demo,39
demo-tournament:039,Кубок ночной совы — 2020,2020-01-26,39,demo:066,13,32,10,False,False,310.0,2020,demo,39
demo-tournament:039,Кубок ночной совы — 2020,2020-01-26,39,demo:042,14,32,10,False,False,252.8,2020,demo,39
demo-tournament:039,Кубок ночной совы — 2020,2020-01-26,39,demo:041,15,32,10,False,False,252.7,2020,demo,39
demo-tournament:039,Кубок ночной совы — 2020,2020-01-26,39,demo:043,16,32,10,False,False,-104.5,2020,demo,39
demo-tournament:039,Кубок ночной совы — 2020,2020-01-26,39,demo:026,17,32,10,False,False,-259.7,2020,demo,39
demo-tournament:039,Кубок ночной совы — 2020,2020-01-26,39,demo:059,18,32,10,False,False,-263.1,2020,demo,39
demo-tournament:039,Кубок ночной совы — 2020,2020-01-26,39,demo:008,19,32,10,False,False,-315.3,2020,demo,39
demo-tournament:039,Кубок ночной совы — 2020,2020-01-26,39,demo:081,20,32,10,False,False,-464.7,2020,demo,39
demo-tournament:039,Кубок ночной совы — 2020,2020-01-26,39,demo:057,21,32,10,False,False,-499.4,2020,demo,39
demo-tournament:039,Кубок ночной совы — 2020,2020-01-26,39,demo:009,22,32,10,False,False,-518.5,2020,demo,39
demo-tournament:039,Кубок ночной совы — 2020,2020-01-26,39,demo:011,23,32,10,False,False,-618.7,2020,demo,39
demo-tournament:039,Кубок ночной совы — 2020,2020-01-26,39,demo:061,24,32,10,False,False,-1068.6,2020,demo,39
demo-tournament:039,Кубок ночной совы — 2020,2020-01-26,39,demo:054,25,32,10,False,False,-1121.8,2020,demo,39
demo-tournament:039,Кубок ночной совы — 2020,2020-01-26,39,demo:003,26,32,10,False,False,-1137.7,2020,demo,39
demo-tournament:039,Кубок ночной совы — 2020,2020-01-26,39,demo:085,27,32,10,False,False,-1320.4,2020,demo,39
demo-tournament:039,Кубок ночной совы — 2020,2020-01-26,39,demo:065,28,32,10,False,False,-1509.0,2020,demo,39
demo-tournament:039,Кубок ночной совы — 2020,2020-01-26,39,demo:025,29,32,10,False,False,-1657.4,2020,demo,39
demo-tournament:039,Кубок ночной совы — 2020,2020-01-26,39,demo:038,30,32,10,False,False,-2216.8,2020,demo,39
demo-tournament:039,Кубок ночной совы — 2020,2020-01-26,39,demo:060,31,32,10,False,False,-2306.4,2020,demo,39
demo-tournament:039,Кубок ночной совы — 2020,2020-01-26,39,demo:048,32,32,10,False,False,-2358.4,2020,demo,39
demo-tournament:040,Tekken-1,2021-11-06,40,demo:079,1,56,10,False,False,2474.0,tekken-1,demo,40
demo-tournament:040,Tekken-1,2021-11-06,40,demo:063,2,56,10,False,False,1975.3,tekken-1,demo,40
demo-tournament:040,Tekken-1,2021-11-06,40,demo:014,3,56,10,False,False,1709.7,tekken-1,demo,40
demo-tournament:040,Tekken-1,2021-11-06,40,demo:075,4,56,10,False,False,1696.8,tekken-1,demo,40
demo-tournament:040,Tekken-1,2021-11-06,40,demo:044,5,56,10,False,False,1565.2,tekken-1,demo,40
demo-tournament:040,Tekken-1,2021-11-06,40,demo:073,6,56,10,False,False,1545.9,tekken-1,demo,40
demo-tournament:040,Tekken-1,2021-11-06,40,demo:105,7,56,10,False,False,1508.2,tekken-1,demo,40
demo-tournament:040,Tekken-1,2021-11-06,40,demo:030,8,56,10,False,False,1436.7,tekken-1,demo,40
demo-tournament:040,Tekken-1,2021-11-06,40,demo:057,9,56,10,False,False,1360.6,tekken-1,demo,40
demo-tournament:040,Tekken-1,2021-11-06,40,demo:002,10,56,10,False,False,1353.3,tekken-1,demo,40
demo-tournament:040,Tekken-1,2021-11-06,40,demo:054,11,56,10,False,False,1160.4,tekken-1,demo,40
demo-tournament:040,Tekken-1,2021-11-06,40,demo:028,12,56,10,False,False,1076.8,tekken-1,demo,40
demo-tournament:040,Tekken-1,2021-11-06,40,demo:021,13,56,10,False,False,1021.0,tekken-1,demo,40
demo-tournament:040,Tekken-1,2021-11-06,40,demo:064,14,56,10,False,False,1010.6,tekken-1,demo,40
demo-tournament:040,Tekken-1,2021-11-06,40,demo:006,15,56,10,False,False,971.5,tekken-1,demo,40
demo-tournament:040,Tekken-1,2021-11-06,40,demo:020,16,56,10,False,False,902.6,tekken-1,demo,40
demo-tournament:040,Tekken-1,2021-11-06,40,demo:016,17,56,10,False,False,828.4,tekken-1,demo,40
demo-tournament:040,Tekken-1,2021-11-06,40,demo:015,18,56,10,False,False,805.2,tekken-1,demo,40
demo-tournament:040,Tekken-1,2021-11-06,40,demo:089,19,56,10,False,False,721.0,tekken-1,demo,40
demo-tournament:040,Tekken-1,2021-11-06,40,demo:042,20,56,10,False,False,624.0,tekken-1,demo,40
demo-tournament:040,Tekken-1,2021-11-06,40,demo:032,21,56,10,False,False,444.4,tekken-1,demo,40
demo-tournament:040,Tekken-1,2021-11-06,40,demo:022,22,56,10,False,False,435.7,tekken-1,demo,40
demo-tournament:040,Tekken-1,2021-11-06,40,demo:034,23,56,10,False,False,425.8,tekken-1,demo,40
demo-tournament:040,Tekken-1,2021-11-06,40,demo:043,24,56,10,False,False,369.8,tekken-1,demo,40
demo-tournament:040,Tekken-1,2021-11-06,40,demo:045,25,56,10,False,False,265.8,tekken-1,demo,40
demo-tournament:040,Tekken-1,2021-11-06,40,demo:071,26,56,10,False,False,180.5,tekken-1,demo,40
demo-tournament:040,Tekken-1,2021-11-06,40,demo:019,27,56,10,False,False,132.9,tekken-1,demo,40
demo-tournament:040,Tekken-1,2021-11-06,40,demo:018,28,56,10,False,False,78.2,tekken-1,demo,40
demo-tournament:040,Tekken-1,2021-11-06,40,demo:026,29,56,10,False,False,62.3,tekken-1,demo,40
demo-tournament:040,Tekken-1,2021-11-06,40,demo:011,30,56,10,False,False,4.8,tekken-1,demo,40
demo-tournament:040,Tekken-1,2021-11-06,40,demo:049,31,56,10,False,False,-31.3,tekken-1,demo,40
demo-tournament:040,Tekken-1,2021-11-06,40,demo:083,32,56,10,False,False,-91.9,tekken-1,demo,40
demo-tournament:040,Tekken-1,2021-11-06,40,demo:090,33,56,10,False,False,-127.8,tekken-1,demo,40
demo-tournament:040,Tekken-1,2021-11-06,40,demo:086,34,56,10,False,False,-154.6,tekken-1,demo,40
demo-tournament:040,Tekken-1,2021-11-06,40,demo:027,35,56,10,False,False,-234.9,tekken-1,demo,40
demo-tournament:040,Tekken-1,2021-11-06,40,demo:040,36,56,10,False,False,-270.7,tekken-1,demo,40
demo-tournament:040,Tekken-1,2021-11-06,40,demo:068,37,56,10,False,False,-367.3,tekken-1,demo,40
demo-tournament:040,Tekken-1,2021-11-06,40,demo:041,38,56,10,False,False,-474.3,tekken-1,demo,40
demo-tournament:040,Tekken-1,2021-11-06,40,demo:023,39,56,10,False,False,-499.7,tekken-1,demo,40
demo-tournament:040,Tekken-1,2021-11-06,40,demo:008,40,56,10,False,False,-534.8,tekken-1,demo,40
demo-tournament:040,Tekken-1,2021-11-06,40,demo:062,41,56,10,False,False,-542.9,tekken-1,demo,40
demo-tournament:040,Tekken-1,2021-11-06,40,demo:053,42,56,10,False,False,-631.9,tekken-1,demo,40
demo-tournament:040,Tekken-1,2021-11-06,40,demo:035,43,56,10,False,False,-653.9,tekken-1,demo,40
demo-tournament:040,Tekken-1,2021-11-06,40,demo:058,44,56,10,False,False,-657.8,tekken-1,demo,40
demo-tournament:040,Tekken-1,2021-11-06,40,demo:074,45,56,10,False,False,-715.1,tekken-1,demo,40
demo-tournament:040,Tekken-1,2021-11-06,40,demo:009,46,56,10,False,False,-760.6,tekken-1,demo,40
demo-tournament:040,Tekken-1,2021-11-06,40,demo:029,47,56,10,False,False,-894.1,tekken-1,demo,40
demo-tournament:040,Tekken-1,2021-11-06,40,demo:077,48,56,10,False,False,-1560.5,tekken-1,demo,40
demo-tournament:040,Tekken-1,2021-11-06,40,demo:003,49,56,10,False,False,-1574.2,tekken-1,demo,40
demo-tournament:040,Tekken-1,2021-11-06,40,demo:061,50,56,10,False,False,-1920.3,tekken-1,demo,40
demo-tournament:040,Tekken-1,2021-11-06,40,demo:047,51,56,10,False,False,-1983.9,tekken-1,demo,40
demo-tournament:040,Tekken-1,2021-11-06,40,demo:046,52,56,10,False,False,-2086.6,tekken-1,demo,40
demo-tournament:040,Tekken-1,2021-11-06,40,demo:060,53,56,10,False,False,-2172.7,tekken-1,demo,40
demo-tournament:040,Tekken-1,2021-11-06,40,demo:048,54,56,10,False,False,-2213.0,tekken-1,demo,40
demo-tournament:040,Tekken-1,2021-11-06,40,demo:025,55,56,10,False,False,-2268.0,tekken-1,demo,40
demo-tournament:040,Tekken-1,2021-11-06,40,demo:038,56,56,10,False,False,-2430.3,tekken-1,demo,40
demo-tournament:041,Tekken-2,2021-11-28,41,demo:002,1,76,9,True,False,2841.2,tekken-2,demo,41
demo-tournament:041,Tekken-2,2021-11-28,41,demo:024,2,76,9,True,False,2093.9,tekken-2,demo,41
demo-tournament:041,Tekken-2,2021-11-28,41,demo:014,3,76,9,True,False,1948.3,tekken-2,demo,41
demo-tournament:041,Tekken-2,2021-11-28,41,demo:069,4,76,9,True,False,1818.3,tekken-2,demo,41
demo-tournament:041,Tekken-2,2021-11-28,41,demo:044,5,76,9,True,False,1690.9,tekken-2,demo,41
demo-tournament:041,Tekken-2,2021-11-28,41,demo:032,6,76,9,True,False,1483.8,tekken-2,demo,41
demo-tournament:041,Tekken-2,2021-11-28,41,demo:055,7,76,9,True,False,1447.7,tekken-2,demo,41
demo-tournament:041,Tekken-2,2021-11-28,41,demo:083,8,76,9,True,False,1418.6,tekken-2,demo,41
demo-tournament:041,Tekken-2,2021-11-28,41,demo:018,9,76,9,True,False,1328.2,tekken-2,demo,41
demo-tournament:041,Tekken-2,2021-11-28,41,demo:016,10,76,9,True,False,1302.3,tekken-2,demo,41
demo-tournament:041,Tekken-2,2021-11-28,41,demo:080,11,76,9,True,False,1206.7,tekken-2,demo,41
demo-tournament:041,Tekken-2,2021-11-28,41,demo:111,12,76,9,True,False,1113.1,tekken-2,demo,41
demo-tournament:041,Tekken-2,2021-11-28,41,demo:050,13,76,9,True,False,1034.1,tekken-2,demo,41
demo-tournament:041,Tekken-2,2021-11-28,41,demo:021,14,76,9,True,False,1031.6,tekken-2,demo,41
demo-tournament:041,Tekken-2,2021-11-28,41,demo:056,15,76,9,True,False,902.4,tekken-2,demo,41
demo-tournament:041,Tekken-2,2021-11-28,41,demo:013,16,76,9,True,False,822.7,tekken-2,demo,41
demo-tournament:041,Tekken-2,2021-11-28,41,demo:006,17,76,9,True,False,802.0,tekken-2,demo,41
demo-tournament:041,Tekken-2,2021-11-28,41,demo:042,18,76,9,True,False,793.7,tekken-2,demo,41
demo-tournament:041,Tekken-2,2021-11-28,41,demo:015,19,76,9,True,False,750.0,tekken-2,demo,41
demo-tournament:041,Tekken-2,2021-11-28,41,demo:017,20,76,9,True,False,719.2,tekken-2,demo,41
demo-tournament:041,Tekken-2,2021-11-28,41,demo:033,21,76,9,True,False,625.4,tekken-2,demo,41
demo-tournament:041,Tekken-2,2021-11-28,41,demo:058,22,76,9,True,False,622.4,tekken-2,demo,41
demo-tournament:041,Tekken-2,2021-11-28,41,demo:020,23,76,9,True,False,599.2,tekken-2,demo,41
demo-tournament:041,Tekken-2,2021-11-28,41,demo:011,24,76,9,True,False,486.8,tekken-2,demo,41
demo-tournament:041,Tekken-2,2021-11-28,41,demo:030,25,76,9,True,False,443.3,tekken-2,demo,41
demo-tournament:041,Tekken-2,2021-11-28,41,demo:049,26,76,9,True,False,371.4,tekken-2,demo,41
demo-tournament:041,Tekken-2,2021-11-28,41,demo:005,27,76,9,True,False,364.9,tekken-2,demo,41
demo-tournament:041,Tekken-2,2021-11-28,41,demo:028,28,76,9,True,False,279.0,tekken-2,demo,41
demo-tournament:041,Tekken-2,2021-11-28,41,demo:041,29,76,9,True,False,274.0,tekken-2,demo,41
demo-tournament:041,Tekken-2,2021-11-28,41,demo:022,30,76,9,True,False,236.5,tekken-2,demo,41
demo-tournament:041,Tekken-2,2021-11-28,41,demo:045,31,76,9,True,False,230.7,tekken-2,demo,41
demo-tournament:041,Tekken-2,2021-11-28,41,demo:060,32,76,9,True,False,220.3,tekken-2,demo,41
demo-tournament:041,Tekken-2,2021-11-28,41,demo:036,33,76,9,True,False,193.7,tekken-2,demo,41
demo-tournament:041,Tekken-2,2021-11-28,41,demo:004,34,76,9,True,False,120.6,tekken-2,demo,41
demo-tournament:041,Tekken-2,2021-11-28,41,demo:012,35,76,9,True,False,116.9,tekken-2,demo,41
demo-tournament:041,Tekken-2,2021-11-28,41,demo:081,36,76,9,True,False,37.3,tekken-2,demo,41
demo-tournament:041,Tekken-2,2021-11-28,41,demo:025,37,76,9,True,False,27.9,tekken-2,demo,41
demo-tournament:041,Tekken-2,2021-11-28,41,demo:057,38,76,9,True,False,18.8,tekken-2,demo,41
demo-tournament:041,Tekken-2,2021-11-28,41,demo:047,39,76,9,True,False,-93.5,tekken-2,demo,41
demo-tournament:041,Tekken-2,2021-11-28,41,demo:029,40,76,9,True,False,-95.8,tekken-2,demo,41
demo-tournament:041,Tekken-2,2021-11-28,41,demo:067,41,76,9,True,False,-130.2,tekken-2,demo,41
demo-tournament:041,Tekken-2,2021-11-28,41,demo:064,42,76,9,True,False,-131.9,tekken-2,demo,41
demo-tournament:041,Tekken-2,2021-11-28,41,demo:075,43,76,9,True,False,-140.0,tekken-2,demo,41
demo-tournament:041,Tekken-2,2021-11-28,41,demo:054,44,76,9,True,False,-181.7,tekken-2,demo,41
demo-tournament:041,Tekken-2,2021-11-28,41,demo:037,45,76,9,True,False,-262.6,tekken-2,demo,41
demo-tournament:041,Tekken-2,2021-11-28,41,demo:031,46,76,9,True,False,-279.5,tekken-2,demo,41
demo-tournament:041,Tekken-2,2021-11-28,41,demo:026,47,76,9,True,False,-348.5,tekken-2,demo,41
demo-tournament:041,Tekken-2,2021-11-28,41,demo:059,48,76,9,True,False,-353.4,tekken-2,demo,41
demo-tournament:041,Tekken-2,2021-11-28,41,demo:072,49,76,9,True,False,-419.6,tekken-2,demo,41
demo-tournament:041,Tekken-2,2021-11-28,41,demo:085,50,76,9,True,False,-471.1,tekken-2,demo,41
demo-tournament:041,Tekken-2,2021-11-28,41,demo:009,51,76,9,True,False,-497.5,tekken-2,demo,41
demo-tournament:041,Tekken-2,2021-11-28,41,demo:089,52,76,9,True,False,-514.5,tekken-2,demo,41
demo-tournament:041,Tekken-2,2021-11-28,41,demo:053,53,76,9,True,False,-537.9,tekken-2,demo,41
demo-tournament:041,Tekken-2,2021-11-28,41,demo:043,54,76,9,True,False,-649.6,tekken-2,demo,41
demo-tournament:041,Tekken-2,2021-11-28,41,demo:008,55,76,9,True,False,-666.4,tekken-2,demo,41
demo-tournament:041,Tekken-2,2021-11-28,41,demo:040,56,76,9,True,False,-674.0,tekken-2,demo,41
demo-tournament:041,Tekken-2,2021-11-28,41,demo:051,57,76,9,True,False,-747.6,tekken-2,demo,41
demo-tournament:041,Tekken-2,2021-11-28,41,demo:010,58,76,9,True,False,-748.8,tekken-2,demo,41
demo-tournament:041,Tekken-2,2021-11-28,41,demo:086,59,76,9,True,False,-871.9,tekken-2,demo,41
demo-tournament:041,Tekken-2,2021-11-28,41,demo:052,60,76,9,True,False,-890.8,tekken-2,demo,41
demo-tournament:041,Tekken-2,2021-11-28,41,demo:027,61,76,9,True,False,-915.6,tekken-2,demo,41
demo-tournament:041,Tekken-2,2021-11-28,41,demo:019,62,76,9,True,False,-1156.2,tekken-2,demo,41
demo-tournament:041,Tekken-2,2021-11-28,41,demo:035,63,76,9,True,False,-1174.4,tekken-2,demo,41
demo-tournament:041,Tekken-2,2021-11-28,41,demo:007,64,76,9,True,False,-1181.1,tekken-2,demo,41
demo-tournament:041,Tekken-2,2021-11-28,41,demo:001,65,76,9,True,False,-1201.6,tekken-2,demo,41
demo-tournament:041,Tekken-2,2021-11-28,41,demo:034,66,76,9,True,False,-1461.3,tekken-2,demo,41
demo-tournament:041,Tekken-2,2021-11-28,41,demo:077,67,76,9,True,False,-1566.3,tekken-2,demo,41
demo-tournament:041,Tekken-2,2021-11-28,41,demo:003,68,76,9,True,False,-1618.9,tekken-2,demo,41
demo-tournament:041,Tekken-2,2021-11-28,41,demo:068,69,76,9,True,False,-1638.6,tekken-2,demo,41
demo-tournament:041,Tekken-2,2021-11-28,41,demo:046,70,76,9,True,False,-1907.0,tekken-2,demo,41
demo-tournament:041,Tekken-2,2021-11-28,41,demo:048,71,76,9,True,False,-1966.9,tekken-2,demo,41
demo-tournament:041,Tekken-2,2021-11-28,41,demo:023,72,76,9,True,False,-2101.4,tekken-2,demo,41
demo-tournament:041,Tekken-2,2021-11-28,41,demo:076,73,76,9,True,False,-2135.7,tekken-2,demo,41
demo-tournament:041,Tekken-2,2021-11-28,41,demo:038,74,76,9,True,False,-2180.5,tekken-2,demo,41
demo-tournament:041,Tekken-2,2021-11-28,41,demo:039,75,76,9,True,False,-2310.0,tekken-2,demo,41
demo-tournament:041,Tekken-2,2021-11-28,41,demo:061,76,76,9,True,False,-3667.7,tekken-2,demo,41
demo-tournament:042,Лесная суета — 2021,2021-12-19,42,demo:002,1,48,10,False,False,3070.6,2021,demo,42
demo-tournament:042,Лесная суета — 2021,2021-12-19,42,demo:105,2,48,10,False,False,1736.1,2021,demo,42
demo-tournament:042,Лесная суета — 2021,2021-12-19,42,demo:028,3,48,10,False,False,1722.4,2021,demo,42
demo-tournament:042,Лесная суета — 2021,2021-12-19,42,demo:015,4,48,10,False,False,1711.9,2021,demo,42
demo-tournament:042,Лесная суета — 2021,2021-12-19,42,demo:070,5,48,10,False,False,1650.4,2021,demo,42
demo-tournament:042,Лесная суета — 2021,2021-12-19,42,demo:014,6,48,10,False,False,1374.9,2021,demo,42
demo-tournament:042,Лесная суета — 2021,2021-12-19,42,demo:044,7,48,10,False,False,1304.5,2021,demo,42
demo-tournament:042,Лесная суета — 2021,2021-12-19,42,demo:089,8,48,10,False,False,1280.2,2021,demo,42
demo-tournament:042,Лесная суета — 2021,2021-12-19,42,demo:020,9,48,10,False,False,1190.1,2021,demo,42
demo-tournament:042,Лесная суета — 2021,2021-12-19,42,demo:017,10,48,10,False,False,1149.1,2021,demo,42
demo-tournament:042,Лесная суета — 2021,2021-12-19,42,demo:041,11,48,10,False,False,1145.9,2021,demo,42
demo-tournament:042,Лесная суета — 2021,2021-12-19,42,demo:082,12,48,10,False,False,1077.8,2021,demo,42
demo-tournament:042,Лесная суета — 2021,2021-12-19,42,demo:011,13,48,10,False,False,1045.2,2021,demo,42
demo-tournament:042,Лесная суета — 2021,2021-12-19,42,demo:058,14,48,10,False,False,940.3,2021,demo,42
demo-tournament:042,Лесная суета — 2021,2021-12-19,42,demo:009,15,48,10,False,False,896.5,2021,demo,42
demo-tournament:042,Лесная суета — 2021,2021-12-19,42,demo:022,16,48,10,False,False,888.7,2021,demo,42
demo-tournament:042,Лесная суета — 2021,2021-12-19,42,demo:075,17,48,10,False,False,843.0,2021,demo,42
demo-tournament:042,Лесная суета — 2021,2021-12-19,42,demo:033,18,48,10,False,False,792.4,2021,demo,42
demo-tournament:042,Лесная суета — 2021,2021-12-19,42,demo:006,19,48,10,False,False,607.0,2021,demo,42
demo-tournament:042,Лесная суета — 2021,2021-12-19,42,demo:021,20,48,10,False,False,555.1,2021,demo,42
demo-tournament:042,Лесная суета — 2021,2021-12-19,42,demo:084,21,48,10,False,False,499.5,2021,demo,42
demo-tournament:042,Лесная суета — 2021,2021-12-19,42,demo:088,22,48,10,False,False,433.2,2021,demo,42
demo-tournament:042,Лесная суета — 2021,2021-12-19,42,demo:049,23,48,10,False,False,430.7,2021,demo,42
demo-tournament:042,Лесная суета — 2021,2021-12-19,42,demo:053,24,48,10,False,False,400.5,2021,demo,42
demo-tournament:042,Лесная суета — 2021,2021-12-19,42,demo:032,25,48,10,False,False,196.6,2021,demo,42
demo-tournament:042,Лесная суета — 2021,2021-12-19,42,demo:057,26,48,10,False,False,130.7,2021,demo,42
demo-tournament:042,Лесная суета — 2021,2021-12-19,42,demo:034,27,48,10,False,False,87.8,2021,demo,42
demo-tournament:042,Лесная суета — 2021,2021-12-19,42,demo:026,28,48,10,False,False,39.1,2021,demo,42
demo-tournament:042,Лесная суета — 2021,2021-12-19,42,demo:016,29,48,10,False,False,-46.2,2021,demo,42
demo-tournament:042,Лесная суета — 2021,2021-12-19,42,demo:048,30,48,10,False,False,-91.4,2021,demo,42
demo-tournament:042,Лесная суета — 2021,2021-12-19,42,demo:025,31,48,10,False,False,-128.8,2021,demo,42
demo-tournament:042,Лесная суета — 2021,2021-12-19,42,demo:074,32,48,10,False,False,-135.6,2021,demo,42
demo-tournament:042,Лесная суета — 2021,2021-12-19,42,demo:043,33,48,10,False,False,-136.8,2021,demo,42
demo-tournament:042,Лесная суета — 2021,2021-12-19,42,demo:072,34,48,10,False,True,-354.5,2021,demo,42
demo-tournament:042,Лесная суета — 2021,2021-12-19,42,demo:060,35,48,10,False,False,-360.1,2021,demo,42
demo-tournament:042,Лесная суета — 2021,2021-12-19,42,demo:029,36,48,10,False,False,-521.2,2021,demo,42
demo-tournament:042,Лесная суета — 2021,2021-12-19,42,demo:062,37,48,10,False,False,-558.4,2021,demo,42
demo-tournament:042,Лесная суета — 2021,2021-12-19,42,demo:059,38,48,10,False,False,-571.3,2021,demo,42
demo-tournament:042,Лесная суета — 2021,2021-12-19,42,demo:030,39,48,10,False,False,-962.8,2021,demo,42
demo-tournament:042,Лесная суета — 2021,2021-12-19,42,demo:023,40,48,10,False,False,-980.4,2021,demo,42
demo-tournament:042,Лесная суета — 2021,2021-12-19,42,demo:008,41,48,10,False,False,-1100.1,2021,demo,42
demo-tournament:042,Лесная суета — 2021,2021-12-19,42,demo:090,42,48,10,False,False,-1280.2,2021,demo,42
demo-tournament:042,Лесная суета — 2021,2021-12-19,42,demo:054,43,48,10,False,False,-1470.0,2021,demo,42
demo-tournament:042,Лесная суета — 2021,2021-12-19,42,demo:047,44,48,10,False,False,-1479.2,2021,demo,42
demo-tournament:042,Лесная суета — 2021,2021-12-19,42,demo:045,45,48,10,False,False,-1858.3,2021,demo,42
demo-tournament:042,Лесная суета — 2021,2021-12-19,42,demo:046,46,48,10,False,False,-1931.7,2021,demo,42
demo-tournament:042,Лесная суета — 2021,2021-12-19,42,demo:038,47,48,10,False,False,-2391.1,2021,demo,42
demo-tournament:042,Лесная суета — 2021,2021-12-19,42,demo:003,48,48,10,False,False,-2699.5,2021,demo,42
demo-tournament:043,Tekken-3,2022-03-20,43,demo:014,1,64,10,False,False,4008.7,tekken-3,demo,43
demo-tournament:043,Tekken-3,2022-03-20,43,demo:050,2,64,10,False,False,2404.7,tekken-3,demo,43
demo-tournament:043,Tekken-3,2022-03-20,43,demo:002,3,64,10,False,False,2258.6,tekken-3,demo,43
demo-tournament:043,Tekken-3,2022-03-20,43,demo:016,4,64,10,False,False,2063.0,tekken-3,demo,43
demo-tournament:043,Tekken-3,2022-03-20,43,demo:033,5,64,10,False,False,1981.1,tekken-3,demo,43
demo-tournament:043,Tekken-3,2022-03-20,43,demo:004,6,64,10,False,False,1753.8,tekken-3,demo,43
demo-tournament:043,Tekken-3,2022-03-20,43,demo:047,7,64,10,False,False,1737.3,tekken-3,demo,43
demo-tournament:043,Tekken-3,2022-03-20,43,demo:087,8,64,10,False,False,1730.6,tekken-3,demo,43
demo-tournament:043,Tekken-3,2022-03-20,43,demo:055,9,64,10,False,False,1632.9,tekken-3,demo,43
demo-tournament:043,Tekken-3,2022-03-20,43,demo:015,10,64,10,False,False,1299.5,tekken-3,demo,43
demo-tournament:043,Tekken-3,2022-03-20,43,demo:062,11,64,10,False,False,1281.3,tekken-3,demo,43
demo-tournament:043,Tekken-3,2022-03-20,43,demo:056,12,64,10,False,False,1240.9,tekken-3,demo,43
demo-tournament:043,Tekken-3,2022-03-20,43,demo:079,13,64,10,False,False,1170.4,tekken-3,demo,43
demo-tournament:043,Tekken-3,2022-03-20,43,demo:049,14,64,10,False,False,1016.3,tekken-3,demo,43
demo-tournament:043,Tekken-3,2022-03-20,43,demo:030,15,64,10,False,False,996.2,tekken-3,demo,43
demo-tournament:043,Tekken-3,2022-03-20,43,demo:013,16,64,10,False,False,801.9,tekken-3,demo,43
demo-tournament:043,Tekken-3,2022-03-20,43,demo:086,17,64,10,False,False,773.0,tekken-3,demo,43
demo-tournament:043,Tekken-3,2022-03-20,43,demo:045,18,64,10,False,False,722.8,tekken-3,demo,43
demo-tournament:043,Tekken-3,2022-03-20,43,demo:031,19,64,10,False,False,698.4,tekken-3,demo,43
demo-tournament:043,Tekken-3,2022-03-20,43,demo:006,20,64,10,False,False,672.5,tekken-3,demo,43
demo-tournament:043,Tekken-3,2022-03-20,43,demo:017,21,64,10,False,False,669.3,tekken-3,demo,43
demo-tournament:043,Tekken-3,2022-03-20,43,demo:018,22,64,10,False,False,543.9,tekken-3,demo,43
demo-tournament:043,Tekken-3,2022-03-20,43,demo:044,23,64,10,False,False,482.5,tekken-3,demo,43
demo-tournament:043,Tekken-3,2022-03-20,43,demo:009,24,64,10,False,False,364.1,tekken-3,demo,43
demo-tournament:043,Tekken-3,2022-03-20,43,demo:012,25,64,10,False,False,356.6,tekken-3,demo,43
demo-tournament:043,Tekken-3,2022-03-20,43,demo:037,26,64,10,False,False,324.0,tekken-3,demo,43
demo-tournament:043,Tekken-3,2022-03-20,43,demo:028,27,64,10,False,False,273.3,tekken-3,demo,43
demo-tournament:043,Tekken-3,2022-03-20,43,demo:073,28,64,10,False,False,200.7,tekken-3,demo,43
demo-tournament:043,Tekken-3,2022-03-20,43,demo:054,29,64,10,False,False,106.4,tekken-3,demo,43
demo-tournament:043,Tekken-3,2022-03-20,43,demo:020,30,64,10,False,False,91.3,tekken-3,demo,43
demo-tournament:043,Tekken-3,2022-03-20,43,demo:026,31,64,10,False,False,-7.5,tekken-3,demo,43
demo-tournament:043,Tekken-3,2022-03-20,43,demo:041,32,64,10,False,False,-63.8,tekken-3,demo,43
demo-tournament:043,Tekken-3,2022-03-20,43,demo:029,33,64,10,False,False,-86.5,tekken-3,demo,43
demo-tournament:043,Tekken-3,2022-03-20,43,demo:022,34,64,10,False,False,-98.4,tekken-3,demo,43
demo-tournament:043,Tekken-3,2022-03-20,43,demo:032,35,64,10,False,False,-155.8,tekken-3,demo,43
demo-tournament:043,Tekken-3,2022-03-20,43,demo:011,36,64,10,False,False,-193.9,tekken-3,demo,43
demo-tournament:043,Tekken-3,2022-03-20,43,demo:008,37,64,10,False,False,-202.6,tekken-3,demo,43
demo-tournament:043,Tekken-3,2022-03-20,43,demo:106,38,64,10,False,False,-214.2,tekken-3,demo,43
demo-tournament:043,Tekken-3,2022-03-20,43,demo:057,39,64,10,False,False,-365.0,tekken-3,demo,43
demo-tournament:043,Tekken-3,2022-03-20,43,demo:042,40,64,10,False,False,-375.3,tekken-3,demo,43
demo-tournament:043,Tekken-3,2022-03-20,43,demo:051,41,64,10,False,False,-392.3,tekken-3,demo,43
demo-tournament:043,Tekken-3,2022-03-20,43,demo:019,42,64,10,False,False,-440.2,tekken-3,demo,43
demo-tournament:043,Tekken-3,2022-03-20,43,demo:053,43,64,10,False,False,-501.2,tekken-3,demo,43
demo-tournament:043,Tekken-3,2022-03-20,43,demo:090,44,64,10,False,False,-511.6,tekken-3,demo,43
demo-tournament:043,Tekken-3,2022-03-20,43,demo:068,45,64,10,False,False,-556.4,tekken-3,demo,43
demo-tournament:043,Tekken-3,2022-03-20,43,demo:034,46,64,10,False,False,-712.3,tekken-3,demo,43
demo-tournament:043,Tekken-3,2022-03-20,43,demo:027,47,64,10,False,False,-731.8,tekken-3,demo,43
demo-tournament:043,Tekken-3,2022-03-20,43,demo:035,48,64,10,False,False,-791.9,tekken-3,demo,43
demo-tournament:043,Tekken-3,2022-03-20,43,demo:043,49,64,10,False,False,-882.9,tekken-3,demo,43
demo-tournament:043,Tekken-3,2022-03-20,43,demo:060,50,64,10,False,False,-897.7,tekken-3,demo,43
demo-tournament:043,Tekken-3,2022-03-20,43,demo:077,51,64,10,False,False,-1029.4,tekken-3,demo,43
demo-tournament:043,Tekken-3,2022-03-20,43,demo:039,52,64,10,False,False,-1186.1,tekken-3,demo,43
demo-tournament:043,Tekken-3,2022-03-20,43,demo:005,53,64,10,False,False,-1243.9,tekken-3,demo,43
demo-tournament:043,Tekken-3,2022-03-20,43,demo:064,54,64,10,False,False,-1296.0,tekken-3,demo,43
demo-tournament:043,Tekken-3,2022-03-20,43,demo:076,55,64,10,False,False,-1367.1,tekken-3,demo,43
demo-tournament:043,Tekken-3,2022-03-20,43,demo:088,56,64,10,False,False,-1429.2,tekken-3,demo,43
demo-tournament:043,Tekken-3,2022-03-20,43,demo:023,57,64,10,False,False,-1669.7,tekken-3,demo,43
demo-tournament:043,Tekken-3,2022-03-20,43,demo:003,58,64,10,False,False,-1672.5,tekken-3,demo,43
demo-tournament:043,Tekken-3,2022-03-20,43,demo:048,59,64,10,False,False,-1737.1,tekken-3,demo,43
demo-tournament:043,Tekken-3,2022-03-20,43,demo:059,60,64,10,False,False,-1829.9,tekken-3,demo,43
demo-tournament:043,Tekken-3,2022-03-20,43,demo:021,61,64,10,False,False,-1929.1,tekken-3,demo,43
demo-tournament:043,Tekken-3,2022-03-20,43,demo:038,62,64,10,False,False,-2189.4,tekken-3,demo,43
demo-tournament:043,Tekken-3,2022-03-20,43,demo:025,63,64,10,False,False,-2198.0,tekken-3,demo,43
demo-tournament:043,Tekken-3,2022-03-20,43,demo:040,64,64,10,False,False,-2225.7,tekken-3,demo,43
demo-tournament:044,Tekken-4,2022-06-12,44,demo:014,1,88,10,False,False,2759.7,tekken-4,demo,44
demo-tournament:044,Tekken-4,2022-06-12,44,demo:079,2,88,10,False,False,2499.2,tekken-4,demo,44
demo-tournament:044,Tekken-4,2022-06-12,44,demo:055,3,88,10,False,False,2491.3,tekken-4,demo,44
demo-tournament:044,Tekken-4,2022-06-12,44,demo:020,4,88,10,False,False,2374.8,tekken-4,demo,44
demo-tournament:044,Tekken-4,2022-06-12,44,demo:013,5,88,10,False,False,2267.4,tekken-4,demo,44
demo-tournament:044,Tekken-4,2022-06-12,44,demo:033,6,88,10,False,False,2174.7,tekken-4,demo,44
demo-tournament:044,Tekken-4,2022-06-12,44,demo:088,7,88,10,False,False,2137.0,tekken-4,demo,44
demo-tournament:044,Tekken-4,2022-06-12,44,demo:042,8,88,10,False,False,1682.7,tekken-4,demo,44
demo-tournament:044,Tekken-4,2022-06-12,44,demo:049,9,88,10,False,False,1578.9,tekken-4,demo,44
demo-tournament:044,Tekken-4,2022-06-12,44,demo:036,10,88,10,False,False,1543.8,tekken-4,demo,44
demo-tournament:044,Tekken-4,2022-06-12,44,demo:045,11,88,10,False,False,1536.6,tekken-4,demo,44
demo-tournament:044,Tekken-4,2022-06-12,44,demo:070,12,88,10,False,False,1455.0,tekken-4,demo,44
demo-tournament:044,Tekken-4,2022-06-12,44,demo:056,13,88,10,False,False,1365.7,tekken-4,demo,44
demo-tournament:044,Tekken-4,2022-06-12,44,demo:022,14,88,10,False,False,1309.0,tekken-4,demo,44
demo-tournament:044,Tekken-4,2022-06-12,44,demo:082,15,88,10,False,False,1307.0,tekken-4,demo,44
demo-tournament:044,Tekken-4,2022-06-12,44,demo:041,16,88,10,False,False,1190.4,tekken-4,demo,44
demo-tournament:044,Tekken-4,2022-06-12,44,demo:027,17,88,10,False,False,1153.0,tekken-4,demo,44
demo-tournament:044,Tekken-4,2022-06-12,44,demo:004,18,88,10,False,False,1047.1,tekken-4,demo,44
demo-tournament:044,Tekken-4,2022-06-12,44,demo:089,19,88,10,False,False,981.7,tekken-4,demo,44
demo-tournament:044,Tekken-4,2022-06-12,44,demo:031,20,88,10,False,False,785.9,tekken-4,demo,44
demo-tournament:044,Tekken-4,2022-06-12,44,demo:002,21,88,10,False,False,764.9,tekken-4,demo,44
demo-tournament:044,Tekken-4,2022-06-12,44,demo:083,22,88,10,False,False,759.5,tekken-4,demo,44
demo-tournament:044,Tekken-4,2022-06-12,44,demo:081,23,88,10,False,False,641.7,tekken-4,demo,44
demo-tournament:044,Tekken-4,2022-06-12,44,demo:043,24,88,10,False,False,627.7,tekken-4,demo,44
demo-tournament:044,Tekken-4,2022-06-12,44,demo:037,25,88,10,False,False,603.3,tekken-4,demo,44
demo-tournament:044,Tekken-4,2022-06-12,44,demo:007,26,88,10,False,False,566.3,tekken-4,demo,44
demo-tournament:044,Tekken-4,2022-06-12,44,demo:012,27,88,10,False,False,548.0,tekken-4,demo,44
demo-tournament:044,Tekken-4,2022-06-12,44,demo:029,28,88,10,False,False,297.9,tekken-4,demo,44
demo-tournament:044,Tekken-4,2022-06-12,44,demo:062,29,88,10,False,False,220.8,tekken-4,demo,44
demo-tournament:044,Tekken-4,2022-06-12,44,demo:090,30,88,10,False,False,142.4,tekken-4,demo,44
demo-tournament:044,Tekken-4,2022-06-12,44,demo:087,31,88,10,False,False,142.0,tekken-4,demo,44
demo-tournament:044,Tekken-4,2022-06-12,44,demo:044,32,88,10,False,False,140.8,tekken-4,demo,44
demo-tournament:044,Tekken-4,2022-06-12,44,demo:071,33,88,10,False,False,140.0,tekken-4,demo,44
demo-tournament:044,Tekken-4,2022-06-12,44,demo:018,34,88,10,False,False,131.1,tekken-4,demo,44
demo-tournament:044,Tekken-4,2022-06-12,44,demo:016,35,88,10,False,False,115.5,tekken-4,demo,44
demo-tournament:044,Tekken-4,2022-06-12,44,demo:019,36,88,10,False,False,90.3,tekken-4,demo,44
demo-tournament:044,Tekken-4,2022-06-12,44,demo:064,37,88,10,False,False,72.9,tekken-4,demo,44
demo-tournament:044,Tekken-4,2022-06-12,44,demo:026,38,88,10,False,False,47.5,tekken-4,demo,44
demo-tournament:044,Tekken-4,2022-06-12,44,demo:034,39,88,10,False,False,2.4,tekken-4,demo,44
demo-tournament:044,Tekken-4,2022-06-12,44,demo:015,40,88,10,False,False,-30.9,tekken-4,demo,44
demo-tournament:044,Tekken-4,2022-06-12,44,demo:006,41,88,10,False,False,-35.3,tekken-4,demo,44
demo-tournament:044,Tekken-4,2022-06-12,44,demo:065,42,88,10,False,False,-88.5,tekken-4,demo,44
demo-tournament:044,Tekken-4,2022-06-12,44,demo:054,43,88,10,False,False,-158.4,tekken-4,demo,44
demo-tournament:044,Tekken-4,2022-06-12,44,demo:040,44,88,10,False,False,-192.0,tekken-4,demo,44
demo-tournament:044,Tekken-4,2022-06-12,44,demo:030,45,88,10,False,False,-194.2,tekken-4,demo,44
demo-tournament:044,Tekken-4,2022-06-12,44,demo:050,46,88,10,False,False,-198.3,tekken-4,demo,44
demo-tournament:044,Tekken-4,2022-06-12,44,demo:028,47,88,10,False,False,-223.4,tekken-4,demo,44
demo-tournament:044,Tekken-4,2022-06-12,44,demo:011,48,88,10,False,False,-250.2,tekken-4,demo,44
demo-tournament:044,Tekken-4,2022-06-12,44,demo:066,49,88,10,False,False,-261.6,tekken-4,demo,44
demo-tournament:044,Tekken-4,2022-06-12,44,demo:085,50,88,10,False,False,-297.0,tekken-4,demo,44
demo-tournament:044,Tekken-4,2022-06-12,44,demo:053,51,88,10,False,False,-304.3,tekken-4,demo,44
demo-tournament:044,Tekken-4,2022-06-12,44,demo:051,52,88,10,False,False,-325.6,tekken-4,demo,44
demo-tournament:044,Tekken-4,2022-06-12,44,demo:009,53,88,10,False,False,-335.7,tekken-4,demo,44
demo-tournament:044,Tekken-4,2022-06-12,44,demo:010,54,88,10,False,False,-370.8,tekken-4,demo,44
demo-tournament:044,Tekken-4,2022-06-12,44,demo:017,55,88,10,False,False,-379.5,tekken-4,demo,44
demo-tournament:044,Tekken-4,2022-06-12,44,demo:008,56,88,10,False,False,-424.2,tekken-4,demo,44
demo-tournament:044,Tekken-4,2022-06-12,44,demo:057,57,88,10,False,False,-513.4,tekken-4,demo,44
demo-tournament:044,Tekken-4,2022-06-12,44,demo:047,58,88,10,False,False,-643.3,tekken-4,demo,44
demo-tournament:044,Tekken-4,2022-06-12,44,demo:059,59,88,10,False,False,-687.4,tekken-4,demo,44
demo-tournament:044,Tekken-4,2022-06-12,44,demo:001,60,88,10,False,False,-688.0,tekken-4,demo,44
demo-tournament:044,Tekken-4,2022-06-12,44,demo:069,61,88,10,False,False,-699.9,tekken-4,demo,44
demo-tournament:044,Tekken-4,2022-06-12,44,demo:025,62,88,10,False,False,-736.0,tekken-4,demo,44
demo-tournament:044,Tekken-4,2022-06-12,44,demo:067,63,88,10,False,False,-752.7,tekken-4,demo,44
demo-tournament:044,Tekken-4,2022-06-12,44,demo:078,64,88,10,False,False,-764.1,tekken-4,demo,44
demo-tournament:044,Tekken-4,2022-06-12,44,demo:021,65,88,10,False,False,-823.2,tekken-4,demo,44
demo-tournament:044,Tekken-4,2022-06-12,44,demo:068,66,88,10,False,False,-866.0,tekken-4,demo,44
demo-tournament:044,Tekken-4,2022-06-12,44,demo:076,67,88,10,False,False,-876.3,tekken-4,demo,44
demo-tournament:044,Tekken-4,2022-06-12,44,demo:035,68,88,10,False,False,-908.3,tekken-4,demo,44
demo-tournament:044,Tekken-4,2022-06-12,44,demo:052,69,88,10,False,False,-921.8,tekken-4,demo,44
demo-tournament:044,Tekken-4,2022-06-12,44,demo:077,70,88,10,False,False,-925.8,tekken-4,demo,44
demo-tournament:044,Tekken-4,2022-06-12,44,demo:023,71,88,10,False,False,-988.8,tekken-4,demo,44
demo-tournament:044,Tekken-4,2022-06-12,44,demo:060,72,88,10,False,False,-1008.4,tekken-4,demo,44
demo-tournament:044,Tekken-4,2022-06-12,44,demo:032,73,88,10,False,False,-1016.2,tekken-4,demo,44
demo-tournament:044,Tekken-4,2022-06-12,44,demo:072,74,88,10,False,False,-1017.5,tekken-4,demo,44
demo-tournament:044,Tekken-4,2022-06-12,44,demo:075,75,88,10,False,False,-1050.8,tekken-4,demo,44
demo-tournament:044,Tekken-4,2022-06-12,44,demo:084,76,88,10,False,False,-1181.7,tekken-4,demo,44
demo-tournament:044,Tekken-4,2022-06-12,44,demo:058,77,88,10,False,False,-1205.9,tekken-4,demo,44
demo-tournament:044,Tekken-4,2022-06-12,44,demo:003,78,88,10,False,False,-1209.3,tekken-4,demo,44
demo-tournament:044,Tekken-4,2022-06-12,44,demo:039,79,88,10,False,False,-1267.0,tekken-4,demo,44
demo-tournament:044,Tekken-4,2022-06-12,44,demo:048,80,88,10,False,False,-1502.3,tekken-4,demo,44
demo-tournament:044,Tekken-4,2022-06-12,44,demo:061,81,88,10,False,False,-1592.0,tekken-4,demo,44
demo-tournament:044,Tekken-4,2022-06-12,44,demo:005,82,88,10,False,False,-1687.8,tekken-4,demo,44
demo-tournament:044,Tekken-4,2022-06-12,44,demo:073,83,88,10,False,False,-1803.0,tekken-4,demo,44
demo-tournament:044,Tekken-4,2022-06-12,44,demo:086,84,88,10,False,False,-2343.6,tekken-4,demo,44
demo-tournament:044,Tekken-4,2022-06-12,44,demo:024,85,88,10,False,False,-2484.1,tekken-4,demo,44
demo-tournament:044,Tekken-4,2022-06-12,44,demo:046,86,88,10,False,False,-2813.7,tekken-4,demo,44
demo-tournament:044,Tekken-4,2022-06-12,44,demo:074,87,88,10,False,False,-2908.8,tekken-4,demo,44
demo-tournament:044,Tekken-4,2022-06-12,44,demo:038,88,88,10,False,False,-2936.1,tekken-4,demo,44
demo-tournament:045,Tekken-5,2022-11-06,45,demo:002,1,76,15,True,False,2223.2,tekken-5,demo,45
demo-tournament:045,Tekken-5,2022-11-06,45,demo:018,2,76,15,True,False,2114.0,tekken-5,demo,45
demo-tournament:045,Tekken-5,2022-11-06,45,demo:078,3,76,15,True,False,2112.1,tekken-5,demo,45
demo-tournament:045,Tekken-5,2022-11-06,45,demo:081,4,76,15,True,False,1825.5,tekken-5,demo,45
demo-tournament:045,Tekken-5,2022-11-06,45,demo:009,5,76,15,True,False,1518.5,tekken-5,demo,45
demo-tournament:045,Tekken-5,2022-11-06,45,demo:079,6,76,15,True,False,1447.2,tekken-5,demo,45
demo-tournament:045,Tekken-5,2022-11-06,45,demo:014,7,76,15,True,False,1363.8,tekken-5,demo,45
demo-tournament:045,Tekken-5,2022-11-06,45,demo:044,8,76,15,True,False,1291.4,tekken-5,demo,45
demo-tournament:045,Tekken-5,2022-11-06,45,demo:015,9,76,15,True,False,1280.3,tekken-5,demo,45
demo-tournament:045,Tekken-5,2022-11-06,45,demo:083,10,76,15,True,False,1141.4,tekken-5,demo,45
demo-tournament:045,Tekken-5,2022-11-06,45,demo:024,11,76,15,True,False,1137.9,tekken-5,demo,45
demo-tournament:045,Tekken-5,2022-11-06,45,demo:033,12,76,15,True,False,1055.1,tekken-5,demo,45
demo-tournament:045,Tekken-5,2022-11-06,45,demo:019,13,76,15,True,False,1046.1,tekken-5,demo,45
demo-tournament:045,Tekken-5,2022-11-06,45,demo:068,14,76,15,True,False,1019.6,tekken-5,demo,45
demo-tournament:045,Tekken-5,2022-11-06,45,demo:049,15,76,15,True,False,961.5,tekken-5,demo,45
demo-tournament:045,Tekken-5,2022-11-06,45,demo:016,16,76,15,True,False,916.8,tekken-5,demo,45
demo-tournament:045,Tekken-5,2022-11-06,45,demo:047,17,76,15,True,False,899.5,tekken-5,demo,45
demo-tournament:045,Tekken-5,2022-11-06,45,demo:066,18,76,15,True,False,822.1,tekken-5,demo,45
demo-tournament:045,Tekken-5,2022-11-06,45,demo:006,19,76,15,True,False,757.3,tekken-5,demo,45
demo-tournament:045,Tekken-5,2022-11-06,45,demo:042,20,76,15,True,False,725.7,tekken-5,demo,45
demo-tournament:045,Tekken-5,2022-11-06,45,demo:050,21,76,15,True,False,722.2,tekken-5,demo,45
demo-tournament:045,Tekken-5,2022-11-06,45,demo:022,22,76,15,True,False,691.0,tekken-5,demo,45
demo-tournament:045,Tekken-5,2022-11-06,45,demo:012,23,76,15,True,False,690.7,tekken-5,demo,45
demo-tournament:045,Tekken-5,2022-11-06,45,demo:055,24,76,15,True,False,662.2,tekken-5,demo,45
demo-tournament:045,Tekken-5,2022-11-06,45,demo:013,25,76,15,True,False,633.1,tekken-5,demo,45
demo-tournament:045,Tekken-5,2022-11-06,45,demo:063,26,76,15,True,False,632.7,tekken-5,demo,45
demo-tournament:045,Tekken-5,2022-11-06,45,demo:041,27,76,15,True,False,583.5,tekken-5,demo,45
demo-tournament:045,Tekken-5,2022-11-06,45,demo:058,28,76,15,True,False,575.1,tekken-5,demo,45
demo-tournament:045,Tekken-5,2022-11-06,45,demo:045,29,76,15,True,False,554.2,tekken-5,demo,45
demo-tournament:045,Tekken-5,2022-11-06,45,demo:011,30,76,15,True,False,499.6,tekken-5,demo,45
demo-tournament:045,Tekken-5,2022-11-06,45,demo:036,31,76,15,True,False,488.3,tekken-5,demo,45
demo-tournament:045,Tekken-5,2022-11-06,45,demo:010,32,76,15,True,False,469.0,tekken-5,demo,45
demo-tournament:045,Tekken-5,2022-11-06,45,demo:008,33,76,15,True,False,417.4,tekken-5,demo,45
demo-tournament:045,Tekken-5,2022-11-06,45,demo:031,34,76,15,True,False,392.0,tekken-5,demo,45
demo-tournament:045,Tekken-5,2022-11-06,45,demo:004,35,76,15,True,False,385.2,tekken-5,demo,45
demo-tournament:045,Tekken-5,2022-11-06,45,demo:034,36,76,15,True,False,192.9,tekken-5,demo,45
demo-tournament:045,Tekken-5,2022-11-06,45,demo:030,37,76,15,True,False,189.1,tekken-5,demo,45
demo-tournament:045,Tekken-5,2022-11-06,45,demo:028,38,76,15,True,False,173.8,tekken-5,demo,45
demo-tournament:045,Tekken-5,2022-11-06,45,demo:070,39,76,15,True,False,141.2,tekken-5,demo,45
demo-tournament:045,Tekken-5,2022-11-06,45,demo:056,40,76,15,True,False,138.3,tekken-5,demo,45
demo-tournament:045,Tekken-5,2022-11-06,45,demo:052,41,76,15,True,False,117.3,tekken-5,demo,45
demo-tournament:045,Tekken-5,2022-11-06,45,demo:037,42,76,15,True,False,60.5,tekken-5,demo,45
demo-tournament:045,Tekken-5,2022-11-06,45,demo:060,43,76,15,True,False,-41.6,tekken-5,demo,45
demo-tournament:045,Tekken-5,2022-11-06,45,demo:032,44,76,15,True,False,-53.0,tekken-5,demo,45
demo-tournament:045,Tekken-5,2022-11-06,45,demo:026,45,76,15,True,False,-126.7,tekken-5,demo,45
demo-tournament:045,Tekken-5,2022-11-06,45,demo:069,46,76,15,True,False,-137.4,tekken-5,demo,45
demo-tournament:045,Tekken-5,2022-11-06,45,demo:027,47,76,15,True,False,-155.8,tekken-5,demo,45
demo-tournament:045,Tekken-5,2022-11-06,45,demo:062,48,76,15,True,False,-306.9,tekken-5,demo,45
demo-tournament:045,Tekken-5,2022-11-06,45,demo:039,49,76,15,True,False,-326.6,tekken-5,demo,45
demo-tournament:045,Tekken-5,2022-11-06,45,demo:035,50,76,15,True,False,-341.1,tekken-5,demo,45
demo-tournament:045,Tekken-5,2022-11-06,45,demo:029,51,76,15,True,False,-369.1,tekken-5,demo,45
demo-tournament:045,Tekken-5,2022-11-06,45,demo:053,52,76,15,True,False,-401.0,tekken-5,demo,45
demo-tournament:045,Tekken-5,2022-11-06,45,demo:017,53,76,15,True,False,-491.7,tekken-5,demo,45
demo-tournament:045,Tekken-5,2022-11-06,45,demo:054,54,76,15,True,False,-630.8,tekken-5,demo,45
demo-tournament:045,Tekken-5,2022-11-06,45,demo:061,55,76,15,True,False,-665.0,tekken-5,demo,45
demo-tournament:045,Tekken-5,2022-11-06,45,demo:021,56,76,15,True,False,-668.1,tekken-5,demo,45
demo-tournament:045,Tekken-5,2022-11-06,45,demo:084,57,76,15,True,False,-730.9,tekken-5,demo,45
demo-tournament:045,Tekken-5,2022-11-06,45,demo:076,58,76,15,True,False,-796.9,tekken-5,demo,45
demo-tournament:045,Tekken-5,2022-11-06,45,demo:043,59,76,15,True,False,-821.3,tekken-5,demo,45
demo-tournament:045,Tekken-5,2022-11-06,45,demo:057,60,76,15,True,False,-837.2,tekken-5,demo,45
demo-tournament:045,Tekken-5,2022-11-06,45,demo:051,61,76,15,True,False,-884.4,tekken-5,demo,45
demo-tournament:045,Tekken-5,2022-11-06,45,demo:025,62,76,15,True,False,-919.1,tekken-5,demo,45
demo-tournament:045,Tekken-5,2022-11-06,45,demo:090,63,76,15,True,False,-1018.7,tekken-5,demo,45
demo-tournament:045,Tekken-5,2022-11-06,45,demo:001,64,76,15,True,False,-1159.7,tekken-5,demo,45
demo-tournament:045,Tekken-5,2022-11-06,45,demo:005,65,76,15,True,False,-1182.2,tekken-5,demo,45
demo-tournament:045,Tekken-5,2022-11-06,45,demo:046,66,76,15,True,False,-1246.6,tekken-5,demo,45
demo-tournament:045,Tekken-5,2022-11-06,45,demo:040,67,76,15,True,False,-1266.0,tekken-5,demo,45
demo-tournament:045,Tekken-5,2022-11-06,45,demo:059,68,76,15,True,False,-1456.9,tekken-5,demo,45
demo-tournament:045,Tekken-5,2022-11-06,45,demo:023,69,76,15,True,False,-1542.7,tekken-5,demo,45
demo-tournament:045,Tekken-5,2022-11-06,45,demo:003,70,76,15,True,False,-1631.2,tekken-5,demo,45
demo-tournament:045,Tekken-5,2022-11-06,45,demo:007,71,76,15,True,False,-1663.5,tekken-5,demo,45
demo-tournament:045,Tekken-5,2022-11-06,45,demo:020,72,76,15,True,False,-1725.2,tekken-5,demo,45
demo-tournament:045,Tekken-5,2022-11-06,45,demo:073,73,76,15,True,False,-2004.9,tekken-5,demo,45
demo-tournament:045,Tekken-5,2022-11-06,45,demo:048,74,76,15,True,False,-2065.7,tekken-5,demo,45
demo-tournament:045,Tekken-5,2022-11-06,45,demo:074,75,76,15,True,False,-2195.1,tekken-5,demo,45
demo-tournament:045,Tekken-5,2022-11-06,45,demo:038,76,76,15,True,False,-2919.7,tekken-5,demo,45
demo-tournament:046,Tekken-6,2023-06-11,46,demo:089,1,88,10,False,False,2970.1,tekken-6,demo,46
demo-tournament:046,Tekken-6,2023-06-11,46,demo:050,2,88,10,False,False,2249.5,tekken-6,demo,46
demo-tournament:046,Tekken-6,2023-06-11,46,demo:014,3,88,10,False,False,2090.0,tekken-6,demo,46
demo-tournament:046,Tekken-6,2023-06-11,46,demo:017,4,88,10,False,False,1864.2,tekken-6,demo,46
demo-tournament:046,Tekken-6,2023-06-11,46,demo:002,5,88,10,False,False,1829.9,tekken-6,demo,46
demo-tournament:046,Tekken-6,2023-06-11,46,demo:028,6,88,10,False,False,1783.9,tekken-6,demo,46
demo-tournament:046,Tekken-6,2023-06-11,46,demo:068,7,88,10,False,False,1711.3,tekken-6,demo,46
demo-tournament:046,Tekken-6,2023-06-11,46,demo:090,8,88,10,False,False,1628.3,tekken-6,demo,46
demo-tournament:046,Tekken-6,2023-06-11,46,demo:070,9,88,10,False,False,1359.3,tekken-6,demo,46
demo-tournament:046,Tekken-6,2023-06-11,46,demo:069,10,88,10,False,False,1292.4,tekken-6,demo,46
demo-tournament:046,Tekken-6,2023-06-11,46,demo:035,11,88,10,False,False,1288.3,tekken-6,demo,46
demo-tournament:046,Tekken-6,2023-06-11,46,demo:083,12,88,10,False,False,1286.9,tekken-6,demo,46
demo-tournament:046,Tekken-6,2023-06-11,46,demo:020,13,88,10,False,False,1264.5,tekken-6,demo,46
demo-tournament:046,Tekken-6,2023-06-11,46,demo:056,14,88,10,False,False,1235.0,tekken-6,demo,46
demo-tournament:046,Tekken-6,2023-06-11,46,demo:024,15,88,10,False,False,1234.2,tekken-6,demo,46
demo-tournament:046,Tekken-6,2023-06-11,46,demo:066,16,88,10,False,False,1168.8,tekken-6,demo,46
demo-tournament:046,Tekken-6,2023-06-11,46,demo:059,17,88,10,False,False,1163.5,tekken-6,demo,46
demo-tournament:046,Tekken-6,2023-06-11,46,demo:078,18,88,10,False,False,1110.4,tekken-6,demo,46
demo-tournament:046,Tekken-6,2023-06-11,46,demo:079,19,88,10,False,False,1011.8,tekken-6,demo,46
demo-tournament:046,Tekken-6,2023-06-11,46,demo:055,20,88,10,False,False,1008.2,tekken-6,demo,46
demo-tournament:046,Tekken-6,2023-06-11,46,demo:016,21,88,10,False,False,996.3,tekken-6,demo,46
demo-tournament:046,Tekken-6,2023-06-11,46,demo:044,22,88,10,False,False,865.4,tekken-6,demo,46
demo-tournament:046,Tekken-6,2023-06-11,46,demo:012,23,88,10,False,False,825.3,tekken-6,demo,46
demo-tournament:046,Tekken-6,2023-06-11,46,demo:013,24,88,10,False,False,749.0,tekken-6,demo,46
demo-tournament:046,Tekken-6,2023-06-11,46,demo:015,25,88,10,False,False,726.0,tekken-6,demo,46
demo-tournament:046,Tekken-6,2023-06-11,46,demo:029,26,88,10,False,False,625.7,tekken-6,demo,46
demo-tournament:046,Tekken-6,2023-06-11,46,demo:082,27,88,10,False,False,625.3,tekken-6,demo,46
demo-tournament:046,Tekken-6,2023-06-11,46,demo:033,28,88,10,False,False,605.4,tekken-6,demo,46
demo-tournament:046,Tekken-6,2023-06-11,46,demo:077,29,88,10,False,False,516.3,tekken-6,demo,46
demo-tournament:046,Tekken-6,2023-06-11,46,demo:073,30,88,10,False,False,465.7,tekken-6,demo,46
demo-tournament:046,Tekken-6,2023-06-11,46,demo:045,31,88,10,False,False,420.5,tekken-6,demo,46
demo-tournament:046,Tekken-6,2023-06-11,46,demo:021,32,88,10,False,False,420.4,tekken-6,demo,46
demo-tournament:046,Tekken-6,2023-06-11,46,demo:088,33,88,10,False,False,382.1,tekken-6,demo,46
demo-tournament:046,Tekken-6,2023-06-11,46,demo:018,34,88,10,False,False,360.1,tekken-6,demo,46
demo-tournament:046,Tekken-6,2023-06-11,46,demo:058,35,88,10,False,False,339.3,tekken-6,demo,46
demo-tournament:046,Tekken-6,2023-06-11,46,demo:108,36,88,10,False,False,305.5,tekken-6,demo,46
demo-tournament:046,Tekken-6,2023-06-11,46,demo:030,37,88,10,False,False,288.1,tekken-6,demo,46
demo-tournament:046,Tekken-6,2023-06-11,46,demo:076,38,88,10,False,False,276.0,tekken-6,demo,46
demo-tournament:046,Tekken-6,2023-06-11,46,demo:022,39,88,10,False,False,230.3,tekken-6,demo,46
demo-tournament:046,Tekken-6,2023-06-11,46,demo:008,40,88,10,False,False,178.1,tekken-6,demo,46
demo-tournament:046,Tekken-6,2023-06-11,46,demo:039,41,88,10,False,False,165.0,tekken-6,demo,46
demo-tournament:046,Tekken-6,2023-06-11,46,demo:032,42,88,10,False,False,164.0,tekken-6,demo,46
demo-tournament:046,Tekken-6,2023-06-11,46,demo:036,43,88,10,False,False,114.4,tekken-6,demo,46
demo-tournament:046,Tekken-6,2023-06-11,46,demo:005,44,88,10,False,False,68.5,tekken-6,demo,46
demo-tournament:046,Tekken-6,2023-06-11,46,demo:065,45,88,10,False,False,43.3,tekken-6,demo,46
demo-tournament:046,Tekken-6,2023-06-11,46,demo:041,46,88,10,False,False,-10.0,tekken-6,demo,46
demo-tournament:046,Tekken-6,2023-06-11,46,demo:084,47,88,10,False,False,-36.2,tekken-6,demo,46
demo-tournament:046,Tekken-6,2023-06-11,46,demo:001,48,88,10,False,False,-56.5,tekken-6,demo,46
demo-tournament:046,Tekken-6,2023-06-11,46,demo:009,49,88,10,False,False,-85.8,tekken-6,demo,46
demo-tournament:046,Tekken-6,2023-06-11,46,demo:042,50,88,10,False,False,-87.0,tekken-6,demo,46
demo-tournament:046,Tekken-6,2023-06-11,46,demo:011,51,88,10,False,False,-143.1,tekken-6,demo,46
demo-tournament:046,Tekken-6,2023-06-11,46,demo:023,52,88,10,False,False,-161.9,tekken-6,demo,46
demo-tournament:046,Tekken-6,2023-06-11,46,demo:037,53,88,10,False,False,-162.7,tekken-6,demo,46
demo-tournament:046,Tekken-6,2023-06-11,46,demo:019,54,88,10,False,False,-174.8,tekken-6,demo,46
demo-tournament:046,Tekken-6,2023-06-11,46,demo:006,55,88,10,False,False,-191.5,tekken-6,demo,46
demo-tournament:046,Tekken-6,2023-06-11,46,demo:027,56,88,10,False,False,-221.6,tekken-6,demo,46
demo-tournament:046,Tekken-6,2023-06-11,46,demo:071,57,88,10,False,False,-226.4,tekken-6,demo,46
demo-tournament:046,Tekken-6,2023-06-11,46,demo:043,58,88,10,False,False,-235.7,tekken-6,demo,46
demo-tournament:046,Tekken-6,2023-06-11,46,demo:114,59,88,10,False,True,-268.4,tekken-6,demo,46
demo-tournament:046,Tekken-6,2023-06-11,46,demo:063,60,88,10,False,False,-313.3,tekken-6,demo,46
demo-tournament:046,Tekken-6,2023-06-11,46,demo:034,61,88,10,False,False,-338.4,tekken-6,demo,46
demo-tournament:046,Tekken-6,2023-06-11,46,demo:081,62,88,10,False,False,-383.3,tekken-6,demo,46
demo-tournament:046,Tekken-6,2023-06-11,46,demo:062,63,88,10,False,False,-399.3,tekken-6,demo,46
demo-tournament:046,Tekken-6,2023-06-11,46,demo:064,64,88,10,False,False,-458.0,tekken-6,demo,46
demo-tournament:046,Tekken-6,2023-06-11,46,demo:053,65,88,10,False,False,-487.4,tekken-6,demo,46
demo-tournament:046,Tekken-6,2023-06-11,46,demo:004,66,88,10,False,False,-504.3,tekken-6,demo,46
demo-tournament:046,Tekken-6,2023-06-11,46,demo:025,67,88,10,False,False,-535.3,tekken-6,demo,46
demo-tournament:046,Tekken-6,2023-06-11,46,demo:010,68,88,10,False,False,-546.2,tekken-6,demo,46
demo-tournament:046,Tekken-6,2023-06-11,46,demo:049,69,88,10,False,False,-600.0,tekken-6,demo,46
demo-tournament:046,Tekken-6,2023-06-11,46,demo:038,70,88,10,False,False,-676.4,tekken-6,demo,46
demo-tournament:046,Tekken-6,2023-06-11,46,demo:057,71,88,10,False,False,-689.6,tekken-6,demo,46
demo-tournament:046,Tekken-6,2023-06-11,46,demo:003,72,88,10,False,False,-807.4,tekken-6,demo,46
demo-tournament:046,Tekken-6,2023-06-11,46,demo:086,73,88,10,False,False,-849.1,tekken-6,demo,46
demo-tournament:046,Tekken-6,2023-06-11,46,demo:007,74,88,10,False,False,-877.2,tekken-6,demo,46
demo-tournament:046,Tekken-6,2023-06-11,46,demo:085,75,88,10,False,False,-885.9,tekken-6,demo,46
demo-tournament:046,Tekken-6,2023-06-11,46,demo:051,76,88,10,False,False,-908.9,tekken-6,demo,46
demo-tournament:046,Tekken-6,2023-06-11,46,demo:072,77,88,10,False,False,-1008.1,tekken-6,demo,46
demo-tournament:046,Tekken-6,2023-06-11,46,demo:046,78,88,10,False,False,-1173.9,tekken-6,demo,46
demo-tournament:046,Tekken-6,2023-06-11,46,demo:040,79,88,10,False,False,-1209.1,tekken-6,demo,46
demo-tournament:046,Tekken-6,2023-06-11,46,demo:067,80,88,10,False,False,-1306.2,tekken-6,demo,46
demo-tournament:046,Tekken-6,2023-06-11,46,demo:026,81,88,10,False,False,-1423.3,tekken-6,demo,46
demo-tournament:046,Tekken-6,2023-06-11,46,demo:048,82,88,10,False,False,-1451.9,tekken-6,demo,46
demo-tournament:046,Tekken-6,2023-06-11,46,demo:031,83,88,10,False,False,-1670.3,tekken-6,demo,46
demo-tournament:046,Tekken-6,2023-06-11,46,demo:047,84,88,10,False,False,-1815.9,tekken-6,demo,46
demo-tournament:046,Tekken-6,2023-06-11,46,demo:054,85,88,10,False,True,-1876.5,tekken-6,demo,46
demo-tournament:046,Tekken-6,2023-06-11,46,demo:052,86,88,10,False,False,-1932.0,tekken-6,demo,46
demo-tournament:046,Tekken-6,2023-06-11,46,demo:060,87,88,10,False,False,-1986.7,tekken-6,demo,46
demo-tournament:046,Tekken-6,2023-06-11,46,demo:061,88,88,10,False,False,-3386.9,tekken-6,demo,46
demo-tournament:047,Tekken-7,2023-09-03,47,demo:002,1,88,10,False,False,4277.6,tekken-7,demo,47
demo-tournament:047,Tekken-7,2023-09-03,47,demo:083,2,88,10,False,False,2706.6,tekken-7,demo,47
demo-tournament:047,Tekken-7,2023-09-03,47,demo:066,3,88,10,False,False,2524.8,tekken-7,demo,47
demo-tournament:047,Tekken-7,2023-09-03,47,demo:078,4,88,10,False,False,2489.8,tekken-7,demo,47
demo-tournament:047,Tekken-7,2023-09-03,47,demo:014,5,88,10,False,False,1994.5,tekken-7,demo,47
demo-tournament:047,Tekken-7,2023-09-03,47,demo:044,6,88,10,False,False,1901.6,tekken-7,demo,47
demo-tournament:047,Tekken-7,2023-09-03,47,demo:033,7,88,10,False,False,1882.8,tekken-7,demo,47
demo-tournament:047,Tekken-7,2023-09-03,47,demo:027,8,88,10,False,False,1760.7,tekken-7,demo,47
demo-tournament:047,Tekken-7,2023-09-03,47,demo:028,9,88,10,False,False,1625.8,tekken-7,demo,47
demo-tournament:047,Tekken-7,2023-09-03,47,demo:004,10,88,10,False,False,1502.6,tekken-7,demo,47
demo-tournament:047,Tekken-7,2023-09-03,47,demo:055,11,88,10,False,False,1408.1,tekken-7,demo,47
demo-tournament:047,Tekken-7,2023-09-03,47,demo:050,12,88,10,False,False,1309.0,tekken-7,demo,47
demo-tournament:047,Tekken-7,2023-09-03,47,demo:070,13,88,10,False,False,1209.8,tekken-7,demo,47
demo-tournament:047,Tekken-7,2023-09-03,47,demo:089,14,88,10,False,False,1091.0,tekken-7,demo,47
demo-tournament:047,Tekken-7,2023-09-03,47,demo:079,15,88,10,False,False,1016.5,tekken-7,demo,47
demo-tournament:047,Tekken-7,2023-09-03,47,demo:026,16,88,10,False,False,1005.7,tekken-7,demo,47
demo-tournament:047,Tekken-7,2023-09-03,47,demo:082,17,88,10,False,False,978.8,tekken-7,demo,47
demo-tournament:047,Tekken-7,2023-09-03,47,demo:072,18,88,10,False,False,907.5,tekken-7,demo,47
demo-tournament:047,Tekken-7,2023-09-03,47,demo:069,19,88,10,False,False,905.8,tekken-7,demo,47
demo-tournament:047,Tekken-7,2023-09-03,47,demo:059,20,88,10,False,False,889.1,tekken-7,demo,47
demo-tournament:047,Tekken-7,2023-09-03,47,demo:073,21,88,10,False,False,873.1,tekken-7,demo,47
demo-tournament:047,Tekken-7,2023-09-03,47,demo:024,22,88,10,False,False,869.4,tekken-7,demo,47
demo-tournament:047,Tekken-7,2023-09-03,47,demo:007,23,88,10,False,False,794.9,tekken-7,demo,47
demo-tournament:047,Tekken-7,2023-09-03,47,demo:011,24,88,10,False,False,646.6,tekken-7,demo,47
demo-tournament:047,Tekken-7,2023-09-03,47,demo:042,25,88,10,False,False,638.2,tekken-7,demo,47
demo-tournament:047,Tekken-7,2023-09-03,47,demo:015,26,88,10,False,False,593.3,tekken-7,demo,47
demo-tournament:047,Tekken-7,2023-09-03,47,demo:019,27,88,10,False,False,581.7,tekken-7,demo,47
demo-tournament:047,Tekken-7,2023-09-03,47,demo:006,28,88,10,False,False,565.8,tekken-7,demo,47
demo-tournament:047,Tekken-7,2023-09-03,47,demo:034,29,88,10,False,False,534.7,tekken-7,demo,47
demo-tournament:047,Tekken-7,2023-09-03,47,demo:087,30,88,10,False,False,495.1,tekken-7,demo,47
demo-tournament:047,Tekken-7,2023-09-03,47,demo:001,31,88,10,False,False,483.9,tekken-7,demo,47
demo-tournament:047,Tekken-7,2023-09-03,47,demo:022,32,88,10,False,False,466.8,tekken-7,demo,47
demo-tournament:047,Tekken-7,2023-09-03,47,demo:037,33,88,10,False,False,461.4,tekken-7,demo,47
demo-tournament:047,Tekken-7,2023-09-03,47,demo:010,34,88,10,False,False,393.7,tekken-7,demo,47
demo-tournament:047,Tekken-7,2023-09-03,47,demo:030,35,88,10,False,False,337.1,tekken-7,demo,47
demo-tournament:047,Tekken-7,2023-09-03,47,demo:051,36,88,10,False,False,287.2,tekken-7,demo,47
demo-tournament:047,Tekken-7,2023-09-03,47,demo:071,37,88,10,False,False,285.2,tekken-7,demo,47
demo-tournament:047,Tekken-7,2023-09-03,47,demo:057,38,88,10,False,False,221.6,tekken-7,demo,47
demo-tournament:047,Tekken-7,2023-09-03,47,demo:005,39,88,10,False,False,205.0,tekken-7,demo,47
demo-tournament:047,Tekken-7,2023-09-03,47,demo:043,40,88,10,False,False,61.4,tekken-7,demo,47
demo-tournament:047,Tekken-7,2023-09-03,47,demo:067,41,88,10,False,False,57.0,tekken-7,demo,47
demo-tournament:047,Tekken-7,2023-09-03,47,demo:063,42,88,10,False,False,3.2,tekken-7,demo,47
demo-tournament:047,Tekken-7,2023-09-03,47,demo:018,43,88,10,False,False,-18.7,tekken-7,demo,47
demo-tournament:047,Tekken-7,2023-09-03,47,demo:017,44,88,10,False,False,-41.4,tekken-7,demo,47
demo-tournament:047,Tekken-7,2023-09-03,47,demo:062,45,88,10,False,False,-80.1,tekken-7,demo,47
demo-tournament:047,Tekken-7,2023-09-03,47,demo:053,46,88,10,False,False,-111.8,tekken-7,demo,47
demo-tournament:047,Tekken-7,2023-09-03,47,demo:041,47,88,10,False,False,-195.9,tekken-7,demo,47
demo-tournament:047,Tekken-7,2023-09-03,47,demo:036,48,88,10,False,False,-221.0,tekken-7,demo,47
demo-tournament:047,Tekken-7,2023-09-03,47,demo:009,49,88,10,False,False,-233.3,tekken-7,demo,47
demo-tournament:047,Tekken-7,2023-09-03,47,demo:020,50,88,10,False,False,-243.7,tekken-7,demo,47
demo-tournament:047,Tekken-7,2023-09-03,47,demo:013,51,88,10,False,False,-245.8,tekken-7,demo,47
demo-tournament:047,Tekken-7,2023-09-03,47,demo:056,52,88,10,False,False,-255.4,tekken-7,demo,47
demo-tournament:047,Tekken-7,2023-09-03,47,demo:081,53,88,10,False,False,-293.3,tekken-7,demo,47
demo-tournament:047,Tekken-7,2023-09-03,47,demo:016,54,88,10,False,False,-401.0,tekken-7,demo,47
demo-tournament:047,Tekken-7,2023-09-03,47,demo:031,55,88,10,False,False,-421.5,tekken-7,demo,47
demo-tournament:047,Tekken-7,2023-09-03,47,demo:048,56,88,10,False,False,-483.1,tekken-7,demo,47
demo-tournament:047,Tekken-7,2023-09-03,47,demo:064,57,88,10,False,False,-510.2,tekken-7,demo,47
demo-tournament:047,Tekken-7,2023-09-03,47,demo:075,58,88,10,False,False,-546.0,tekken-7,demo,47
demo-tournament:047,Tekken-7,2023-09-03,47,demo:008,59,88,10,False,False,-556.3,tekken-7,demo,47
demo-tournament:047,Tekken-7,2023-09-03,47,demo:003,60,88,10,False,False,-597.1,tekken-7,demo,47
demo-tournament:047,Tekken-7,2023-09-03,47,demo:088,61,88,10,False,False,-627.6,tekken-7,demo,47
demo-tournament:047,Tekken-7,2023-09-03,47,demo:038,62,88,10,False,False,-653.1,tekken-7,demo,47
demo-tournament:047,Tekken-7,2023-09-03,47,demo:077,63,88,10,False,False,-656.7,tekken-7,demo,47
demo-tournament:047,Tekken-7,2023-09-03,47,demo:085,64,88,10,False,False,-663.9,tekken-7,demo,47
demo-tournament:047,Tekken-7,2023-09-03,47,demo:086,65,88,10,False,False,-788.6,tekken-7,demo,47
demo-tournament:047,Tekken-7,2023-09-03,47,demo:049,66,88,10,False,False,-820.5,tekken-7,demo,47
demo-tournament:047,Tekken-7,2023-09-03,47,demo:029,67,88,10,False,False,-918.7,tekken-7,demo,47
demo-tournament:047,Tekken-7,2023-09-03,47,demo:012,68,88,10,False,False,-976.1,tekken-7,demo,47
demo-tournament:047,Tekken-7,2023-09-03,47,demo:045,69,88,10,False,False,-1100.4,tekken-7,demo,47
demo-tournament:047,Tekken-7,2023-09-03,47,demo:035,70,88,10,False,False,-1100.9,tekken-7,demo,47
demo-tournament:047,Tekken-7,2023-09-03,47,demo:068,71,88,10,False,False,-1161.0,tekken-7,demo,47
demo-tournament:047,Tekken-7,2023-09-03,47,demo:065,72,88,10,False,False,-1200.7,tekken-7,demo,47
demo-tournament:047,Tekken-7,2023-09-03,47,demo:032,73,88,10,False,False,-1243.3,tekken-7,demo,47
demo-tournament:047,Tekken-7,2023-09-03,47,demo:025,74,88,10,False,False,-1295.0,tekken-7,demo,47
demo-tournament:047,Tekken-7,2023-09-03,47,demo:084,75,88,10,False,False,-1310.2,tekken-7,demo,47
demo-tournament:047,Tekken-7,2023-09-03,47,demo:058,76,88,10,False,False,-1339.0,tekken-7,demo,47
demo-tournament:047,Tekken-7,2023-09-03,47,demo:060,77,88,10,False,False,-1355.4,tekken-7,demo,47
demo-tournament:047,Tekken-7,2023-09-03,47,demo:054,78,88,10,False,False,-1399.5,tekken-7,demo,47
demo-tournament:047,Tekken-7,2023-09-03,47,demo:090,79,88,10,False,False,-1401.8,tekken-7,demo,47
demo-tournament:047,Tekken-7,2023-09-03,47,demo:052,80,88,10,False,False,-1423.8,tekken-7,demo,47
demo-tournament:047,Tekken-7,2023-09-03,47,demo:023,81,88,10,False,False,-1721.2,tekken-7,demo,47
demo-tournament:047,Tekken-7,2023-09-03,47,demo:040,82,88,10,False,False,-1859.6,tekken-7,demo,47
demo-tournament:047,Tekken-7,2023-09-03,47,demo:046,83,88,10,False,False,-1937.8,tekken-7,demo,47
demo-tournament:047,Tekken-7,2023-09-03,47,demo:047,84,88,10,False,False,-2009.5,tekken-7,demo,47
demo-tournament:047,Tekken-7,2023-09-03,47,demo:021,85,88,10,False,False,-2058.5,tekken-7,demo,47
demo-tournament:047,Tekken-7,2023-09-03,47,demo:076,86,88,10,False,False,-2169.8,tekken-7,demo,47
demo-tournament:047,Tekken-7,2023-09-03,47,demo:061,87,88,10,False,False,-2729.4,tekken-7,demo,47
demo-tournament:047,Tekken-7,2023-09-03,47,demo:039,88,88,10,False,False,-2946.2,tekken-7,demo,47
demo-tournament:048,Зов джунглей — 2024,2024-03-10,48,demo:014,1,48,9,False,False,3218.4,2024,demo,48
demo-tournament:048,Зов джунглей — 2024,2024-03-10,48,demo:002,2,48,9,False,False,1923.7,2024,demo,48
demo-tournament:048,Зов джунглей — 2024,2024-03-10,48,demo:019,3,48,9,False,False,1727.8,2024,demo,48
demo-tournament:048,Зов джунглей — 2024,2024-03-10,48,demo:044,4,48,9,False,False,1663.7,2024,demo,48
demo-tournament:048,Зов джунглей — 2024,2024-03-10,48,demo:068,5,48,9,False,False,1439.0,2024,demo,48
demo-tournament:048,Зов джунглей — 2024,2024-03-10,48,demo:028,6,48,9,False,False,1327.6,2024,demo,48
demo-tournament:048,Зов джунглей — 2024,2024-03-10,48,demo:081,7,48,9,False,False,1293.9,2024,demo,48
demo-tournament:048,Зов джунглей — 2024,2024-03-10,48,demo:016,8,48,9,False,False,1284.8,2024,demo,48
demo-tournament:048,Зов джунглей — 2024,2024-03-10,48,demo:060,9,48,9,False,False,1265.9,2024,demo,48
demo-tournament:048,Зов джунглей — 2024,2024-03-10,48,demo:029,10,48,9,False,False,1172.9,2024,demo,48
demo-tournament:048,Зов джунглей — 2024,2024-03-10,48,demo:112,11,48,9,False,False,1049.9,2024,demo,48
demo-tournament:048,Зов джунглей — 2024,2024-03-10,48,demo:017,12,48,9,False,False,1036.9,2024,demo,48
demo-tournament:048,Зов джунглей — 2024,2024-03-10,48,demo:058,13,48,9,False,False,939.7,2024,demo,48
demo-tournament:048,Зов джунглей — 2024,2024-03-10,48,demo:042,14,48,9,False,False,885.9,2024,demo,48
demo-tournament:048,Зов джунглей — 2024,2024-03-10,48,demo:015,15,48,9,False,False,878.5,2024,demo,48
demo-tournament:048,Зов джунглей — 2024,2024-03-10,48,demo:045,16,48,9,False,False,848.9,2024,demo,48
demo-tournament:048,Зов джунглей — 2024,2024-03-10,48,demo:026,17,48,9,False,False,832.8,2024,demo,48
demo-tournament:048,Зов джунглей — 2024,2024-03-10,48,demo:020,18,48,9,False,False,756.7,2024,demo,48
demo-tournament:048,Зов джунглей — 2024,2024-03-10,48,demo:080,19,48,9,False,False,561.8,2024,demo,48
demo-tournament:048,Зов джунглей — 2024,2024-03-10,48,demo:036,20,48,9,False,False,468.1,2024,demo,48
demo-tournament:048,Зов джунглей — 2024,2024-03-10,48,demo:082,21,48,9,False,False,444.2,2024,demo,48
demo-tournament:048,Зов джунглей — 2024,2024-03-10,48,demo:041,22,48,9,False,False,367.8,2024,demo,48
demo-tournament:048,Зов джунглей — 2024,2024-03-10,48,demo:011,23,48,9,False,False,322.7,2024,demo,48
demo-tournament:048,Зов джунглей — 2024,2024-03-10,48,demo:069,24,48,9,False,False,276.6,2024,demo,48
demo-tournament:048,Зов джунглей — 2024,2024-03-10,48,demo:025,25,48,9,False,False,126.6,2024,demo,48
demo-tournament:048,Зов джунглей — 2024,2024-03-10,48,demo:034,26,48,9,False,False,120.6,2024,demo,48
demo-tournament:048,Зов джунглей — 2024,2024-03-10,48,demo:008,27,48,9,False,False,-47.5,2024,demo,48
demo-tournament:048,Зов джунглей — 2024,2024-03-10,48,demo:057,28,48,9,False,False,-58.8,2024,demo,48
demo-tournament:048,Зов джунглей — 2024,2024-03-10,48,demo:059,29,48,9,False,False,-93.8,2024,demo,48
demo-tournament:048,Зов джунглей — 2024,2024-03-10,48,demo:043,30,48,9,False,False,-131.2,2024,demo,48
demo-tournament:048,Зов джунглей — 2024,2024-03-10,48,demo:070,31,48,9,False,False,-204.6,2024,demo,48
demo-tournament:048,Зов джунглей — 2024,2024-03-10,48,demo:032,32,48,9,False,False,-207.2,2024,demo,48
demo-tournament:048,Зов джунглей — 2024,2024-03-10,48,demo:053,33,48,9,False,False,-246.7,2024,demo,48
demo-tournament:048,Зов джунглей — 2024,2024-03-10,48,demo:077,34,48,9,False,False,-251.5,2024,demo,48
demo-tournament:048,Зов джунглей — 2024,2024-03-10,48,demo:075,35,48,9,False,False,-344.3,2024,demo,48
demo-tournament:048,Зов джунглей — 2024,2024-03-10,48,demo:006,36,48,9,False,False,-421.4,2024,demo,48
demo-tournament:048,Зов джунглей — 2024,2024-03-10,48,demo:021,37,48,9,False,False,-427.6,2024,demo,48
demo-tournament:048,Зов джунглей — 2024,2024-03-10,48,demo:003,38,48,9,False,False,-800.0,2024,demo,48
demo-tournament:048,Зов джунглей — 2024,2024-03-10,48,demo:073,39,48,9,False,False,-953.4,2024,demo,48
demo-tournament:048,Зов джунглей — 2024,2024-03-10,48,demo:054,40,48,9,False,False,-959.8,2024,demo,48
demo-tournament:048,Зов джунглей — 2024,2024-03-10,48,demo:024,41,48,9,False,False,-1116.9,2024,demo,48
demo-tournament:048,Зов джунглей — 2024,2024-03-10,48,demo:049,42,48,9,False,False,-1249.7,2024,demo,48
demo-tournament:048,Зов джунглей — 2024,2024-03-10,48,demo:022,43,48,9,False,False,-1512.8,2024,demo,48
demo-tournament:048,Зов джунглей — 2024,2024-03-10,48,demo:009,44,48,9,False,False,-1787.5,2024,demo,48
demo-tournament:048,Зов джунглей — 2024,2024-03-10,48,demo:048,45,48,9,False,False,-1931.5,2024,demo,48
demo-tournament:048,Зов джунглей — 2024,2024-03-10,48,demo:038,46,48,9,False,False,-1960.0,2024,demo,48
demo-tournament:048,Зов джунглей — 2024,2024-03-10,48,demo:023,47,48,9,False,False,-1962.5,2024,demo,48
demo-tournament:048,Зов джунглей — 2024,2024-03-10,48,demo:047,48,48,9,False,False,-2873.0,2024,demo,48
demo-tournament:049,Лесной совет — 2024,2024-03-30,49,demo:020,1,48,5,False,False,2299.5,2024,demo,49
demo-tournament:049,Лесной совет — 2024,2024-03-30,49,demo:066,2,48,5,False,False,1784.8,2024,demo,49
demo-tournament:049,Лесной совет — 2024,2024-03-30,49,demo:028,3,48,5,False,False,1782.3,2024,demo,49
demo-tournament:049,Лесной совет — 2024,2024-03-30,49,demo:044,4,48,5,False,False,1636.3,2024,demo,49
demo-tournament:049,Лесной совет — 2024,2024-03-30,49,demo:049,5,48,5,False,False,1551.1,2024,demo,49
demo-tournament:049,Лесной совет — 2024,2024-03-30,49,demo:041,6,48,5,False,False,1201.0,2024,demo,49
demo-tournament:049,Лесной совет — 2024,2024-03-30,49,demo:078,7,48,5,False,False,1083.4,2024,demo,49
demo-tournament:049,Лесной совет — 2024,2024-03-30,49,demo:050,8,48,5,False,False,1035.9,2024,demo,49
demo-tournament:049,Лесной совет — 2024,2024-03-30,49,demo:014,9,48,5,False,False,908.3,2024,demo,49
demo-tournament:049,Лесной совет — 2024,2024-03-30,49,demo:069,10,48,5,False,False,900.6,2024,demo,49
demo-tournament:049,Лесной совет — 2024,2024-03-30,49,demo:022,11,48,5,False,False,878.6,2024,demo,49
demo-tournament:049,Лесной совет — 2024,2024-03-30,49,demo:042,12,48,5,False,False,833.7,2024,demo,49
demo-tournament:049,Лесной совет — 2024,2024-03-30,49,demo:070,13,48,5,False,False,704.1,2024,demo,49
demo-tournament:049,Лесной совет — 2024,2024-03-30,49,demo:009,14,48,5,False,False,698.4,2024,demo,49
demo-tournament:049,Лесной совет — 2024,2024-03-30,49,demo:011,15,48,5,False,False,636.7,2024,demo,49
demo-tournament:049,Лесной совет — 2024,2024-03-30,49,demo:045,16,48,5,False,False,586.1,2024,demo,49
demo-tournament:049,Лесной совет — 2024,2024-03-30,49,demo:072,17,48,5,False,False,513.0,2024,demo,49
demo-tournament:049,Лесной совет — 2024,2024-03-30,49,demo:090,18,48,5,False,False,463.7,2024,demo,49
demo-tournament:049,Лесной совет — 2024,2024-03-30,49,demo:058,19,48,5,False,False,393.7,2024,demo,49
demo-tournament:049,Лесной совет — 2024,2024-03-30,49,demo:036,20,48,5,False,False,250.1,2024,demo,49
demo-tournament:049,Лесной совет — 2024,2024-03-30,49,demo:017,21,48,5,False,False,242.8,2024,demo,49
demo-tournament:049,Лесной совет — 2024,2024-03-30,49,demo:013,22,48,5,False,False,134.5,2024,demo,49
demo-tournament:049,Лесной совет — 2024,2024-03-30,49,demo:055,23,48,5,False,False,-45.4,2024,demo,49
demo-tournament:049,Лесной совет — 2024,2024-03-30,49,demo:025,24,48,5,False,False,-56.0,2024,demo,49
demo-tournament:049,Лесной совет — 2024,2024-03-30,49,demo:088,25,48,5,False,False,-131.7,2024,demo,49
demo-tournament:049,Лесной совет — 2024,2024-03-30,49,demo:082,26,48,5,False,False,-155.5,2024,demo,49
demo-tournament:049,Лесной совет — 2024,2024-03-30,49,demo:059,27,48,5,False,False,-227.2,2024,demo,49
demo-tournament:049,Лесной совет — 2024,2024-03-30,49,demo:083,28,48,5,False,False,-244.7,2024,demo,49
demo-tournament:049,Лесной совет — 2024,2024-03-30,49,demo:054,29,48,5,False,False,-267.9,2024,demo,49
demo-tournament:049,Лесной совет — 2024,2024-03-30,49,demo:008,30,48,5,False,False,-296.5,2024,demo,49
demo-tournament:049,Лесной совет — 2024,2024-03-30,49,demo:034,31,48,5,False,False,-381.4,2024,demo,49
demo-tournament:049,Лесной совет — 2024,2024-03-30,49,demo:057,32,48,5,False,False,-415.5,2024,demo,49
demo-tournament:049,Лесной совет — 2024,2024-03-30,49,demo:024,33,48,5,False,False,-416.4,2024,demo,49
demo-tournament:049,Лесной совет — 2024,2024-03-30,49,demo:016,34,48,5,False,False,-425.7,2024,demo,49
demo-tournament:049,Лесной совет — 2024,2024-03-30,49,demo:048,35,48,5,False,False,-434.6,2024,demo,49
demo-tournament:049,Лесной совет — 2024,2024-03-30,49,demo:084,36,48,5,False,False,-831.5,2024,demo,49
demo-tournament:049,Лесной совет — 2024,2024-03-30,49,demo:023,37,48,5,False,False,-1056.0,2024,demo,49
demo-tournament:049,Лесной совет — 2024,2024-03-30,49,demo:073,38,48,5,False,False,-1069.9,2024,demo,49
demo-tournament:049,Лесной совет — 2024,2024-03-30,49,demo:047,39,48,5,False,False,-1189.4,2024,demo,49
demo-tournament:049,Лесной совет — 2024,2024-03-30,49,demo:076,40,48,5,False,False,-1293.0,2024,demo,49
demo-tournament:049,Лесной совет — 2024,2024-03-30,49,demo:021,41,48,5,False,False,-1320.5,2024,demo,49
demo-tournament:049,Лесной совет — 2024,2024-03-30,49,demo:032,42,48,5,False,False,-1461.3,2024,demo,49
demo-tournament:049,Лесной совет — 2024,2024-03-30,49,demo:077,43,48,5,False,False,-1575.8,2024,demo,49
demo-tournament:049,Лесной совет — 2024,2024-03-30,49,demo:003,44,48,5,False,False,-1583.2,2024,demo,49
demo-tournament:049,Лесной совет — 2024,2024-03-30,49,demo:006,45,48,5,False,False,-1734.1,2024,demo,49
demo-tournament:049,Лесной совет — 2024,2024-03-30,49,demo:026,46,48,5,False,False,-1923.5,2024,demo,49
demo-tournament:049,Лесной совет — 2024,2024-03-30,49,demo:046,47,48,5,False,False,-2222.3,2024,demo,49
demo-tournament:049,Лесной совет — 2024,2024-03-30,49,demo:038,48,48,5,False,False,-2517.2,2024,demo,49
demo-tournament:050,Tekken-8,2024-05-12,50,demo:004,1,88,15,False,False,2213.2,tekken-8,demo,50
demo-tournament:050,Tekken-8,2024-05-12,50,demo:015,2,88,15,False,False,2173.9,tekken-8,demo,50
demo-tournament:050,Tekken-8,2024-05-12,50,demo:033,3,88,15,False,False,2139.2,tekken-8,demo,50
demo-tournament:050,Tekken-8,2024-05-12,50,demo:062,4,88,15,False,False,2071.4,tekken-8,demo,50
demo-tournament:050,Tekken-8,2024-05-12,50,demo:079,5,88,15,False,True,1882.9,tekken-8,demo,50
demo-tournament:050,Tekken-8,2024-05-12,50,demo:022,6,88,15,False,False,1845.0,tekken-8,demo,50
demo-tournament:050,Tekken-8,2024-05-12,50,demo:001,7,88,15,False,False,1707.0,tekken-8,demo,50
demo-tournament:050,Tekken-8,2024-05-12,50,demo:020,8,88,15,False,False,1663.4,tekken-8,demo,50
demo-tournament:050,Tekken-8,2024-05-12,50,demo:017,9,88,15,False,False,1598.8,tekken-8,demo,50
demo-tournament:050,Tekken-8,2024-05-12,50,demo:045,10,88,15,False,False,1457.4,tekken-8,demo,50
demo-tournament:050,Tekken-8,2024-05-12,50,demo:050,11,88,15,False,False,1405.0,tekken-8,demo,50
demo-tournament:050,Tekken-8,2024-05-12,50,demo:018,12,88,15,False,False,1202.7,tekken-8,demo,50
demo-tournament:050,Tekken-8,2024-05-12,50,demo:016,13,88,15,False,False,1193.1,tekken-8,demo,50
demo-tournament:050,Tekken-8,2024-05-12,50,demo:011,14,88,15,False,False,1171.7,tekken-8,demo,50
demo-tournament:050,Tekken-8,2024-05-12,50,demo:066,15,88,15,False,False,1128.8,tekken-8,demo,50
demo-tournament:050,Tekken-8,2024-05-12,50,demo:068,16,88,15,False,False,1037.6,tekken-8,demo,50
demo-tournament:050,Tekken-8,2024-05-12,50,demo:078,17,88,15,False,False,1017.0,tekken-8,demo,50
demo-tournament:050,Tekken-8,2024-05-12,50,demo:014,18,88,15,False,False,1004.2,tekken-8,demo,50
demo-tournament:050,Tekken-8,2024-05-12,50,demo:021,19,88,15,False,False,975.8,tekken-8,demo,50
demo-tournament:050,Tekken-8,2024-05-12,50,demo:055,20,88,15,False,False,939.8,tekken-8,demo,50
demo-tournament:050,Tekken-8,2024-05-12,50,demo:028,21,88,15,False,False,928.4,tekken-8,demo,50
demo-tournament:050,Tekken-8,2024-05-12,50,demo:042,22,88,15,False,True,910.7,tekken-8,demo,50
demo-tournament:050,Tekken-8,2024-05-12,50,demo:041,23,88,15,False,False,821.2,tekken-8,demo,50
demo-tournament:050,Tekken-8,2024-05-12,50,demo:002,24,88,15,False,False,688.2,tekken-8,demo,50
demo-tournament:050,Tekken-8,2024-05-12,50,demo:006,25,88,15,False,False,623.2,tekken-8,demo,50
demo-tournament:050,Tekken-8,2024-05-12,50,demo:019,26,88,15,False,False,605.4,tekken-8,demo,50
demo-tournament:050,Tekken-8,2024-05-12,50,demo:058,27,88,15,False,False,604.6,tekken-8,demo,50
demo-tournament:050,Tekken-8,2024-05-12,50,demo:049,28,88,15,False,False,576.6,tekken-8,demo,50
demo-tournament:050,Tekken-8,2024-05-12,50,demo:075,29,88,15,False,False,509.8,tekken-8,demo,50
demo-tournament:050,Tekken-8,2024-05-12,50,demo:073,30,88,15,False,False,489.0,tekken-8,demo,50
demo-tournament:050,Tekken-8,2024-05-12,50,demo:080,31,88,15,False,False,475.9,tekken-8,demo,50
demo-tournament:050,Tekken-8,2024-05-12,50,demo:081,32,88,15,False,False,442.0,tekken-8,demo,50
demo-tournament:050,Tekken-8,2024-05-12,50,demo:063,33,88,15,False,False,377.8,tekken-8,demo,50
demo-tournament:050,Tekken-8,2024-05-12,50,demo:077,34,88,15,False,False,360.6,tekken-8,demo,50
demo-tournament:050,Tekken-8,2024-05-12,50,demo:026,35,88,15,False,False,284.6,tekken-8,demo,50
demo-tournament:050,Tekken-8,2024-05-12,50,demo:030,36,88,15,False,False,246.8,tekken-8,demo,50
demo-tournament:050,Tekken-8,2024-05-12,50,demo:089,37,88,15,False,False,218.1,tekken-8,demo,50
demo-tournament:050,Tekken-8,2024-05-12,50,demo:070,38,88,15,False,False,165.8,tekken-8,demo,50
demo-tournament:050,Tekken-8,2024-05-12,50,demo:082,39,88,15,False,False,131.9,tekken-8,demo,50
demo-tournament:050,Tekken-8,2024-05-12,50,demo:013,40,88,15,False,False,121.0,tekken-8,demo,50
demo-tournament:050,Tekken-8,2024-05-12,50,demo:072,41,88,15,False,False,102.7,tekken-8,demo,50
demo-tournament:050,Tekken-8,2024-05-12,50,demo:012,42,88,15,False,False,100.6,tekken-8,demo,50
demo-tournament:050,Tekken-8,2024-05-12,50,demo:044,43,88,15,False,False,67.8,tekken-8,demo,50
demo-tournament:050,Tekken-8,2024-05-12,50,demo:008,44,88,15,False,False,4.9,tekken-8,demo,50
demo-tournament:050,Tekken-8,2024-05-12,50,demo:064,45,88,15,False,False,2.8,tekken-8,demo,50
demo-tournament:050,Tekken-8,2024-05-12,50,demo:060,46,88,15,False,False,-8.8,tekken-8,demo,50
demo-tournament:050,Tekken-8,2024-05-12,50,demo:059,47,88,15,False,False,-49.2,tekken-8,demo,50
demo-tournament:050,Tekken-8,2024-05-12,50,demo:051,48,88,15,False,False,-99.3,tekken-8,demo,50
demo-tournament:050,Tekken-8,2024-05-12,50,demo:088,49,88,15,False,False,-110.1,tekken-8,demo,50
demo-tournament:050,Tekken-8,2024-05-12,50,demo:010,50,88,15,False,False,-118.4,tekken-8,demo,50
demo-tournament:050,Tekken-8,2024-05-12,50,demo:035,51,88,15,False,False,-119.8,tekken-8,demo,50
demo-tournament:050,Tekken-8,2024-05-12,50,demo:052,52,88,15,False,False,-121.7,tekken-8,demo,50
demo-tournament:050,Tekken-8,2024-05-12,50,demo:086,53,88,15,False,False,-175.9,tekken-8,demo,50
demo-tournament:050,Tekken-8,2024-05-12,50,demo:084,54,88,15,False,False,-191.4,tekken-8,demo,50
demo-tournament:050,Tekken-8,2024-05-12,50,demo:057,55,88,15,False,False,-225.9,tekken-8,demo,50
demo-tournament:050,Tekken-8,2024-05-12,50,demo:037,56,88,15,False,False,-269.3,tekken-8,demo,50
demo-tournament:050,Tekken-8,2024-05-12,50,demo:083,57,88,15,False,False,-466.3,tekken-8,demo,50
demo-tournament:050,Tekken-8,2024-05-12,50,demo:003,58,88,15,False,False,-557.3,tekken-8,demo,50
demo-tournament:050,Tekken-8,2024-05-12,50,demo:036,59,88,15,False,False,-561.3,tekken-8,demo,50
demo-tournament:050,Tekken-8,2024-05-12,50,demo:074,60,88,15,False,False,-575.5,tekken-8,demo,50
demo-tournament:050,Tekken-8,2024-05-12,50,demo:029,61,88,15,False,False,-721.4,tekken-8,demo,50
demo-tournament:050,Tekken-8,2024-05-12,50,demo:027,62,88,15,False,False,-733.3,tekken-8,demo,50
demo-tournament:050,Tekken-8,2024-05-12,50,demo:067,63,88,15,False,False,-827.9,tekken-8,demo,50
demo-tournament:050,Tekken-8,2024-05-12,50,demo:069,64,88,15,False,False,-840.8,tekken-8,demo,50
demo-tournament:050,Tekken-8,2024-05-12,50,demo:047,65,88,15,False,False,-887.9,tekken-8,demo,50
demo-tournament:050,Tekken-8,2024-05-12,50,demo:076,66,88,15,False,False,-893.6,tekken-8,demo,50
demo-tournament:050,Tekken-8,2024-05-12,50,demo:065,67,88,15,False,False,-896.5,tekken-8,demo,50
demo-tournament:050,Tekken-8,2024-05-12,50,demo:024,68,88,15,False,False,-912.6,tekken-8,demo,50
demo-tournament:050,Tekken-8,2024-05-12,50,demo:039,69,88,15,False,False,-965.0,tekken-8,demo,50
demo-tournament:050,Tekken-8,2024-05-12,50,demo:090,70,88,15,False,False,-997.2,tekken-8,demo,50
demo-tournament:050,Tekken-8,2024-05-12,50,demo:043,71,88,15,False,False,-1000.9,tekken-8,demo,50
demo-tournament:050,Tekken-8,2024-05-12,50,demo:023,72,88,15,False,False,-1013.6,tekken-8,demo,50
demo-tournament:050,Tekken-8,2024-05-12,50,demo:005,73,88,15,False,False,-1087.7,tekken-8,demo,50
demo-tournament:050,Tekken-8,2024-05-12,50,demo:025,74,88,15,False,False,-1103.9,tekken-8,demo,50
demo-tournament:050,Tekken-8,2024-05-12,50,demo:054,75,88,15,False,False,-1136.3,tekken-8,demo,50
demo-tournament:050,Tekken-8,2024-05-12,50,demo:087,76,88,15,False,False,-1139.2,tekken-8,demo,50
demo-tournament:050,Tekken-8,2024-05-12,50,demo:009,77,88,15,False,False,-1247.0,tekken-8,demo,50
demo-tournament:050,Tekken-8,2024-05-12,50,demo:071,78,88,15,False,False,-1362.7,tekken-8,demo,50
demo-tournament:050,Tekken-8,2024-05-12,50,demo:034,79,88,15,False,False,-1483.6,tekken-8,demo,50
demo-tournament:050,Tekken-8,2024-05-12,50,demo:053,80,88,15,False,False,-1652.5,tekken-8,demo,50
demo-tournament:050,Tekken-8,2024-05-12,50,demo:007,81,88,15,False,False,-1817.2,tekken-8,demo,50
demo-tournament:050,Tekken-8,2024-05-12,50,demo:115,82,88,15,False,False,-1974.9,tekken-8,demo,50
demo-tournament:050,Tekken-8,2024-05-12,50,demo:040,83,88,15,False,False,-2140.9,tekken-8,demo,50
demo-tournament:050,Tekken-8,2024-05-12,50,demo:046,84,88,15,False,False,-2231.1,tekken-8,demo,50
demo-tournament:050,Tekken-8,2024-05-12,50,demo:032,85,88,15,False,False,-2363.2,tekken-8,demo,50
demo-tournament:050,Tekken-8,2024-05-12,50,demo:038,86,88,15,False,False,-2508.0,tekken-8,demo,50
demo-tournament:050,Tekken-8,2024-05-12,50,demo:085,87,88,15,False,False,-2654.3,tekken-8,demo,50
demo-tournament:050,Tekken-8,2024-05-12,50,demo:061,88,88,15,False,False,-3309.9,tekken-8,demo,50
demo-tournament:051,Tekken-9,2024-06-09,51,demo:041,1,52,9,False,False,2465.4,tekken-9,demo,51
demo-tournament:051,Tekken-9,2024-06-09,51,demo:044,2,52,9,False,False,2068.7,tekken-9,demo,51
demo-tournament:051,Tekken-9,2024-06-09,51,demo:014,3,52,9,False,False,1980.7,tekken-9,demo,51
demo-tournament:051,Tekken-9,2024-06-09,51,demo:016,4,52,9,False,False,1966.3,tekken-9,demo,51
demo-tournament:051,Tekken-9,2024-06-09,51,demo:043,5,52,9,False,False,1346.1,tekken-9,demo,51
demo-tournament:051,Tekken-9,2024-06-09,51,demo:045,6,52,9,False,False,1329.3,tekken-9,demo,51
demo-tournament:051,Tekken-9,2024-06-09,51,demo:009,7,52,9,False,False,1090.3,tekken-9,demo,51
demo-tournament:051,Tekken-9,2024-06-09,51,demo:049,8,52,9,False,False,1061.7,tekken-9,demo,51
demo-tournament:051,Tekken-9,2024-06-09,51,demo:011,9,52,9,False,False,1029.5,tekken-9,demo,51
demo-tournament:051,Tekken-9,2024-06-09,51,demo:080,10,52,9,False,False,975.0,tekken-9,demo,51
demo-tournament:051,Tekken-9,2024-06-09,51,demo:081,11,52,9,False,False,915.4,tekken-9,demo,51
demo-tournament:051,Tekken-9,2024-06-09,51,demo:078,12,52,9,False,False,790.4,tekken-9,demo,51
demo-tournament:051,Tekken-9,2024-06-09,51,demo:060,13,52,9,False,False,714.0,tekken-9,demo,51
demo-tournament:051,Tekken-9,2024-06-09,51,demo:089,14,52,9,False,False,682.2,tekken-9,demo,51
demo-tournament:051,Tekken-9,2024-06-09,51,demo:020,15,52,9,False,False,629.2,tekken-9,demo,51
demo-tournament:051,Tekken-9,2024-06-09,51,demo:022,16,52,9,False,False,513.2,tekken-9,demo,51
demo-tournament:051,Tekken-9,2024-06-09,51,demo:050,17,52,9,False,False,388.1,tekken-9,demo,51
demo-tournament:051,Tekken-9,2024-06-09,51,demo:017,18,52,9,False,False,263.9,tekken-9,demo,51
demo-tournament:051,Tekken-9,2024-06-09,51,demo:026,19,52,9,False,False,126.2,tekken-9,demo,51
demo-tournament:051,Tekken-9,2024-06-09,51,demo:031,20,52,9,False,False,57.9,tekken-9,demo,51
demo-tournament:051,Tekken-9,2024-06-09,51,demo:003,21,52,9,False,False,0.0,tekken-9,demo,51
demo-tournament:051,Tekken-9,2024-06-09,51,demo:005,22,52,9,False,False,-58.6,tekken-9,demo,51
demo-tournament:051,Tekken-9,2024-06-09,51,demo:033,23,52,9,False,False,-96.4,tekken-9,demo,51
demo-tournament:051,Tekken-9,2024-06-09,51,demo:006,24,52,9,False,False,-158.6,tekken-9,demo,51
demo-tournament:051,Tekken-9,2024-06-09,51,demo:015,25,52,9,False,False,-246.9,tekken-9,demo,51
demo-tournament:051,Tekken-9,2024-06-09,51,demo:057,26,52,9,False,False,-285.6,tekken-9,demo,51
demo-tournament:051,Tekken-9,2024-06-09,51,demo:042,27,52,9,False,False,-414.0,tekken-9,demo,51
demo-tournament:051,Tekken-9,2024-06-09,51,demo:019,28,52,9,False,False,-481.6,tekken-9,demo,51
demo-tournament:051,Tekken-9,2024-06-09,51,demo:029,29,52,9,False,False,-566.5,tekken-9,demo,51
demo-tournament:051,Tekken-9,2024-06-09,51,demo:065,30,52,9,False,False,-605.3,tekken-9,demo,51
demo-tournament:051,Tekken-9,2024-06-09,51,demo:034,31,52,9,False,False,-627.2,tekken-9,demo,51
demo-tournament:051,Tekken-9,2024-06-09,51,demo:028,32,52,9,False,False,-639.0,tekken-9,demo,51
demo-tournament:051,Tekken-9,2024-06-09,51,demo:008,33,52,9,False,False,-645.2,tekken-9,demo,51
demo-tournament:051,Tekken-9,2024-06-09,51,demo:062,34,52,9,False,False,-647.2,tekken-9,demo,51
demo-tournament:051,Tekken-9,2024-06-09,51,demo:053,35,52,9,False,False,-738.9,tekken-9,demo,51
demo-tournament:051,Tekken-9,2024-06-09,51,demo:001,36,52,9,False,False,-745.2,tekken-9,demo,51
demo-tournament:051,Tekken-9,2024-06-09,51,demo:040,37,52,9,False,False,-784.3,tekken-9,demo,51
demo-tournament:051,Tekken-9,2024-06-09,51,demo:021,38,52,9,False,False,-892.9,tekken-9,demo,51
demo-tournament:051,Tekken-9,2024-06-09,51,demo:038,39,52,9,False,False,-978.8,tekken-9,demo,51
demo-tournament:051,Tekken-9,2024-06-09,51,demo:025,40,52,9,False,False,-1022.9,tekken-9,demo,51
demo-tournament:051,Tekken-9,2024-06-09,51,demo:047,41,52,9,False,False,-1031.2,tekken-9,demo,51
demo-tournament:051,Tekken-9,2024-06-09,51,demo:072,42,52,9,False,False,-1226.0,tekken-9,demo,51
demo-tournament:051,Tekken-9,2024-06-09,51,demo:075,43,52,9,False,False,-1313.9,tekken-9,demo,51
demo-tournament:051,Tekken-9,2024-06-09,51,demo:076,44,52,9,False,False,-1379.5,tekken-9,demo,51
demo-tournament:051,Tekken-9,2024-06-09,51,demo:067,45,52,9,False,False,-1498.8,tekken-9,demo,51
demo-tournament:051,Tekken-9,2024-06-09,51,demo:059,46,52,9,False,False,-1587.9,tekken-9,demo,51
demo-tournament:051,Tekken-9,2024-06-09,51,demo:054,47,52,9,False,False,-1727.8,tekken-9,demo,51
demo-tournament:051,Tekken-9,2024-06-09,51,demo:048,48,52,9,False,False,-1932.9,tekken-9,demo,51
demo-tournament:051,Tekken-9,2024-06-09,51,demo:046,49,52,9,False,False,-2055.2,tekken-9,demo,51
demo-tournament:051,Tekken-9,2024-06-09,51,demo:023,50,52,9,False,False,-2584.2,tekken-9,demo,51
demo-tournament:051,Tekken-9,2024-06-09,51,demo:030,51,52,9,False,False,-2886.4,tekken-9,demo,51
demo-tournament:051,Tekken-9,2024-06-09,51,demo:077,52,52,9,False,False,-3262.8,tekken-9,demo,51
demo-tournament:052,Большая миграция — 2024,2024-07-14,52,demo:066,1,48,8,False,False,1895.9,2024,demo,52
demo-tournament:052,Большая миграция — 2024,2024-07-14,52,demo:028,2,48,8,False,False,1749.5,2024,demo,52
demo-tournament:052,Большая миграция — 2024,2024-07-14,52,demo:041,3,48,8,False,False,1688.4,2024,demo,52
demo-tournament:052,Большая миграция — 2024,2024-07-14,52,demo:016,4,48,8,False,False,1546.2,2024,demo,52
demo-tournament:052,Большая миграция — 2024,2024-07-14,52,demo:006,5,48,8,False,False,1449.4,2024,demo,52
demo-tournament:052,Большая миграция — 2024,2024-07-14,52,demo:044,6,48,8,False,False,1352.6,2024,demo,52
demo-tournament:052,Большая миграция — 2024,2024-07-14,52,demo:002,7,48,8,False,False,1218.3,2024,demo,52
demo-tournament:052,Большая миграция — 2024,2024-07-14,52,demo:013,8,48,8,False,False,1152.9,2024,demo,52
demo-tournament:052,Большая миграция — 2024,2024-07-14,52,demo:068,9,48,8,False,False,1094.3,2024,demo,52
demo-tournament:052,Большая миграция — 2024,2024-07-14,52,demo:084,10,48,8,False,False,937.0,2024,demo,52
demo-tournament:052,Большая миграция — 2024,2024-07-14,52,demo:024,11,48,8,False,False,906.4,2024,demo,52
demo-tournament:052,Большая миграция — 2024,2024-07-14,52,demo:110,12,48,8,False,False,782.7,2024,demo,52
demo-tournament:052,Большая миграция — 2024,2024-07-14,52,demo:021,13,48,8,False,False,695.6,2024,demo,52
demo-tournament:052,Большая миграция — 2024,2024-07-14,52,demo:015,14,48,8,False,False,683.8,2024,demo,52
demo-tournament:052,Большая миграция — 2024,2024-07-14,52,demo:078,15,48,8,False,False,646.6,2024,demo,52
demo-tournament:052,Большая миграция — 2024,2024-07-14,52,demo:020,16,48,8,False,False,614.1,2024,demo,52
demo-tournament:052,Большая миграция — 2024,2024-07-14,52,demo:011,17,48,8,False,False,596.5,2024,demo,52
demo-tournament:052,Большая миграция — 2024,2024-07-14,52,demo:009,18,48,8,False,False,568.2,2024,demo,52
demo-tournament:052,Большая миграция — 2024,2024-07-14,52,demo:073,19,48,8,False,False,509.8,2024,demo,52
demo-tournament:052,Большая миграция — 2024,2024-07-14,52,demo:022,20,48,8,False,False,334.7,2024,demo,52
demo-tournament:052,Большая миграция — 2024,2024-07-14,52,demo:064,21,48,8,False,False,276.2,2024,demo,52
demo-tournament:052,Большая миграция — 2024,2024-07-14,52,demo:048,22,48,8,False,False,202.2,2024,demo,52
demo-tournament:052,Большая миграция — 2024,2024-07-14,52,demo:059,23,48,8,False,False,151.6,2024,demo,52
demo-tournament:052,Большая миграция — 2024,2024-07-14,52,demo:069,24,48,8,False,False,143.9,2024,demo,52
demo-tournament:052,Большая миграция — 2024,2024-07-14,52,demo:050,25,48,8,False,False,46.6,2024,demo,52
demo-tournament:052,Большая миграция — 2024,2024-07-14,52,demo:014,26,48,8,False,False,41.0,2024,demo,52
demo-tournament:052,Большая миграция — 2024,2024-07-14,52,demo:023,27,48,8,False,False,2.1,2024,demo,52
demo-tournament:052,Большая миграция — 2024,2024-07-14,52,demo:081,28,48,8,False,False,0.8,2024,demo,52
demo-tournament:052,Большая миграция — 2024,2024-07-14,52,demo:049,29,48,8,False,False,-20.3,2024,demo,52
demo-tournament:052,Большая миграция — 2024,2024-07-14,52,demo:070,30,48,8,False,False,-93.5,2024,demo,52
demo-tournament:052,Большая миграция — 2024,2024-07-14,52,demo:001,31,48,8,False,False,-179.4,2024,demo,52
demo-tournament:052,Большая миграция — 2024,2024-07-14,52,demo:029,32,48,8,False,False,-201.2,2024,demo,52
demo-tournament:052,Большая миграция — 2024,2024-07-14,52,demo:038,33,48,8,False,False,-240.3,2024,demo,52
demo-tournament:052,Большая миграция — 2024,2024-07-14,52,demo:053,34,48,8,False,False,-276.0,2024,demo,52
demo-tournament:052,Большая миграция — 2024,2024-07-14,52,demo:008,35,48,8,False,False,-408.2,2024,demo,52
demo-tournament:052,Большая миграция — 2024,2024-07-14,52,demo:085,36,48,8,False,False,-575.8,2024,demo,52
demo-tournament:052,Большая миграция — 2024,2024-07-14,52,demo:077,37,48,8,False,False,-610.8,2024,demo,52
demo-tournament:052,Большая миграция — 2024,2024-07-14,52,demo:054,38,48,8,False,False,-673.9,2024,demo,52
demo-tournament:052,Большая миграция — 2024,2024-07-14,52,demo:057,39,48,8,False,False,-685.5,2024,demo,52
demo-tournament:052,Большая миграция — 2024,2024-07-14,52,demo:086,40,48,8,False,False,-829.4,2024,demo,52
demo-tournament:052,Большая миграция — 2024,2024-07-14,52,demo:003,41,48,8,False,False,-879.7,2024,demo,52
demo-tournament:052,Большая миграция — 2024,2024-07-14,52,demo:034,42,48,8,False,False,-1061.8,2024,demo,52
demo-tournament:052,Большая миграция — 2024,2024-07-14,52,demo:025,43,48,8,False,False,-1515.8,2024,demo,52
demo-tournament:052,Большая миграция — 2024,2024-07-14,52,demo:019,44,48,8,False,False,-1596.0,2024,demo,52
demo-tournament:052,Большая миграция — 2024,2024-07-14,52,demo:026,45,48,8,False,False,-1711.9,2024,demo,52
demo-tournament:052,Большая миграция — 2024,2024-07-14,52,demo:074,46,48,8,False,False,-1912.0,2024,demo,52
demo-tournament:052,Большая миграция — 2024,2024-07-14,52,demo:047,47,48,8,False,False,-2098.1,2024,demo,52
demo-tournament:052,Большая миграция — 2024,2024-07-14,52,demo:046,48,48,8,False,False,-2473.5,2024,demo,52
demo-tournament:053,Tekken-10,2024-08-04,53,demo:055,1,80,10,True,False,2593.5,tekken-10,demo,53
demo-tournament:053,Tekken-10,2024-08-04,53,demo:069,2,80,10,True,False,2564.0,tekken-10,demo,53
demo-tournament:053,Tekken-10,2024-08-04,53,demo:079,3,80,10,True,False,1974.3,tekken-10,demo,53
demo-tournament:053,Tekken-10,2024-08-04,53,demo:014,4,80,10,True,False,1823.0,tekken-10,demo,53
demo-tournament:053,Tekken-10,2024-08-04,53,demo:011,5,80,10,True,False,1800.8,tekken-10,demo,53
demo-tournament:053,Tekken-10,2024-08-04,53,demo:015,6,80,10,True,False,1800.6,tekken-10,demo,53
demo-tournament:053,Tekken-10,2024-08-04,53,demo:077,7,80,10,True,False,1680.3,tekken-10,demo,53
demo-tournament:053,Tekken-10,2024-08-04,53,demo:013,8,80,10,True,False,1662.6,tekken-10,demo,53
demo-tournament:053,Tekken-10,2024-08-04,53,demo:056,9,80,10,True,False,1658.7,tekken-10,demo,53
demo-tournament:053,Tekken-10,2024-08-04,53,demo:041,10,80,10,True,False,1536.4,tekken-10,demo,53
demo-tournament:053,Tekken-10,2024-08-04,53,demo:037,11,80,10,True,False,1506.7,tekken-10,demo,53
demo-tournament:053,Tekken-10,2024-08-04,53,demo:006,12,80,10,True,False,1464.7,tekken-10,demo,53
demo-tournament:053,Tekken-10,2024-08-04,53,demo:009,13,80,10,True,False,1304.5,tekken-10,demo,53
demo-tournament:053,Tekken-10,2024-08-04,53,demo:050,14,80,10,True,False,1298.6,tekken-10,demo,53
demo-tournament:053,Tekken-10,2024-08-04,53,demo:002,15,80,10,True,False,1015.0,tekken-10,demo,53
demo-tournament:053,Tekken-10,2024-08-04,53,demo:058,16,80,10,True,False,995.2,tekken-10,demo,53
demo-tournament:053,Tekken-10,2024-08-04,53,demo:063,17,80,10,True,False,974.7,tekken-10,demo,53
demo-tournament:053,Tekken-10,2024-08-04,53,demo:057,18,80,10,True,False,964.1,tekken-10,demo,53
demo-tournament:053,Tekken-10,2024-08-04,53,demo:020,19,80,10,True,False,941.1,tekken-10,demo,53
demo-tournament:053,Tekken-10,2024-08-04,53,demo:007,20,80,10,True,False,927.0,tekken-10,demo,53
demo-tournament:053,Tekken-10,2024-08-04,53,demo:018,21,80,10,True,False,892.1,tekken-10,demo,53
demo-tournament:053,Tekken-10,2024-08-04,53,demo:066,22,80,10,True,False,827.2,tekken-10,demo,53
demo-tournament:053,Tekken-10,2024-08-04,53,demo:071,23,80,10,True,False,794.7,tekken-10,demo,53
demo-tournament:053,Tekken-10,2024-08-04,53,demo:089,24,80,10,True,False,781.6,tekken-10,demo,53
demo-tournament:053,Tekken-10,2024-08-04,53,demo:067,25,80,10,True,False,741.7,tekken-10,demo,53
demo-tournament:053,Tekken-10,2024-08-04,53,demo:083,26,80,10,True,False,713.4,tekken-10,demo,53
demo-tournament:053,Tekken-10,2024-08-04,53,demo:004,27,80,10,True,False,684.5,tekken-10,demo,53
demo-tournament:053,Tekken-10,2024-08-04,53,demo:010,28,80,10,True,False,659.2,tekken-10,demo,53
demo-tournament:053,Tekken-10,2024-08-04,53,demo:012,29,80,10,True,False,578.9,tekken-10,demo,53
demo-tournament:053,Tekken-10,2024-08-04,53,demo:075,30,80,10,True,False,504.7,tekken-10,demo,53
demo-tournament:053,Tekken-10,2024-08-04,53,demo:033,31,80,10,True,False,472.3,tekken-10,demo,53
demo-tournament:053,Tekken-10,2024-08-04,53,demo:001,32,80,10,True,False,444.1,tekken-10,demo,53
demo-tournament:053,Tekken-10,2024-08-04,53,demo:030,33,80,10,True,False,402.6,tekken-10,demo,53
demo-tournament:053,Tekken-10,2024-08-04,53,demo:028,34,80,10,True,False,386.3,tekken-10,demo,53
demo-tournament:053,Tekken-10,2024-08-04,53,demo:068,35,80,10,True,False,364.3,tekken-10,demo,53
demo-tournament:053,Tekken-10,2024-08-04,53,demo:064,36,80,10,True,False,228.7,tekken-10,demo,53
demo-tournament:053,Tekken-10,2024-08-04,53,demo:051,37,80,10,True,False,223.0,tekken-10,demo,53
demo-tournament:053,Tekken-10,2024-08-04,53,demo:052,38,80,10,True,False,214.3,tekken-10,demo,53
demo-tournament:053,Tekken-10,2024-08-04,53,demo:045,39,80,10,True,False,190.5,tekken-10,demo,53
demo-tournament:053,Tekken-10,2024-08-04,53,demo:047,40,80,10,True,False,175.6,tekken-10,demo,53
demo-tournament:053,Tekken-10,2024-08-04,53,demo:044,41,80,10,True,False,152.0,tekken-10,demo,53
demo-tournament:053,Tekken-10,2024-08-04,53,demo:034,42,80,10,True,False,93.0,tekken-10,demo,53
demo-tournament:053,Tekken-10,2024-08-04,53,demo:049,43,80,10,True,False,55.4,tekken-10,demo,53
demo-tournament:053,Tekken-10,2024-08-04,53,demo:053,44,80,10,True,False,11.6,tekken-10,demo,53
demo-tournament:053,Tekken-10,2024-08-04,53,demo:003,45,80,10,True,False,-19.4,tekken-10,demo,53
demo-tournament:053,Tekken-10,2024-08-04,53,demo:027,46,80,10,True,False,-99.4,tekken-10,demo,53
demo-tournament:053,Tekken-10,2024-08-04,53,demo:060,47,80,10,True,False,-195.0,tekken-10,demo,53
demo-tournament:053,Tekken-10,2024-08-04,53,demo:008,48,80,10,True,False,-217.8,tekken-10,demo,53
demo-tournament:053,Tekken-10,2024-08-04,53,demo:042,49,80,10,True,False,-301.4,tekken-10,demo,53
demo-tournament:053,Tekken-10,2024-08-04,53,demo:036,50,80,10,True,False,-366.6,tekken-10,demo,53
demo-tournament:053,Tekken-10,2024-08-04,53,demo:024,51,80,10,True,False,-367.8,tekken-10,demo,53
demo-tournament:053,Tekken-10,2024-08-04,53,demo:022,52,80,10,True,False,-463.9,tekken-10,demo,53
demo-tournament:053,Tekken-10,2024-08-04,53,demo:005,53,80,10,True,False,-504.0,tekken-10,demo,53
demo-tournament:053,Tekken-10,2024-08-04,53,demo:065,54,80,10,True,False,-509.1,tekken-10,demo,53
demo-tournament:053,Tekken-10,2024-08-04,53,demo:019,55,80,10,True,False,-537.1,tekken-10,demo,53
demo-tournament:053,Tekken-10,2024-08-04,53,demo:021,56,80,10,True,False,-540.3,tekken-10,demo,53
demo-tournament:053,Tekken-10,2024-08-04,53,demo:074,57,80,10,True,False,-544.5,tekken-10,demo,53
demo-tournament:053,Tekken-10,2024-08-04,53,demo:029,58,80,10,True,False,-557.7,tekken-10,demo,53
demo-tournament:053,Tekken-10,2024-08-04,53,demo:082,59,80,10,True,False,-576.0,tekken-10,demo,53
demo-tournament:053,Tekken-10,2024-08-04,53,demo:017,60,80,10,True,False,-603.8,tekken-10,demo,53
demo-tournament:053,Tekken-10,2024-08-04,53,demo:085,61,80,10,True,False,-618.8,tekken-10,demo,53
demo-tournament:053,Tekken-10,2024-08-04,53,demo:016,62,80,10,True,False,-662.7,tekken-10,demo,53
demo-tournament:053,Tekken-10,2024-08-04,53,demo:032,63,80,10,True,False,-711.0,tekken-10,demo,53
demo-tournament:053,Tekken-10,2024-08-04,53,demo:043,64,80,10,True,False,-933.9,tekken-10,demo,53
demo-tournament:053,Tekken-10,2024-08-04,53,demo:040,65,80,10,True,False,-950.4,tekken-10,demo,53
demo-tournament:053,Tekken-10,2024-08-04,53,demo:023,66,80,10,True,False,-979.4,tekken-10,demo,53
demo-tournament:053,Tekken-10,2024-08-04,53,demo:046,67,80,10,True,False,-1054.7,tekken-10,demo,53
demo-tournament:053,Tekken-10,2024-08-04,53,demo:026,68,80,10,True,False,-1078.2,tekken-10,demo,53
demo-tournament:053,Tekken-10,2024-08-04,53,demo:035,69,80,10,True,False,-1102.4,tekken-10,demo,53
demo-tournament:053,Tekken-10,2024-08-04,53,demo:076,70,80,10,True,False,-1187.6,tekken-10,demo,53
demo-tournament:053,Tekken-10,2024-08-04,53,demo:086,71,80,10,True,False,-1372.2,tekken-10,demo,53
demo-tournament:053,Tekken-10,2024-08-04,53,demo:031,72,80,10,True,False,-1424.6,tekken-10,demo,53
demo-tournament:053,Tekken-10,2024-08-04,53,demo:054,73,80,10,True,False,-1428.2,tekken-10,demo,53
demo-tournament:053,Tekken-10,2024-08-04,53,demo:039,74,80,10,True,False,-1564.6,tekken-10,demo,53
demo-tournament:053,Tekken-10,2024-08-04,53,demo:038,75,80,10,True,False,-1640.8,tekken-10,demo,53
demo-tournament:053,Tekken-10,2024-08-04,53,demo:080,76,80,10,True,False,-1748.7,tekken-10,demo,53
demo-tournament:053,Tekken-10,2024-08-04,53,demo:025,77,80,10,True,False,-2289.4,tekken-10,demo,53
demo-tournament:053,Tekken-10,2024-08-04,53,demo:059,78,80,10,True,False,-2390.5,tekken-10,demo,53
demo-tournament:053,Tekken-10,2024-08-04,53,demo:088,79,80,10,True,False,-2865.0,tekken-10,demo,53
demo-tournament:053,Tekken-10,2024-08-04,53,demo:048,80,80,10,True,False,-3356.2,tekken-10,demo,53
demo-tournament:054,Tekken-11,2024-09-01,54,demo:014,1,88,10,False,False,3742.5,tekken-11,demo,54
demo-tournament:054,Tekken-11,2024-09-01,54,demo:089,2,88,10,False,False,2485.4,tekken-11,demo,54
demo-tournament:054,Tekken-11,2024-09-01,54,demo:011,3,88,10,False,False,2386.0,tekken-11,demo,54
demo-tournament:054,Tekken-11,2024-09-01,54,demo:017,4,88,10,False,False,2141.5,tekken-11,demo,54
demo-tournament:054,Tekken-11,2024-09-01,54,demo:055,5,88,10,False,False,1960.0,tekken-11,demo,54
demo-tournament:054,Tekken-11,2024-09-01,54,demo:087,6,88,10,False,False,1856.8,tekken-11,demo,54
demo-tournament:054,Tekken-11,2024-09-01,54,demo:028,7,88,10,False,False,1855.1,tekken-11,demo,54
demo-tournament:054,Tekken-11,2024-09-01,54,demo:078,8,88,10,False,False,1611.8,tekken-11,demo,54
demo-tournament:054,Tekken-11,2024-09-01,54,demo:058,9,88,10,False,False,1430.3,tekken-11,demo,54
demo-tournament:054,Tekken-11,2024-09-01,54,demo:041,10,88,10,False,False,1415.2,tekken-11,demo,54
demo-tournament:054,Tekken-11,2024-09-01,54,demo:082,11,88,10,False,False,1368.5,tekken-11,demo,54
demo-tournament:054,Tekken-11,2024-09-01,54,demo:073,12,88,10,False,False,1313.6,tekken-11,demo,54
demo-tournament:054,Tekken-11,2024-09-01,54,demo:015,13,88,10,False,False,1309.5,tekken-11,demo,54
demo-tournament:054,Tekken-11,2024-09-01,54,demo:079,14,88,10,False,False,1268.3,tekken-11,demo,54
demo-tournament:054,Tekken-11,2024-09-01,54,demo:009,15,88,10,False,False,981.4,tekken-11,demo,54
demo-tournament:054,Tekken-11,2024-09-01,54,demo:020,16,88,10,False,False,976.5,tekken-11,demo,54
demo-tournament:054,Tekken-11,2024-09-01,54,demo:024,17,88,10,False,False,948.7,tekken-11,demo,54
demo-tournament:054,Tekken-11,2024-09-01,54,demo:060,18,88,10,False,False,938.4,tekken-11,demo,54
demo-tournament:054,Tekken-11,2024-09-01,54,demo:008,19,88,10,False,False,929.2,tekken-11,demo,54
demo-tournament:054,Tekken-11,2024-09-01,54,demo:016,20,88,10,False,False,794.4,tekken-11,demo,54
demo-tournament:054,Tekken-11,2024-09-01,54,demo:050,21,88,10,False,False,751.4,tekken-11,demo,54
demo-tournament:054,Tekken-11,2024-09-01,54,demo:070,22,88,10,False,False,743.3,tekken-11,demo,54
demo-tournament:054,Tekken-11,2024-09-01,54,demo:030,23,88,10,False,False,737.4,tekken-11,demo,54
demo-tournament:054,Tekken-11,2024-09-01,54,demo:013,24,88,10,False,False,704.0,tekken-11,demo,54
demo-tournament:054,Tekken-11,2024-09-01,54,demo:066,25,88,10,False,False,697.9,tekken-11,demo,54
demo-tournament:054,Tekken-11,2024-09-01,54,demo:012,26,88,10,False,False,693.9,tekken-11,demo,54
demo-tournament:054,Tekken-11,2024-09-01,54,demo:083,27,88,10,False,False,687.2,tekken-11,demo,54
demo-tournament:054,Tekken-11,2024-09-01,54,demo:035,28,88,10,False,False,646.1,tekken-11,demo,54
demo-tournament:054,Tekken-11,2024-09-01,54,demo:001,29,88,10,False,False,562.9,tekken-11,demo,54
demo-tournament:054,Tekken-11,2024-09-01,54,demo:010,30,88,10,False,False,482.3,tekken-11,demo,54
demo-tournament:054,Tekken-11,2024-09-01,54,demo:032,31,88,10,False,False,479.3,tekken-11,demo,54
demo-tournament:054,Tekken-11,2024-09-01,54,demo:021,32,88,10,False,False,450.1,tekken-11,demo,54
demo-tournament:054,Tekken-11,2024-09-01,54,demo:019,33,88,10,False,False,408.6,tekken-11,demo,54
demo-tournament:054,Tekken-11,2024-09-01,54,demo:044,34,88,10,False,False,381.1,tekken-11,demo,54
demo-tournament:054,Tekken-11,2024-09-01,54,demo:080,35,88,10,False,False,381.1,tekken-11,demo,54
demo-tournament:054,Tekken-11,2024-09-01,54,demo:042,36,88,10,False,False,372.0,tekken-11,demo,54
demo-tournament:054,Tekken-11,2024-09-01,54,demo:018,37,88,10,False,False,325.8,tekken-11,demo,54
demo-tournament:054,Tekken-11,2024-09-01,54,demo:002,38,88,10,False,True,313.6,tekken-11,demo,54
demo-tournament:054,Tekken-11,2024-09-01,54,demo:090,39,88,10,False,False,275.5,tekken-11,demo,54
demo-tournament:054,Tekken-11,2024-09-01,54,demo:081,40,88,10,False,False,256.7,tekken-11,demo,54
demo-tournament:054,Tekken-11,2024-09-01,54,demo:007,41,88,10,False,False,235.6,tekken-11,demo,54
demo-tournament:054,Tekken-11,2024-09-01,54,demo:043,42,88,10,False,False,218.9,tekken-11,demo,54
demo-tournament:054,Tekken-11,2024-09-01,54,demo:034,43,88,10,False,False,193.9,tekken-11,demo,54
demo-tournament:054,Tekken-11,2024-09-01,54,demo:116,44,88,10,False,False,96.4,tekken-11,demo,54
demo-tournament:054,Tekken-11,2024-09-01,54,demo:045,45,88,10,False,False,58.6,tekken-11,demo,54
demo-tournament:054,Tekken-11,2024-09-01,54,demo:056,46,88,10,False,False,53.0,tekken-11,demo,54
demo-tournament:054,Tekken-11,2024-09-01,54,demo:075,47,88,10,False,False,-13.0,tekken-11,demo,54
demo-tournament:054,Tekken-11,2024-09-01,54,demo:088,48,88,10,False,False,-22.6,tekken-11,demo,54
demo-tournament:054,Tekken-11,2024-09-01,54,demo:057,49,88,10,False,False,-40.2,tekken-11,demo,54
demo-tournament:054,Tekken-11,2024-09-01,54,demo:004,50,88,10,False,False,-65.5,tekken-11,demo,54
demo-tournament:054,Tekken-11,2024-09-01,54,demo:077,51,88,10,False,False,-117.7,tekken-11,demo,54
demo-tournament:054,Tekken-11,2024-09-01,54,demo:051,52,88,10,False,False,-171.2,tekken-11,demo,54
demo-tournament:054,Tekken-11,2024-09-01,54,demo:027,53,88,10,False,False,-188.2,tekken-11,demo,54
demo-tournament:054,Tekken-11,2024-09-01,54,demo:049,54,88,10,False,False,-242.9,tekken-11,demo,54
demo-tournament:054,Tekken-11,2024-09-01,54,demo:029,55,88,10,False,False,-259.1,tekken-11,demo,54
demo-tournament:054,Tekken-11,2024-09-01,54,demo:037,56,88,10,False,False,-305.0,tekken-11,demo,54
demo-tournament:054,Tekken-11,2024-09-01,54,demo:022,57,88,10,False,False,-308.5,tekken-11,demo,54
demo-tournament:054,Tekken-11,2024-09-01,54,demo:036,58,88,10,False,False,-347.9,tekken-11,demo,54
demo-tournament:054,Tekken-11,2024-09-01,54,demo:059,59,88,10,False,False,-396.0,tekken-11,demo,54
demo-tournament:054,Tekken-11,2024-09-01,54,demo:052,60,88,10,False,False,-468.5,tekken-11,demo,54
demo-tournament:054,Tekken-11,2024-09-01,54,demo:074,61,88,10,False,False,-507.8,tekken-11,demo,54
demo-tournament:054,Tekken-11,2024-09-01,54,demo:025,62,88,10,False,False,-545.1,tekken-11,demo,54
demo-tournament:054,Tekken-11,2024-09-01,54,demo:023,63,88,10,False,False,-557.1,tekken-11,demo,54
demo-tournament:054,Tekken-11,2024-09-01,54,demo:086,64,88,10,False,False,-557.7,tekken-11,demo,54
demo-tournament:054,Tekken-11,2024-09-01,54,demo:084,65,88,10,False,False,-620.7,tekken-11,demo,54
demo-tournament:054,Tekken-11,2024-09-01,54,demo:033,66,88,10,False,False,-654.6,tekken-11,demo,54
demo-tournament:054,Tekken-11,2024-09-01,54,demo:072,67,88,10,False,False,-655.1,tekken-11,demo,54
demo-tournament:054,Tekken-11,2024-09-01,54,demo:039,68,88,10,False,False,-811.9,tekken-11,demo,54
demo-tournament:054,Tekken-11,2024-09-01,54,demo:005,69,88,10,False,False,-861.2,tekken-11,demo,54
demo-tournament:054,Tekken-11,2024-09-01,54,demo:031,70,88,10,False,False,-964.8,tekken-11,demo,54
demo-tournament:054,Tekken-11,2024-09-01,54,demo:067,71,88,10,False,False,-1005.2,tekken-11,demo,54
demo-tournament:054,Tekken-11,2024-09-01,54,demo:040,72,88,10,False,False,-1017.2,tekken-11,demo,54
demo-tournament:054,Tekken-11,2024-09-01,54,demo:068,73,88,10,False,False,-1085.8,tekken-11,demo,54
demo-tournament:054,Tekken-11,2024-09-01,54,demo:003,74,88,10,False,False,-1171.1,tekken-11,demo,54
demo-tournament:054,Tekken-11,2024-09-01,54,demo:053,75,88,10,False,False,-1177.0,tekken-11,demo,54
demo-tournament:054,Tekken-11,2024-09-01,54,demo:064,76,88,10,False,False,-1179.9,tekken-11,demo,54
demo-tournament:054,Tekken-11,2024-09-01,54,demo:076,77,88,10,False,True,-1378.4,tekken-11,demo,54
demo-tournament:054,Tekken-11,2024-09-01,54,demo:026,78,88,10,False,False,-1415.6,tekken-11,demo,54
demo-tournament:054,Tekken-11,2024-09-01,54,demo:054,79,88,10,False,False,-1441.5,tekken-11,demo,54
demo-tournament:054,Tekken-11,2024-09-01,54,demo:062,80,88,10,False,False,-1632.1,tekken-11,demo,54
demo-tournament:054,Tekken-11,2024-09-01,54,demo:006,81,88,10,False,False,-1714.9,tekken-11,demo,54
demo-tournament:054,Tekken-11,2024-09-01,54,demo:063,82,88,10,False,False,-1726.6,tekken-11,demo,54
demo-tournament:054,Tekken-11,2024-09-01,54,demo:085,83,88,10,False,False,-1849.6,tekken-11,demo,54
demo-tournament:054,Tekken-11,2024-09-01,54,demo:048,84,88,10,False,False,-1923.5,tekken-11,demo,54
demo-tournament:054,Tekken-11,2024-09-01,54,demo:047,85,88,10,False,False,-2279.2,tekken-11,demo,54
demo-tournament:054,Tekken-11,2024-09-01,54,demo:038,86,88,10,False,False,-2748.2,tekken-11,demo,54
demo-tournament:054,Tekken-11,2024-09-01,54,demo:046,87,88,10,False,False,-2812.1,tekken-11,demo,54
demo-tournament:054,Tekken-11,2024-09-01,54,demo:061,88,88,10,False,False,-3910.0,tekken-11,demo,54
demo-tournament:055,Tekken-12,2024-10-13,55,demo:079,1,88,10,False,False,3390.5,tekken-12,demo,55
demo-tournament:055,Tekken-12,2024-10-13,55,demo:002,2,88,10,False,False,2796.4,tekken-12,demo,55
demo-tournament:055,Tekken-12,2024-10-13,55,demo:004,3,88,10,False,False,2450.7,tekken-12,demo,55
demo-tournament:055,Tekken-12,2024-10-13,55,demo:070,4,88,10,False,False,2341.5,tekken-12,demo,55
demo-tournament:055,Tekken-12,2024-10-13,55,demo:082,5,88,10,False,False,1959.1,tekken-12,demo,55
demo-tournament:055,Tekken-12,2024-10-13,55,demo:028,6,88,10,False,False,1817.0,tekken-12,demo,55
demo-tournament:055,Tekken-12,2024-10-13,55,demo:080,7,88,10,False,False,1643.4,tekken-12,demo,55
demo-tournament:055,Tekken-12,2024-10-13,55,demo:011,8,88,10,False,False,1636.6,tekken-12,demo,55
demo-tournament:055,Tekken-12,2024-10-13,55,demo:014,9,88,10,False,False,1544.2,tekken-12,demo,55
demo-tournament:055,Tekken-12,2024-10-13,55,demo:049,10,88,10,False,False,1527.3,tekken-12,demo,55
demo-tournament:055,Tekken-12,2024-10-13,55,demo:020,11,88,10,False,False,1445.4,tekken-12,demo,55
demo-tournament:055,Tekken-12,2024-10-13,55,demo:073,12,88,10,False,False,1321.8,tekken-12,demo,55
demo-tournament:055,Tekken-12,2024-10-13,55,demo:007,13,88,10,False,False,1318.9,tekken-12,demo,55
demo-tournament:055,Tekken-12,2024-10-13,55,demo:050,14,88,10,False,False,1285.2,tekken-12,demo,55
demo-tournament:055,Tekken-12,2024-10-13,55,demo:019,15,88,10,False,False,1256.6,tekken-12,demo,55
demo-tournament:055,Tekken-12,2024-10-13,55,demo:055,16,88,10,False,False,1103.1,tekken-12,demo,55
demo-tournament:055,Tekken-12,2024-10-13,55,demo:044,17,88,10,False,False,1073.3,tekken-12,demo,55
demo-tournament:055,Tekken-12,2024-10-13,55,demo:018,18,88,10,False,False,1041.4,tekken-12,demo,55
demo-tournament:055,Tekken-12,2024-10-13,55,demo:033,19,88,10,False,False,957.4,tekken-12,demo,55
demo-tournament:055,Tekken-12,2024-10-13,55,demo:060,20,88,10,False,False,909.1,tekken-12,demo,55
demo-tournament:055,Tekken-12,2024-10-13,55,demo:056,21,88,10,False,False,905.6,tekken-12,demo,55
demo-tournament:055,Tekken-12,2024-10-13,55,demo:067,22,88,10,False,False,899.8,tekken-12,demo,55
demo-tournament:055,Tekken-12,2024-10-13,55,demo:031,23,88,10,False,False,899.4,tekken-12,demo,55
demo-tournament:055,Tekken-12,2024-10-13,55,demo:022,24,88,10,False,False,855.5,tekken-12,demo,55
demo-tournament:055,Tekken-12,2024-10-13,55,demo:065,25,88,10,False,False,845.1,tekken-12,demo,55
demo-tournament:055,Tekken-12,2024-10-13,55,demo:015,26,88,10,False,False,838.5,tekken-12,demo,55
demo-tournament:055,Tekken-12,2024-10-13,55,demo:017,27,88,10,False,False,792.2,tekken-12,demo,55
demo-tournament:055,Tekken-12,2024-10-13,55,demo:066,28,88,10,False,False,755.1,tekken-12,demo,55
demo-tournament:055,Tekken-12,2024-10-13,55,demo:068,29,88,10,False,False,752.8,tekken-12,demo,55
demo-tournament:055,Tekken-12,2024-10-13,55,demo:047,30,88,10,False,False,701.0,tekken-12,demo,55
demo-tournament:055,Tekken-12,2024-10-13,55,demo:081,31,88,10,False,False,605.5,tekken-12,demo,55
demo-tournament:055,Tekken-12,2024-10-13,55,demo:037,32,88,10,False,False,586.3,tekken-12,demo,55
demo-tournament:055,Tekken-12,2024-10-13,55,demo:075,33,88,10,False,False,586.1,tekken-12,demo,55
demo-tournament:055,Tekken-12,2024-10-13,55,demo:045,34,88,10,False,False,460.9,tekken-12,demo,55
demo-tournament:055,Tekken-12,2024-10-13,55,demo:006,35,88,10,False,False,457.9,tekken-12,demo,55
demo-tournament:055,Tekken-12,2024-10-13,55,demo:010,36,88,10,False,False,456.1,tekken-12,demo,55
demo-tournament:055,Tekken-12,2024-10-13,55,demo:058,37,88,10,False,False,449.6,tekken-12,demo,55
demo-tournament:055,Tekken-12,2024-10-13,55,demo:090,38,88,10,False,False,409.1,tekken-12,demo,55
demo-tournament:055,Tekken-12,2024-10-13,55,demo:069,39,88,10,False,False,401.6,tekken-12,demo,55
demo-tournament:055,Tekken-12,2024-10-13,55,demo:035,40,88,10,False,False,385.2,tekken-12,demo,55
demo-tournament:055,Tekken-12,2024-10-13,55,demo:025,41,88,10,False,False,372.5,tekken-12,demo,55
demo-tournament:055,Tekken-12,2024-10-13,55,demo:064,42,88,10,False,False,262.5,tekken-12,demo,55
demo-tournament:055,Tekken-12,2024-10-13,55,demo:024,43,88,10,False,False,258.7,tekken-12,demo,55
demo-tournament:055,Tekken-12,2024-10-13,55,demo:078,44,88,10,False,False,237.9,tekken-12,demo,55
demo-tournament:055,Tekken-12,2024-10-13,55,demo:087,45,88,10,False,False,172.9,tekken-12,demo,55
demo-tournament:055,Tekken-12,2024-10-13,55,demo:030,46,88,10,False,False,164.2,tekken-12,demo,55
demo-tournament:055,Tekken-12,2024-10-13,55,demo:072,47,88,10,False,False,118.8,tekken-12,demo,55
demo-tournament:055,Tekken-12,2024-10-13,55,demo:052,48,88,10,False,False,52.3,tekken-12,demo,55
demo-tournament:055,Tekken-12,2024-10-13,55,demo:005,49,88,10,False,False,50.5,tekken-12,demo,55
demo-tournament:055,Tekken-12,2024-10-13,55,demo:089,50,88,10,False,False,4.8,tekken-12,demo,55
demo-tournament:055,Tekken-12,2024-10-13,55,demo:063,51,88,10,False,False,-57.7,tekken-12,demo,55
demo-tournament:055,Tekken-12,2024-10-13,55,demo:041,52,88,10,False,False,-107.6,tekken-12,demo,55
demo-tournament:055,Tekken-12,2024-10-13,55,demo:016,53,88,10,False,False,-170.6,tekken-12,demo,55
demo-tournament:055,Tekken-12,2024-10-13,55,demo:043,54,88,10,False,False,-219.5,tekken-12,demo,55
demo-tournament:055,Tekken-12,2024-10-13,55,demo:023,55,88,10,False,False,-242.0,tekken-12,demo,55
demo-tournament:055,Tekken-12,2024-10-13,55,demo:029,56,88,10,False,False,-254.0,tekken-12,demo,55
demo-tournament:055,Tekken-12,2024-10-13,55,demo:040,57,88,10,False,False,-264.1,tekken-12,demo,55
demo-tournament:055,Tekken-12,2024-10-13,55,demo:027,58,88,10,False,False,-380.8,tekken-12,demo,55
demo-tournament:055,Tekken-12,2024-10-13,55,demo:009,59,88,10,False,False,-386.1,tekken-12,demo,55
demo-tournament:055,Tekken-12,2024-10-13,55,demo:013,60,88,10,False,False,-391.5,tekken-12,demo,55
demo-tournament:055,Tekken-12,2024-10-13,55,demo:026,61,88,10,False,False,-490.1,tekken-12,demo,55
demo-tournament:055,Tekken-12,2024-10-13,55,demo:003,62,88,10,False,False,-567.3,tekken-12,demo,55
demo-tournament:055,Tekken-12,2024-10-13,55,demo:032,63,88,10,False,False,-623.2,tekken-12,demo,55
demo-tournament:055,Tekken-12,2024-10-13,55,demo:001,64,88,10,False,False,-663.2,tekken-12,demo,55
demo-tournament:055,Tekken-12,2024-10-13,55,demo:054,65,88,10,False,False,-731.6,tekken-12,demo,55
demo-tournament:055,Tekken-12,2024-10-13,55,demo:057,66,88,10,False,False,-971.9,tekken-12,demo,55
demo-tournament:055,Tekken-12,2024-10-13,55,demo:036,67,88,10,False,False,-994.9,tekken-12,demo,55
demo-tournament:055,Tekken-12,2024-10-13,55,demo:021,68,88,10,False,False,-1039.2,tekken-12,demo,55
demo-tournament:055,Tekken-12,2024-10-13,55,demo:088,69,88,10,False,False,-1105.8,tekken-12,demo,55
demo-tournament:055,Tekken-12,2024-10-13,55,demo:077,70,88,10,False,False,-1121.4,tekken-12,demo,55
demo-tournament:055,Tekken-12,2024-10-13,55,demo:053,71,88,10,False,False,-1175.7,tekken-12,demo,55
demo-tournament:055,Tekken-12,2024-10-13,55,demo:061,72,88,10,False,False,-1176.9,tekken-12,demo,55
demo-tournament:055,Tekken-12,2024-10-13,55,demo:062,73,88,10,False,False,-1312.1,tekken-12,demo,55
demo-tournament:055,Tekken-12,2024-10-13,55,demo:071,74,88,10,False,False,-1374.0,tekken-12,demo,55
demo-tournament:055,Tekken-12,2024-10-13,55,demo:048,75,88,10,False,False,-1374.7,tekken-12,demo,55
demo-tournament:055,Tekken-12,2024-10-13,55,demo:059,76,88,10,False,False,-1391.0,tekken-12,demo,55
demo-tournament:055,Tekken-12,2024-10-13,55,demo:076,77,88,10,False,False,-1455.2,tekken-12,demo,55
demo-tournament:055,Tekken-12,2024-10-13,55,demo:083,78,88,10,False,False,-1534.3,tekken-12,demo,55
demo-tournament:055,Tekken-12,2024-10-13,55,demo:051,79,88,10,False,False,-1564.2,tekken-12,demo,55
demo-tournament:055,Tekken-12,2024-10-13,55,demo:042,80,88,10,False,False,-1564.6,tekken-12,demo,55
demo-tournament:055,Tekken-12,2024-10-13,55,demo:038,81,88,10,False,False,-1758.3,tekken-12,demo,55
demo-tournament:055,Tekken-12,2024-10-13,55,demo:034,82,88,10,False,False,-1828.8,tekken-12,demo,55
demo-tournament:055,Tekken-12,2024-10-13,55,demo:046,83,88,10,False,False,-2069.7,tekken-12,demo,55
demo-tournament:055,Tekken-12,2024-10-13,55,demo:074,84,88,10,False,False,-2108.6,tekken-12,demo,55
demo-tournament:055,Tekken-12,2024-10-13,55,demo:012,85,88,10,False,False,-2112.9,tekken-12,demo,55
demo-tournament:055,Tekken-12,2024-10-13,55,demo:086,86,88,10,False,False,-2156.5,tekken-12,demo,55
demo-tournament:055,Tekken-12,2024-10-13,55,demo:008,87,88,10,False,False,-2329.8,tekken-12,demo,55
demo-tournament:055,Tekken-12,2024-10-13,55,demo:039,88,88,10,False,False,-3091.5,tekken-12,demo,55
demo-tournament:056,Ночная охота — 2025,2025-01-07,56,demo:016,1,32,13,False,False,3012.3,2025,demo,56
demo-tournament:056,Ночная охота — 2025,2025-01-07,56,demo:028,2,32,13,False,False,2486.2,2025,demo,56
demo-tournament:056,Ночная охота — 2025,2025-01-07,56,demo:058,3,32,13,False,False,1765.5,2025,demo,56
demo-tournament:056,Ночная охота — 2025,2025-01-07,56,demo:014,4,32,13,False,False,1477.3,2025,demo,56
demo-tournament:056,Ночная охота — 2025,2025-01-07,56,demo:079,5,32,13,False,False,1194.7,2025,demo,56
demo-tournament:056,Ночная охота — 2025,2025-01-07,56,demo:009,6,32,13,False,False,884.7,2025,demo,56
demo-tournament:056,Ночная охота — 2025,2025-01-07,56,demo:042,7,32,13,False,False,867.6,2025,demo,56
demo-tournament:056,Ночная охота — 2025,2025-01-07,56,demo:022,8,32,13,False,False,759.2,2025,demo,56
demo-tournament:056,Ночная охота — 2025,2025-01-07,56,demo:020,9,32,13,False,False,422.6,2025,demo,56
demo-tournament:056,Ночная охота — 2025,2025-01-07,56,demo:074,10,32,13,False,False,305.3,2025,demo,56
demo-tournament:056,Ночная охота — 2025,2025-01-07,56,demo:084,11,32,13,False,False,173.9,2025,demo,56
demo-tournament:056,Ночная охота — 2025,2025-01-07,56,demo:049,12,32,13,False,False,57.0,2025,demo,56
demo-tournament:056,Ночная охота — 2025,2025-01-07,56,demo:021,13,32,13,False,False,35.4,2025,demo,56
demo-tournament:056,Ночная охота — 2025,2025-01-07,56,demo:072,14,32,13,False,False,-86.7,2025,demo,56
demo-tournament:056,Ночная охота — 2025,2025-01-07,56,demo:011,15,32,13,False,False,-138.8,2025,demo,56
demo-tournament:056,Ночная охота — 2025,2025-01-07,56,demo:043,16,32,13,False,False,-376.0,2025,demo,56
demo-tournament:056,Ночная охота — 2025,2025-01-07,56,demo:080,17,32,13,False,False,-395.3,2025,demo,56
demo-tournament:056,Ночная охота — 2025,2025-01-07,56,demo:023,18,32,13,False,False,-406.1,2025,demo,56
demo-tournament:056,Ночная охота — 2025,2025-01-07,56,demo:073,19,32,13,False,False,-443.2,2025,demo,56
demo-tournament:056,Ночная охота — 2025,2025-01-07,56,demo:026,20,32,13,False,False,-496.6,2025,demo,56
demo-tournament:056,Ночная охота — 2025,2025-01-07,56,demo:077,21,32,13,False,False,-613.8,2025,demo,56
demo-tournament:056,Ночная охота — 2025,2025-01-07,56,demo:060,22,32,13,False,False,-634.2,2025,demo,56
demo-tournament:056,Ночная охота — 2025,2025-01-07,56,demo:034,23,32,13,False,False,-701.3,2025,demo,56
demo-tournament:056,Ночная охота — 2025,2025-01-07,56,demo:006,24,32,13,False,False,-770.5,2025,demo,56
demo-tournament:056,Ночная охота — 2025,2025-01-07,56,demo:008,25,32,13,False,False,-837.6,2025,demo,56
demo-tournament:056,Ночная охота — 2025,2025-01-07,56,demo:067,26,32,13,False,False,-1196.2,2025,demo,56
demo-tournament:056,Ночная охота — 2025,2025-01-07,56,demo:038,27,32,13,False,False,-1310.4,2025,demo,56
demo-tournament:056,Ночная охота — 2025,2025-01-07,56,demo:048,28,32,13,False,False,-1531.2,2025,demo,56
demo-tournament:056,Ночная охота — 2025,2025-01-07,56,demo:047,29,32,13,False,False,-1764.9,2025,demo,56
demo-tournament:056,Ночная охота — 2025,2025-01-07,56,demo:046,30,32,13,False,False,-2155.8,2025,demo,56
demo-tournament:056,Ночная охота — 2025,2025-01-07,56,demo:057,31,32,13,False,False,-2325.2,2025,demo,56
demo-tournament:056,Ночная охота — 2025,2025-01-07,56,demo:003,32,32,13,False,False,-2405.0,2025,demo,56
demo-tournament:057,Кубок у водопоя — 2025,2025-01-26,57,demo:014,1,44,8,False,False,2915.2,2025,demo,57
demo-tournament:057,Кубок у водопоя — 2025,2025-01-26,57,demo:020,2,44,8,False,False,2198.8,2025,demo,57
demo-tournament:057,Кубок у водопоя — 2025,2025-01-26,57,demo:009,3,44,8,False,False,1758.8,2025,demo,57
demo-tournament:057,Кубок у водопоя — 2025,2025-01-26,57,demo:079,4,44,8,False,False,1656.3,2025,demo,57
demo-tournament:057,Кубок у водопоя — 2025,2025-01-26,57,demo:071,5,44,8,False,False,1437.2,2025,demo,57
demo-tournament:057,Кубок у водопоя — 2025,2025-01-26,57,demo:078,6,44,8,False,False,1426.1,2025,demo,57
demo-tournament:057,Кубок у водопоя — 2025,2025-01-26,57,demo:064,7,44,8,False,False,1218.9,2025,demo,57
demo-tournament:057,Кубок у водопоя — 2025,2025-01-26,57,demo:049,8,44,8,False,False,1078.7,2025,demo,57
demo-tournament:057,Кубок у водопоя — 2025,2025-01-26,57,demo:042,9,44,8,False,False,1028.0,2025,demo,57
demo-tournament:057,Кубок у водопоя — 2025,2025-01-26,57,demo:057,10,44,8,False,False,826.4,2025,demo,57
demo-tournament:057,Кубок у водопоя — 2025,2025-01-26,57,demo:070,11,44,8,False,False,787.9,2025,demo,57
demo-tournament:057,Кубок у водопоя — 2025,2025-01-26,57,demo:017,12,44,8,False,False,779.9,2025,demo,57
demo-tournament:057,Кубок у водопоя — 2025,2025-01-26,57,demo:089,13,44,8,False,False,725.3,2025,demo,57
demo-tournament:057,Кубок у водопоя — 2025,2025-01-26,57,demo:015,14,44,8,False,False,688.6,2025,demo,57
demo-tournament:057,Кубок у водопоя — 2025,2025-01-26,57,demo:087,15,44,8,False,False,671.4,2025,demo,57
demo-tournament:057,Кубок у водопоя — 2025,2025-01-26,57,demo:011,16,44,8,False,False,665.2,2025,demo,57
demo-tournament:057,Кубок у водопоя — 2025,2025-01-26,57,demo:058,17,44,8,False,False,577.0,2025,demo,57
demo-tournament:057,Кубок у водопоя — 2025,2025-01-26,57,demo:006,18,44,8,False,False,465.9,2025,demo,57
demo-tournament:057,Кубок у водопоя — 2025,2025-01-26,57,demo:016,19,44,8,False,False,379.5,2025,demo,57
demo-tournament:057,Кубок у водопоя — 2025,2025-01-26,57,demo:046,20,44,8,False,False,315.6,2025,demo,57
demo-tournament:057,Кубок у водопоя — 2025,2025-01-26,57,demo:029,21,44,8,False,False,249.1,2025,demo,57
demo-tournament:057,Кубок у водопоя — 2025,2025-01-26,57,demo:028,22,44,8,False,False,16.0,2025,demo,57
demo-tournament:057,Кубок у водопоя — 2025,2025-01-26,57,demo:034,23,44,8,False,False,6.9,2025,demo,57
demo-tournament:057,Кубок у водопоя — 2025,2025-01-26,57,demo:108,24,44,8,False,False,-62.4,2025,demo,57
demo-tournament:057,Кубок у водопоя — 2025,2025-01-26,57,demo:111,25,44,8,False,False,-286.5,2025,demo,57
demo-tournament:057,Кубок у водопоя — 2025,2025-01-26,57,demo:073,26,44,8,False,False,-513.7,2025,demo,57
demo-tournament:057,Кубок у водопоя — 2025,2025-01-26,57,demo:059,27,44,8,False,False,-560.0,2025,demo,57
demo-tournament:057,Кубок у водопоя — 2025,2025-01-26,57,demo:069,28,44,8,False,False,-566.9,2025,demo,57
demo-tournament:057,Кубок у водопоя — 2025,2025-01-26,57,demo:041,29,44,8,False,False,-567.2,2025,demo,57
demo-tournament:057,Кубок у водопоя — 2025,2025-01-26,57,demo:022,30,44,8,False,False,-743.7,2025,demo,57
demo-tournament:057,Кубок у водопоя — 2025,2025-01-26,57,demo:025,31,44,8,False,False,-781.3,2025,demo,57
demo-tournament:057,Кубок у водопоя — 2025,2025-01-26,57,demo:026,32,44,8,False,False,-792.3,2025,demo,57
demo-tournament:057,Кубок у водопоя — 2025,2025-01-26,57,demo:052,33,44,8,False,False,-860.9,2025,demo,57
demo-tournament:057,Кубок у водопоя — 2025,2025-01-26,57,demo:021,34,44,8,False,False,-949.2,2025,demo,57
demo-tournament:057,Кубок у водопоя — 2025,2025-01-26,57,demo:065,35,44,8,False,False,-1002.1,2025,demo,57
demo-tournament:057,Кубок у водопоя — 2025,2025-01-26,57,demo:008,36,44,8,False,False,-1207.7,2025,demo,57
demo-tournament:057,Кубок у водопоя — 2025,2025-01-26,57,demo:001,37,44,8,False,False,-1234.8,2025,demo,57
demo-tournament:057,Кубок у водопоя — 2025,2025-01-26,57,demo:077,38,44,8,False,False,-1239.9,2025,demo,57
demo-tournament:057,Кубок у водопоя — 2025,2025-01-26,57,demo:044,39,44,8,False,False,-1504.0,2025,demo,57
demo-tournament:057,Кубок у водопоя — 2025,2025-01-26,57,demo:032,40,44,8,False,False,-1573.2,2025,demo,57
demo-tournament:057,Кубок у водопоя — 2025,2025-01-26,57,demo:047,41,44,8,False,False,-1681.4,2025,demo,57
demo-tournament:057,Кубок у водопоя — 2025,2025-01-26,57,demo:048,42,44,8,False,False,-1800.1,2025,demo,57
demo-tournament:057,Кубок у водопоя — 2025,2025-01-26,57,demo:003,43,44,8,False,False,-1942.1,2025,demo,57
demo-tournament:057,Кубок у водопоя — 2025,2025-01-26,57,demo:038,44,44,8,False,False,-2807.4,2025,demo,57
demo-tournament:058,Tekken-13,2025-02-02,58,demo:014,1,52,9,False,False,3662.4,tekken-13,demo,58
demo-tournament:058,Tekken-13,2025-02-02,58,demo:055,2,52,9,False,False,2172.2,tekken-13,demo,58
demo-tournament:058,Tekken-13,2025-02-02,58,demo:022,3,52,9,False,False,1819.1,tekken-13,demo,58
demo-tournament:058,Tekken-13,2025-02-02,58,demo:016,4,52,9,False,False,1740.7,tekken-13,demo,58
demo-tournament:058,Tekken-13,2025-02-02,58,demo:044,5,52,9,False,False,1507.0,tekken-13,demo,58
demo-tournament:058,Tekken-13,2025-02-02,58,demo:002,6,52,9,False,False,1498.6,tekken-13,demo,58
demo-tournament:058,Tekken-13,2025-02-02,58,demo:049,7,52,9,False,False,1328.0,tekken-13,demo,58
demo-tournament:058,Tekken-13,2025-02-02,58,demo:080,8,52,9,False,False,1311.7,tekken-13,demo,58
demo-tournament:058,Tekken-13,2025-02-02,58,demo:018,9,52,9,False,False,1256.2,tekken-13,demo,58
demo-tournament:058,Tekken-13,2025-02-02,58,demo:041,10,52,9,False,False,1066.8,tekken-13,demo,58
demo-tournament:058,Tekken-13,2025-02-02,58,demo:034,11,52,9,False,False,1063.6,tekken-13,demo,58
demo-tournament:058,Tekken-13,2025-02-02,58,demo:006,12,52,9,False,False,779.3,tekken-13,demo,58
demo-tournament:058,Tekken-13,2025-02-02,58,demo:045,13,52,9,False,False,753.1,tekken-13,demo,58
demo-tournament:058,Tekken-13,2025-02-02,58,demo:011,14,52,9,False,False,742.5,tekken-13,demo,58
demo-tournament:058,Tekken-13,2025-02-02,58,demo:017,15,52,9,False,False,655.8,tekken-13,demo,58
demo-tournament:058,Tekken-13,2025-02-02,58,demo:024,16,52,9,False,False,400.9,tekken-13,demo,58
demo-tournament:058,Tekken-13,2025-02-02,58,demo:050,17,52,9,False,False,374.9,tekken-13,demo,58
demo-tournament:058,Tekken-13,2025-02-02,58,demo:026,18,52,9,False,False,271.1,tekken-13,demo,58
demo-tournament:058,Tekken-13,2025-02-02,58,demo:056,19,52,9,False,False,147.9,tekken-13,demo,58
demo-tournament:058,Tekken-13,2025-02-02,58,demo:029,20,52,9,False,False,-49.1,tekken-13,demo,58
demo-tournament:058,Tekken-13,2025-02-02,58,demo:028,21,52,9,False,False,-89.5,tekken-13,demo,58
demo-tournament:058,Tekken-13,2025-02-02,58,demo:020,22,52,9,False,False,-222.7,tekken-13,demo,58
demo-tournament:058,Tekken-13,2025-02-02,58,demo:019,23,52,9,False,False,-225.3,tekken-13,demo,58
demo-tournament:058,Tekken-13,2025-02-02,58,demo:023,24,52,9,False,False,-266.1,tekken-13,demo,58
demo-tournament:058,Tekken-13,2025-02-02,58,demo:030,25,52,9,False,False,-350.0,tekken-13,demo,58
demo-tournament:058,Tekken-13,2025-02-02,58,demo:067,26,52,9,False,False,-381.6,tekken-13,demo,58
demo-tournament:058,Tekken-13,2025-02-02,58,demo:008,27,52,9,False,False,-450.0,tekken-13,demo,58
demo-tournament:058,Tekken-13,2025-02-02,58,demo:081,28,52,9,False,False,-559.5,tekken-13,demo,58
demo-tournament:058,Tekken-13,2025-02-02,58,demo:059,29,52,9,False,False,-562.3,tekken-13,demo,58
demo-tournament:058,Tekken-13,2025-02-02,58,demo:043,30,52,9,False,False,-620.0,tekken-13,demo,58
demo-tournament:058,Tekken-13,2025-02-02,58,demo:057,31,52,9,False,False,-705.6,tekken-13,demo,58
demo-tournament:058,Tekken-13,2025-02-02,58,demo:038,32,52,9,False,False,-719.8,tekken-13,demo,58
demo-tournament:058,Tekken-13,2025-02-02,58,demo:077,33,52,9,False,False,-943.5,tekken-13,demo,58
demo-tournament:058,Tekken-13,2025-02-02,58,demo:009,34,52,9,False,False,-981.1,tekken-13,demo,58
demo-tournament:058,Tekken-13,2025-02-02,58,demo:065,35,52,9,False,False,-983.4,tekken-13,demo,58
demo-tournament:058,Tekken-13,2025-02-02,58,demo:073,36,52,9,False,False,-1024.5,tekken-13,demo,58
demo-tournament:058,Tekken-13,2025-02-02,58,demo:086,37,52,9,False,False,-1061.5,tekken-13,demo,58
demo-tournament:058,Tekken-13,2025-02-02,58,demo:060,38,52,9,False,False,-1082.9,tekken-13,demo,58
demo-tournament:058,Tekken-13,2025-02-02,58,demo:003,39,52,9,False,False,-1099.2,tekken-13,demo,58
demo-tournament:058,Tekken-13,2025-02-02,58,demo:085,40,52,9,False,True,-1151.6,tekken-13,demo,58
demo-tournament:058,Tekken-13,2025-02-02,58,demo:075,41,52,9,False,False,-1508.9,tekken-13,demo,58
demo-tournament:058,Tekken-13,2025-02-02,58,demo:005,42,52,9,False,False,-1538.8,tekken-13,demo,58
demo-tournament:058,Tekken-13,2025-02-02,58,demo:021,43,52,9,False,False,-1585.8,tekken-13,demo,58
demo-tournament:058,Tekken-13,2025-02-02,58,demo:047,44,52,9,False,False,-1590.3,tekken-13,demo,58
demo-tournament:058,Tekken-13,2025-02-02,58,demo:032,45,52,9,False,False,-1675.4,tekken-13,demo,58
demo-tournament:058,Tekken-13,2025-02-02,58,demo:025,46,52,9,False,False,-1697.1,tekken-13,demo,58
demo-tournament:058,Tekken-13,2025-02-02,58,demo:089,47,52,9,False,False,-1765.0,tekken-13,demo,58
demo-tournament:058,Tekken-13,2025-02-02,58,demo:088,48,52,9,False,False,-1948.6,tekken-13,demo,58
demo-tournament:058,Tekken-13,2025-02-02,58,demo:054,49,52,9,False,True,-2129.9,tekken-13,demo,58
demo-tournament:058,Tekken-13,2025-02-02,58,demo:068,50,52,9,False,False,-2292.0,tekken-13,demo,58
demo-tournament:058,Tekken-13,2025-02-02,58,demo:046,51,52,9,False,False,-2316.4,tekken-13,demo,58
demo-tournament:058,Tekken-13,2025-02-02,58,demo:048,52,52,9,False,False,-2861.2,tekken-13,demo,58
demo-tournament:059,Tekken-14,2025-02-16,59,demo:014,1,60,9,True,False,2841.0,tekken-14,demo,59
demo-tournament:059,Tekken-14,2025-02-16,59,demo:028,2,60,9,True,False,2461.7,tekken-14,demo,59
demo-tournament:059,Tekken-14,2025-02-16,59,demo:050,3,60,9,True,False,2163.9,tekken-14,demo,59
demo-tournament:059,Tekken-14,2025-02-16,59,demo:045,4,60,9,True,False,1561.4,tekken-14,demo,59
demo-tournament:059,Tekken-14,2025-02-16,59,demo:051,5,60,9,True,False,1504.0,tekken-14,demo,59
demo-tournament:059,Tekken-14,2025-02-16,59,demo:002,6,60,9,True,False,1449.7,tekken-14,demo,59
demo-tournament:059,Tekken-14,2025-02-16,59,demo:015,7,60,9,True,False,1038.8,tekken-14,demo,59
demo-tournament:059,Tekken-14,2025-02-16,59,demo:026,8,60,9,True,False,847.4,tekken-14,demo,59
demo-tournament:059,Tekken-14,2025-02-16,59,demo:016,9,60,9,True,False,832.6,tekken-14,demo,59
demo-tournament:059,Tekken-14,2025-02-16,59,demo:033,10,60,9,True,False,820.8,tekken-14,demo,59
demo-tournament:059,Tekken-14,2025-02-16,59,demo:037,11,60,9,True,False,773.9,tekken-14,demo,59
demo-tournament:059,Tekken-14,2025-02-16,59,demo:020,12,60,9,True,False,728.4,tekken-14,demo,59
demo-tournament:059,Tekken-14,2025-02-16,59,demo:080,13,60,9,True,False,720.5,tekken-14,demo,59
demo-tournament:059,Tekken-14,2025-02-16,59,demo:079,14,60,9,True,False,655.4,tekken-14,demo,59
demo-tournament:059,Tekken-14,2025-02-16,59,demo:041,15,60,9,True,False,653.5,tekken-14,demo,59
demo-tournament:059,Tekken-14,2025-02-16,59,demo:013,16,60,9,True,False,646.4,tekken-14,demo,59
demo-tournament:059,Tekken-14,2025-02-16,59,demo:022,17,60,9,True,False,621.0,tekken-14,demo,59
demo-tournament:059,Tekken-14,2025-02-16,59,demo:024,18,60,9,True,False,547.4,tekken-14,demo,59
demo-tournament:059,Tekken-14,2025-02-16,59,demo:034,19,60,9,True,False,457.7,tekken-14,demo,59
demo-tournament:059,Tekken-14,2025-02-16,59,demo:035,20,60,9,True,False,422.0,tekken-14,demo,59
demo-tournament:059,Tekken-14,2025-02-16,59,demo:057,21,60,9,True,False,419.8,tekken-14,demo,59
demo-tournament:059,Tekken-14,2025-02-16,59,demo:009,22,60,9,True,False,406.6,tekken-14,demo,59
demo-tournament:059,Tekken-14,2025-02-16,59,demo:027,23,60,9,True,False,370.3,tekken-14,demo,59
demo-tournament:059,Tekken-14,2025-02-16,59,demo:083,24,60,9,True,False,289.9,tekken-14,demo,59
demo-tournament:059,Tekken-14,2025-02-16,59,demo:075,25,60,9,True,False,285.2,tekken-14,demo,59
demo-tournament:059,Tekken-14,2025-02-16,59,demo:043,26,60,9,True,False,277.5,tekken-14,demo,59
demo-tournament:059,Tekken-14,2025-02-16,59,demo:008,27,60,9,True,False,245.1,tekken-14,demo,59
demo-tournament:059,Tekken-14,2025-02-16,59,demo:017,28,60,9,True,False,70.4,tekken-14,demo,59
demo-tournament:059,Tekken-14,2025-02-16,59,demo:062,29,60,9,True,False,29.4,tekken-14,demo,59
demo-tournament:059,Tekken-14,2025-02-16,59,demo:058,30,60,9,True,False,-32.2,tekken-14,demo,59
demo-tournament:059,Tekken-14,2025-02-16,59,demo:040,31,60,9,True,False,-87.0,tekken-14,demo,59
demo-tournament:059,Tekken-14,2025-02-16,59,demo:006,32,60,9,True,False,-103.7,tekken-14,demo,59
demo-tournament:059,Tekken-14,2025-02-16,59,demo:011,33,60,9,True,False,-107.3,tekken-14,demo,59
demo-tournament:059,Tekken-14,2025-02-16,59,demo:049,34,60,9,True,False,-188.8,tekken-14,demo,59
demo-tournament:059,Tekken-14,2025-02-16,59,demo:021,35,60,9,True,False,-196.3,tekken-14,demo,59
demo-tournament:059,Tekken-14,2025-02-16,59,demo:029,36,60,9,True,False,-213.2,tekken-14,demo,59
demo-tournament:059,Tekken-14,2025-02-16,59,demo:042,37,60,9,True,False,-249.5,tekken-14,demo,59
demo-tournament:059,Tekken-14,2025-02-16,59,demo:052,38,60,9,True,False,-328.9,tekken-14,demo,59
demo-tournament:059,Tekken-14,2025-02-16,59,demo:054,39,60,9,True,False,-366.4,tekken-14,demo,59
demo-tournament:059,Tekken-14,2025-02-16,59,demo:056,40,60,9,True,False,-379.6,tekken-14,demo,59
demo-tournament:059,Tekken-14,2025-02-16,59,demo:038,41,60,9,True,False,-416.1,tekken-14,demo,59
demo-tournament:059,Tekken-14,2025-02-16,59,demo:001,42,60,9,True,False,-457.6,tekken-14,demo,59
demo-tournament:059,Tekken-14,2025-02-16,59,demo:019,43,60,9,True,False,-530.2,tekken-14,demo,59
demo-tournament:059,Tekken-14,2025-02-16,59,demo:044,44,60,9,True,False,-539.9,tekken-14,demo,59
demo-tournament:059,Tekken-14,2025-02-16,59,demo:053,45,60,9,True,False,-603.0,tekken-14,demo,59
demo-tournament:059,Tekken-14,2025-02-16,59,demo:003,46,60,9,True,False,-780.5,tekken-14,demo,59
demo-tournament:059,Tekken-14,2025-02-16,59,demo:023,47,60,9,True,False,-841.0,tekken-14,demo,59
demo-tournament:059,Tekken-14,2025-02-16,59,demo:018,48,60,9,True,False,-849.3,tekken-14,demo,59
demo-tournament:059,Tekken-14,2025-02-16,59,demo:030,49,60,9,True,False,-865.8,tekken-14,demo,59
demo-tournament:059,Tekken-14,2025-02-16,59,demo:010,50,60,9,True,False,-884.5,tekken-14,demo,59
demo-tournament:059,Tekken-14,2025-02-16,59,demo:032,51,60,9,True,False,-914.7,tekken-14,demo,59
demo-tournament:059,Tekken-14,2025-02-16,59,demo:048,52,60,9,True,False,-1217.9,tekken-14,demo,59
demo-tournament:059,Tekken-14,2025-02-16,59,demo:047,53,60,9,True,False,-1330.9,tekken-14,demo,59
demo-tournament:059,Tekken-14,2025-02-16,59,demo:039,54,60,9,True,False,-1335.0,tekken-14,demo,59
demo-tournament:059,Tekken-14,2025-02-16,59,demo:005,55,60,9,True,False,-1580.7,tekken-14,demo,59
demo-tournament:059,Tekken-14,2025-02-16,59,demo:072,56,60,9,True,False,-1705.3,tekken-14,demo,59
demo-tournament:059,Tekken-14,2025-02-16,59,demo:025,57,60,9,True,False,-1855.7,tekken-14,demo,59
demo-tournament:059,Tekken-14,2025-02-16,59,demo:059,58,60,9,True,False,-2522.9,tekken-14,demo,59
demo-tournament:059,Tekken-14,2025-02-16,59,demo:046,59,60,9,True,False,-2834.5,tekken-14,demo,59
demo-tournament:059,Tekken-14,2025-02-16,59,demo:060,60,60,9,True,False,-2919.7,tekken-14,demo,59
demo-tournament:060,Битва за желудь — 2025,2025-03-02,60,demo:017,1,32,8,False,False,2837.4,2025,demo,60
demo-tournament:060,Битва за желудь — 2025,2025-03-02,60,demo:028,2,32,8,False,False,2249.9,2025,demo,60
demo-tournament:060,Битва за желудь — 2025,2025-03-02,60,demo:009,3,32,8,False,False,1643.7,2025,demo,60
demo-tournament:060,Битва за желудь — 2025,2025-03-02,60,demo:002,4,32,8,False,False,1498.0,2025,demo,60
demo-tournament:060,Битва за желудь — 2025,2025-03-02,60,demo:073,5,32,8,False,False,1452.6,2025,demo,60
demo-tournament:060,Битва за желудь — 2025,2025-03-02,60,demo:020,6,32,8,False,False,1410.1,2025,demo,60
demo-tournament:060,Битва за желудь — 2025,2025-03-02,60,demo:015,7,32,8,False,False,1158.6,2025,demo,60
demo-tournament:060,Битва за желудь — 2025,2025-03-02,60,demo:066,8,32,8,False,False,1043.7,2025,demo,60
demo-tournament:060,Битва за желудь — 2025,2025-03-02,60,demo:016,9,32,8,False,False,1023.3,2025,demo,60
demo-tournament:060,Битва за желудь — 2025,2025-03-02,60,demo:049,10,32,8,False,False,786.5,2025,demo,60
demo-tournament:060,Битва за желудь — 2025,2025-03-02,60,demo:077,11,32,8,False,False,449.3,2025,demo,60
demo-tournament:060,Битва за желудь — 2025,2025-03-02,60,demo:011,12,32,8,False,False,312.5,2025,demo,60
demo-tournament:060,Битва за желудь — 2025,2025-03-02,60,demo:068,13,32,8,False,False,274.4,2025,demo,60
demo-tournament:060,Битва за желудь — 2025,2025-03-02,60,demo:057,14,32,8,False,False,254.6,2025,demo,60
demo-tournament:060,Битва за желудь — 2025,2025-03-02,60,demo:021,15,32,8,False,False,192.7,2025,demo,60
demo-tournament:060,Битва за желудь — 2025,2025-03-02,60,demo:008,16,32,8,False,False,69.6,2025,demo,60
demo-tournament:060,Битва за желудь — 2025,2025-03-02,60,demo:014,17,32,8,False,False,10.0,2025,demo,60
demo-tournament:060,Битва за желудь — 2025,2025-03-02,60,demo:044,18,32,8,False,False,8.9,2025,demo,60
demo-tournament:060,Битва за желудь — 2025,2025-03-02,60,demo:043,19,32,8,False,False,-113.7,2025,demo,60
demo-tournament:060,Битва за желудь — 2025,2025-03-02,60,demo:047,20,32,8,False,False,-247.3,2025,demo,60
demo-tournament:060,Битва за желудь — 2025,2025-03-02,60,demo:001,21,32,8,False,False,-334.8,2025,demo,60
demo-tournament:060,Битва за желудь — 2025,2025-03-02,60,demo:022,22,32,8,False,False,-340.6,2025,demo,60
demo-tournament:060,Битва за желудь — 2025,2025-03-02,60,demo:006,23,32,8,False,False,-402.4,2025,demo,60
demo-tournament:060,Битва за желудь — 2025,2025-03-02,60,demo:048,24,32,8,False,False,-404.7,2025,demo,60
demo-tournament:060,Битва за желудь — 2025,2025-03-02,60,demo:026,25,32,8,False,False,-629.0,2025,demo,60
demo-tournament:060,Битва за желудь — 2025,2025-03-02,60,demo:112,26,32,8,False,False,-982.4,2025,demo,60
demo-tournament:060,Битва за желудь — 2025,2025-03-02,60,demo:081,27,32,8,False,False,-1061.4,2025,demo,60
demo-tournament:060,Битва за желудь — 2025,2025-03-02,60,demo:003,28,32,8,False,False,-1275.1,2025,demo,60
demo-tournament:060,Битва за желудь — 2025,2025-03-02,60,demo:085,29,32,8,False,False,-1850.3,2025,demo,60
demo-tournament:060,Битва за желудь — 2025,2025-03-02,60,demo:074,30,32,8,False,False,-2088.7,2025,demo,60
demo-tournament:060,Битва за желудь — 2025,2025-03-02,60,demo:038,31,32,8,False,False,-2913.2,2025,demo,60
demo-tournament:060,Битва за желудь — 2025,2025-03-02,60,demo:069,32,32,8,False,False,-3040.3,2025,demo,60
demo-tournament:061,Совиный дозор — 2025,2025-04-26,61,demo:014,1,36,5,False,False,2797.0,2025,demo,61
demo-tournament:061,Совиный дозор — 2025,2025-04-26,61,demo:072,2,36,5,False,False,2057.1,2025,demo,61
demo-tournament:061,Совиный дозор — 2025,2025-04-26,61,demo:028,3,36,5,False,False,1995.0,2025,demo,61
demo-tournament:061,Совиный дозор — 2025,2025-04-26,61,demo:015,4,36,5,False,False,1875.1,2025,demo,61
demo-tournament:061,Совиный дозор — 2025,2025-04-26,61,demo:016,5,36,5,False,False,1496.0,2025,demo,61
demo-tournament:061,Совиный дозор — 2025,2025-04-26,61,demo:011,6,36,5,False,False,769.7,2025,demo,61
demo-tournament:061,Совиный дозор — 2025,2025-04-26,61,demo:079,7,36,5,False,False,748.0,2025,demo,61
demo-tournament:061,Совиный дозор — 2025,2025-04-26,61,demo:049,8,36,5,False,False,739.5,2025,demo,61
demo-tournament:061,Совиный дозор — 2025,2025-04-26,61,demo:021,9,36,5,False,False,674.6,2025,demo,61
demo-tournament:061,Совиный дозор — 2025,2025-04-26,61,demo:043,10,36,5,False,False,576.3,2025,demo,61
demo-tournament:061,Совиный дозор — 2025,2025-04-26,61,demo:022,11,36,5,False,False,569.5,2025,demo,61
demo-tournament:061,Совиный дозор — 2025,2025-04-26,61,demo:006,12,36,5,False,False,561.0,2025,demo,61
demo-tournament:061,Совиный дозор — 2025,2025-04-26,61,demo:070,13,36,5,False,False,409.8,2025,demo,61
demo-tournament:061,Совиный дозор — 2025,2025-04-26,61,demo:080,14,36,5,False,False,405.1,2025,demo,61
demo-tournament:061,Совиный дозор — 2025,2025-04-26,61,demo:020,15,36,5,False,False,157.4,2025,demo,61
demo-tournament:061,Совиный дозор — 2025,2025-04-26,61,demo:058,16,36,5,False,False,119.1,2025,demo,61
demo-tournament:061,Совиный дозор — 2025,2025-04-26,61,demo:017,17,36,5,False,False,107.4,2025,demo,61
demo-tournament:061,Совиный дозор — 2025,2025-04-26,61,demo:075,18,36,5,False,False,105.3,2025,demo,61
demo-tournament:061,Совиный дозор — 2025,2025-04-26,61,demo:002,19,36,5,False,False,5.6,2025,demo,61
demo-tournament:061,Совиный дозор — 2025,2025-04-26,61,demo:003,20,36,5,False,False,2.9,2025,demo,61
demo-tournament:061,Совиный дозор — 2025,2025-04-26,61,demo:068,21,36,5,False,False,-122.1,2025,demo,61
demo-tournament:061,Совиный дозор — 2025,2025-04-26,61,demo:076,22,36,5,False,False,-174.6,2025,demo,61
demo-tournament:061,Совиный дозор — 2025,2025-04-26,61,demo:029,23,36,5,False,False,-242.9,2025,demo,61
demo-tournament:061,Совиный дозор — 2025,2025-04-26,61,demo:074,24,36,5,False,False,-320.6,2025,demo,61
demo-tournament:061,Совиный дозор — 2025,2025-04-26,61,demo:044,25,36,5,False,False,-551.4,2025,demo,61
demo-tournament:061,Совиный дозор — 2025,2025-04-26,61,demo:065,26,36,5,False,False,-572.1,2025,demo,61
demo-tournament:061,Совиный дозор — 2025,2025-04-26,61,demo:026,27,36,5,False,False,-899.1,2025,demo,61
demo-tournament:061,Совиный дозор — 2025,2025-04-26,61,demo:034,28,36,5,False,False,-1106.6,2025,demo,61
demo-tournament:061,Совиный дозор — 2025,2025-04-26,61,demo:048,29,36,5,False,False,-1186.3,2025,demo,61
demo-tournament:061,Совиный дозор — 2025,2025-04-26,61,demo:057,30,36,5,False,False,-1270.4,2025,demo,61
demo-tournament:061,Совиный дозор — 2025,2025-04-26,61,demo:042,31,36,5,False,False,-1313.8,2025,demo,61
demo-tournament:061,Совиный дозор — 2025,2025-04-26,61,demo:077,32,36,5,False,False,-1644.5,2025,demo,61
demo-tournament:061,Совиный дозор — 2025,2025-04-26,61,demo:047,33,36,5,False,False,-1855.6,2025,demo,61
demo-tournament:061,Совиный дозор — 2025,2025-04-26,61,demo:008,34,36,5,False,False,-1955.3,2025,demo,61
demo-tournament:061,Совиный дозор — 2025,2025-04-26,61,demo:023,35,36,5,False,False,-2853.9,2025,demo,61
demo-tournament:061,Совиный дозор — 2025,2025-04-26,61,demo:038,36,36,5,False,False,-3446.4,2025,demo,61
demo-tournament:062,Tekken-15,2025-05-03,62,demo:020,1,72,10,False,False,2412.9,tekken-15,demo,62
demo-tournament:062,Tekken-15,2025-05-03,62,demo:013,2,72,10,False,False,1941.4,tekken-15,demo,62
demo-tournament:062,Tekken-15,2025-05-03,62,demo:016,3,72,10,False,False,1913.7,tekken-15,demo,62
demo-tournament:062,Tekken-15,2025-05-03,62,demo:076,4,72,10,False,False,1700.2,tekken-15,demo,62
demo-tournament:062,Tekken-15,2025-05-03,62,demo:090,5,72,10,False,False,1585.2,tekken-15,demo,62
demo-tournament:062,Tekken-15,2025-05-03,62,demo:019,6,72,10,False,False,1543.9,tekken-15,demo,62
demo-tournament:062,Tekken-15,2025-05-03,62,demo:002,7,72,10,False,False,1360.6,tekken-15,demo,62
demo-tournament:062,Tekken-15,2025-05-03,62,demo:014,8,72,10,False,False,1273.9,tekken-15,demo,62
demo-tournament:062,Tekken-15,2025-05-03,62,demo:028,9,72,10,False,False,1121.4,tekken-15,demo,62
demo-tournament:062,Tekken-15,2025-05-03,62,demo:041,10,72,10,False,False,1063.9,tekken-15,demo,62
demo-tournament:062,Tekken-15,2025-05-03,62,demo:027,11,72,10,False,False,1061.4,tekken-15,demo,62
demo-tournament:062,Tekken-15,2025-05-03,62,demo:009,12,72,10,False,False,930.7,tekken-15,demo,62
demo-tournament:062,Tekken-15,2025-05-03,62,demo:069,13,72,10,False,False,926.9,tekken-15,demo,62
demo-tournament:062,Tekken-15,2025-05-03,62,demo:001,14,72,10,False,False,903.2,tekken-15,demo,62
demo-tournament:062,Tekken-15,2025-05-03,62,demo:018,15,72,10,False,False,784.9,tekken-15,demo,62
demo-tournament:062,Tekken-15,2025-05-03,62,demo:034,16,72,10,False,False,771.4,tekken-15,demo,62
demo-tournament:062,Tekken-15,2025-05-03,62,demo:036,17,72,10,False,False,718.1,tekken-15,demo,62
demo-tournament:062,Tekken-15,2025-05-03,62,demo:045,18,72,10,False,False,657.1,tekken-15,demo,62
demo-tournament:062,Tekken-15,2025-05-03,62,demo:083,19,72,10,False,False,602.2,tekken-15,demo,62
demo-tournament:062,Tekken-15,2025-05-03,62,demo:011,20,72,10,False,False,589.6,tekken-15,demo,62
demo-tournament:062,Tekken-15,2025-05-03,62,demo:040,21,72,10,False,False,527.8,tekken-15,demo,62
demo-tournament:062,Tekken-15,2025-05-03,62,demo:021,22,72,10,False,False,428.6,tekken-15,demo,62
demo-tournament:062,Tekken-15,2025-05-03,62,demo:008,23,72,10,False,False,428.5,tekken-15,demo,62
demo-tournament:062,Tekken-15,2025-05-03,62,demo:033,24,72,10,False,False,402.1,tekken-15,demo,62
demo-tournament:062,Tekken-15,2025-05-03,62,demo:022,25,72,10,False,False,340.4,tekken-15,demo,62
demo-tournament:062,Tekken-15,2025-05-03,62,demo:044,26,72,10,False,False,319.4,tekken-15,demo,62
demo-tournament:062,Tekken-15,2025-05-03,62,demo:024,27,72,10,False,False,269.3,tekken-15,demo,62
demo-tournament:062,Tekken-15,2025-05-03,62,demo:067,28,72,10,False,False,266.0,tekken-15,demo,62
demo-tournament:062,Tekken-15,2025-05-03,62,demo:015,29,72,10,False,False,259.8,tekken-15,demo,62
demo-tournament:062,Tekken-15,2025-05-03,62,demo:017,30,72,10,False,False,235.9,tekken-15,demo,62
demo-tournament:062,Tekken-15,2025-05-03,62,demo:029,31,72,10,False,False,211.8,tekken-15,demo,62
demo-tournament:062,Tekken-15,2025-05-03,62,demo:050,32,72,10,False,False,204.0,tekken-15,demo,62
demo-tournament:062,Tekken-15,2025-05-03,62,demo:070,33,72,10,False,False,166.4,tekken-15,demo,62
demo-tournament:062,Tekken-15,2025-05-03,62,demo:042,34,72,10,False,False,114.1,tekken-15,demo,62
demo-tournament:062,Tekken-15,2025-05-03,62,demo:012,35,72,10,False,False,85.9,tekken-15,demo,62
demo-tournament:062,Tekken-15,2025-05-03,62,demo:053,36,72,10,False,False,12.9,tekken-15,demo,62
demo-tournament:062,Tekken-15,2025-05-03,62,demo:007,37,72,10,False,False,-39.2,tekken-15,demo,62
demo-tournament:062,Tekken-15,2025-05-03,62,demo:079,38,72,10,False,False,-81.4,tekken-15,demo,62
demo-tournament:062,Tekken-15,2025-05-03,62,demo:006,39,72,10,False,False,-114.4,tekken-15,demo,62
demo-tournament:062,Tekken-15,2025-05-03,62,demo:032,40,72,10,False,False,-143.0,tekken-15,demo,62
demo-tournament:062,Tekken-15,2025-05-03,62,demo:004,41,72,10,False,False,-158.9,tekken-15,demo,62
demo-tournament:062,Tekken-15,2025-05-03,62,demo:082,42,72,10,False,False,-209.8,tekken-15,demo,62
demo-tournament:062,Tekken-15,2025-05-03,62,demo:026,43,72,10,False,False,-229.5,tekken-15,demo,62
demo-tournament:062,Tekken-15,2025-05-03,62,demo:059,44,72,10,False,False,-298.0,tekken-15,demo,62
demo-tournament:062,Tekken-15,2025-05-03,62,demo:043,45,72,10,False,False,-301.2,tekken-15,demo,62
demo-tournament:062,Tekken-15,2025-05-03,62,demo:038,46,72,10,False,False,-304.6,tekken-15,demo,62
demo-tournament:062,Tekken-15,2025-05-03,62,demo:056,47,72,10,False,False,-409.2,tekken-15,demo,62
demo-tournament:062,Tekken-15,2025-05-03,62,demo:031,48,72,10,False,False,-411.1,tekken-15,demo,62
demo-tournament:062,Tekken-15,2025-05-03,62,demo:058,49,72,10,False,False,-445.7,tekken-15,demo,62
demo-tournament:062,Tekken-15,2025-05-03,62,demo:037,50,72,10,False,False,-540.3,tekken-15,demo,62
demo-tournament:062,Tekken-15,2025-05-03,62,demo:086,51,72,10,False,False,-545.3,tekken-15,demo,62
demo-tournament:062,Tekken-15,2025-05-03,62,demo:035,52,72,10,False,False,-587.7,tekken-15,demo,62
demo-tournament:062,Tekken-15,2025-05-03,62,demo:055,53,72,10,False,True,-613.2,tekken-15,demo,62
demo-tournament:062,Tekken-15,2025-05-03,62,demo:003,54,72,10,False,False,-639.0,tekken-15,demo,62
demo-tournament:062,Tekken-15,2025-05-03,62,demo:049,55,72,10,False,False,-676.9,tekken-15,demo,62
demo-tournament:062,Tekken-15,2025-05-03,62,demo:062,56,72,10,False,False,-742.2,tekken-15,demo,62
demo-tournament:062,Tekken-15,2025-05-03,62,demo:023,57,72,10,False,False,-760.5,tekken-15,demo,62
demo-tournament:062,Tekken-15,2025-05-03,62,demo:052,58,72,10,False,False,-783.9,tekken-15,demo,62
demo-tournament:062,Tekken-15,2025-05-03,62,demo:030,59,72,10,False,False,-800.3,tekken-15,demo,62
demo-tournament:062,Tekken-15,2025-05-03,62,demo:075,60,72,10,False,False,-1066.9,tekken-15,demo,62
demo-tournament:062,Tekken-15,2025-05-03,62,demo:048,61,72,10,False,False,-1202.4,tekken-15,demo,62
demo-tournament:062,Tekken-15,2025-05-03,62,demo:077,62,72,10,False,True,-1230.1,tekken-15,demo,62
demo-tournament:062,Tekken-15,2025-05-03,62,demo:057,63,72,10,False,False,-1320.1,tekken-15,demo,62
demo-tournament:062,Tekken-15,2025-05-03,62,demo:047,64,72,10,False,False,-1487.2,tekken-15,demo,62
demo-tournament:062,Tekken-15,2025-05-03,62,demo:060,65,72,10,False,False,-1548.4,tekken-15,demo,62
demo-tournament:062,Tekken-15,2025-05-03,62,demo:025,66,72,10,False,False,-1719.2,tekken-15,demo,62
demo-tournament:062,Tekken-15,2025-05-03,62,demo:051,67,72,10,False,False,-1804.1,tekken-15,demo,62
demo-tournament:062,Tekken-15,2025-05-03,62,demo:005,68,72,10,False,False,-1818.1,tekken-15,demo,62
demo-tournament:062,Tekken-15,2025-05-03,62,demo:039,69,72,10,False,False,-2281.3,tekken-15,demo,62
demo-tournament:062,Tekken-15,2025-05-03,62,demo:046,70,72,10,False,False,-2337.3,tekken-15,demo,62
demo-tournament:062,Tekken-15,2025-05-03,62,demo:113,71,72,10,False,False,-2526.4,tekken-15,demo,62
demo-tournament:062,Tekken-15,2025-05-03,62,demo:054,72,72,10,False,False,-2811.0,tekken-15,demo,62
demo-tournament:063,Tekken-16,2025-06-15,63,demo:070,1,68,15,False,False,2361.6,tekken-16,demo,63
demo-tournament:063,Tekken-16,2025-06-15,63,demo:043,2,68,15,False,False,2178.4,tekken-16,demo,63
demo-tournament:063,Tekken-16,2025-06-15,63,demo:068,3,68,15,False,False,2150.4,tekken-16,demo,63
demo-tournament:063,Tekken-16,2025-06-15,63,demo:013,4,68,15,False,False,1946.9,tekken-16,demo,63
demo-tournament:063,Tekken-16,2025-06-15,63,demo:002,5,68,15,False,False,1863.7,tekken-16,demo,63
demo-tournament:063,Tekken-16,2025-06-15,63,demo:014,6,68,15,False,False,1721.1,tekken-16,demo,63
demo-tournament:063,Tekken-16,2025-06-15,63,demo:022,7,68,15,False,False,1640.4,tekken-16,demo,63
demo-tournament:063,Tekken-16,2025-06-15,63,demo:072,8,68,15,False,False,1535.1,tekken-16,demo,63
demo-tournament:063,Tekken-16,2025-06-15,63,demo:028,9,68,15,False,False,1412.0,tekken-16,demo,63
demo-tournament:063,Tekken-16,2025-06-15,63,demo:057,10,68,15,False,False,1326.4,tekken-16,demo,63
demo-tournament:063,Tekken-16,2025-06-15,63,demo:029,11,68,15,False,False,1297.5,tekken-16,demo,63
demo-tournament:063,Tekken-16,2025-06-15,63,demo:089,12,68,15,False,False,1277.7,tekken-16,demo,63
demo-tournament:063,Tekken-16,2025-06-15,63,demo:079,13,68,15,False,False,1177.0,tekken-16,demo,63
demo-tournament:063,Tekken-16,2025-06-15,63,demo:020,14,68,15,False,False,1124.3,tekken-16,demo,63
demo-tournament:063,Tekken-16,2025-06-15,63,demo:073,15,68,15,False,False,940.8,tekken-16,demo,63
demo-tournament:063,Tekken-16,2025-06-15,63,demo:026,16,68,15,False,False,855.8,tekken-16,demo,63
demo-tournament:063,Tekken-16,2025-06-15,63,demo:017,17,68,15,False,False,852.7,tekken-16,demo,63
demo-tournament:063,Tekken-16,2025-06-15,63,demo:042,18,68,15,False,False,774.9,tekken-16,demo,63
demo-tournament:063,Tekken-16,2025-06-15,63,demo:033,19,68,15,False,False,772.7,tekken-16,demo,63
demo-tournament:063,Tekken-16,2025-06-15,63,demo:016,20,68,15,False,False,679.0,tekken-16,demo,63
demo-tournament:063,Tekken-16,2025-06-15,63,demo:053,21,68,15,False,False,511.0,tekken-16,demo,63
demo-tournament:063,Tekken-16,2025-06-15,63,demo:034,22,68,15,False,False,459.8,tekken-16,demo,63
demo-tournament:063,Tekken-16,2025-06-15,63,demo:009,23,68,15,False,False,454.9,tekken-16,demo,63
demo-tournament:063,Tekken-16,2025-06-15,63,demo:041,24,68,15,False,False,417.5,tekken-16,demo,63
demo-tournament:063,Tekken-16,2025-06-15,63,demo:008,25,68,15,False,False,404.6,tekken-16,demo,63
demo-tournament:063,Tekken-16,2025-06-15,63,demo:011,26,68,15,False,False,351.9,tekken-16,demo,63
demo-tournament:063,Tekken-16,2025-06-15,63,demo:050,27,68,15,False,False,337.6,tekken-16,demo,63
demo-tournament:063,Tekken-16,2025-06-15,63,demo:031,28,68,15,False,False,327.0,tekken-16,demo,63
demo-tournament:063,Tekken-16,2025-06-15,63,demo:044,29,68,15,False,False,315.0,tekken-16,demo,63
demo-tournament:063,Tekken-16,2025-06-15,63,demo:018,30,68,15,False,False,257.0,tekken-16,demo,63
demo-tournament:063,Tekken-16,2025-06-15,63,demo:051,31,68,15,False,False,249.9,tekken-16,demo,63
demo-tournament:063,Tekken-16,2025-06-15,63,demo:059,32,68,15,False,False,27.1,tekken-16,demo,63
demo-tournament:063,Tekken-16,2025-06-15,63,demo:012,33,68,15,False,False,-11.7,tekken-16,demo,63
demo-tournament:063,Tekken-16,2025-06-15,63,demo:060,34,68,15,False,False,-73.8,tekken-16,demo,63
demo-tournament:063,Tekken-16,2025-06-15,63,demo:006,35,68,15,False,False,-80.2,tekken-16,demo,63
demo-tournament:063,Tekken-16,2025-06-15,63,demo:019,36,68,15,False,False,-124.2,tekken-16,demo,63
demo-tournament:063,Tekken-16,2025-06-15,63,demo:077,37,68,15,False,False,-229.8,tekken-16,demo,63
demo-tournament:063,Tekken-16,2025-06-15,63,demo:010,38,68,15,False,False,-335.2,tekken-16,demo,63
demo-tournament:063,Tekken-16,2025-06-15,63,demo:055,39,68,15,False,False,-342.5,tekken-16,demo,63
demo-tournament:063,Tekken-16,2025-06-15,63,demo:004,40,68,15,False,False,-371.3,tekken-16,demo,63
demo-tournament:063,Tekken-16,2025-06-15,63,demo:058,41,68,15,False,False,-446.9,tekken-16,demo,63
demo-tournament:063,Tekken-16,2025-06-15,63,demo:062,42,68,15,False,False,-466.6,tekken-16,demo,63
demo-tournament:063,Tekken-16,2025-06-15,63,demo:030,43,68,15,False,False,-541.1,tekken-16,demo,63
demo-tournament:063,Tekken-16,2025-06-15,63,demo:015,44,68,15,False,False,-553.1,tekken-16,demo,63
demo-tournament:063,Tekken-16,2025-06-15,63,demo:045,45,68,15,False,False,-582.4,tekken-16,demo,63
demo-tournament:063,Tekken-16,2025-06-15,63,demo:052,46,68,15,False,False,-711.0,tekken-16,demo,63
demo-tournament:063,Tekken-16,2025-06-15,63,demo:054,47,68,15,False,False,-756.2,tekken-16,demo,63
demo-tournament:063,Tekken-16,2025-06-15,63,demo:024,48,68,15,False,False,-788.4,tekken-16,demo,63
demo-tournament:063,Tekken-16,2025-06-15,63,demo:066,49,68,15,False,False,-796.9,tekken-16,demo,63
demo-tournament:063,Tekken-16,2025-06-15,63,demo:047,50,68,15,False,False,-853.2,tekken-16,demo,63
demo-tournament:063,Tekken-16,2025-06-15,63,demo:049,51,68,15,False,False,-923.6,tekken-16,demo,63
demo-tournament:063,Tekken-16,2025-06-15,63,demo:048,52,68,15,False,False,-950.8,tekken-16,demo,63
demo-tournament:063,Tekken-16,2025-06-15,63,demo:003,53,68,15,False,False,-954.3,tekken-16,demo,63
demo-tournament:063,Tekken-16,2025-06-15,63,demo:001,54,68,15,False,False,-963.2,tekken-16,demo,63
demo-tournament:063,Tekken-16,2025-06-15,63,demo:056,55,68,15,False,False,-1077.4,tekken-16,demo,63
demo-tournament:063,Tekken-16,2025-06-15,63,demo:115,56,68,15,False,False,-1084.4,tekken-16,demo,63
demo-tournament:063,Tekken-16,2025-06-15,63,demo:005,57,68,15,False,False,-1094.0,tekken-16,demo,63
demo-tournament:063,Tekken-16,2025-06-15,63,demo:086,58,68,15,False,False,-1105.9,tekken-16,demo,63
demo-tournament:063,Tekken-16,2025-06-15,63,demo:027,59,68,15,False,False,-1177.1,tekken-16,demo,63
demo-tournament:063,Tekken-16,2025-06-15,63,demo:021,60,68,15,False,False,-1199.6,tekken-16,demo,63
demo-tournament:063,Tekken-16,2025-06-15,63,demo:032,61,68,15,False,False,-1364.0,tekken-16,demo,63
demo-tournament:063,Tekken-16,2025-06-15,63,demo:025,62,68,15,False,False,-1451.3,tekken-16,demo,63
demo-tournament:063,Tekken-16,2025-06-15,63,demo:040,63,68,15,False,False,-1480.2,tekken-16,demo,63
demo-tournament:063,Tekken-16,2025-06-15,63,demo:023,64,68,15,False,False,-1498.7,tekken-16,demo,63
demo-tournament:063,Tekken-16,2025-06-15,63,demo:039,65,68,15,False,False,-1707.1,tekken-16,demo,63
demo-tournament:063,Tekken-16,2025-06-15,63,demo:035,66,68,15,False,False,-2144.7,tekken-16,demo,63
demo-tournament:063,Tekken-16,2025-06-15,63,demo:046,67,68,15,False,False,-2212.5,tekken-16,demo,63
demo-tournament:063,Tekken-16,2025-06-15,63,demo:038,68,68,15,False,False,-3708.4,tekken-16,demo,63
demo-tournament:064,Лига барсуков — 2025,2025-07-13,64,demo:044,1,32,9,False,False,1775.4,2025,demo,64
demo-tournament:064,Лига барсуков — 2025,2025-07-13,64,demo:087,2,32,9,False,False,1515.1,2025,demo,64
demo-tournament:064,Лига барсуков — 2025,2025-07-13,64,demo:014,3,32,9,False,False,1405.8,2025,demo,64
demo-tournament:064,Лига барсуков — 2025,2025-07-13,64,demo:002,4,32,9,False,False,1328.8,2025,demo,64
demo-tournament:064,Лига барсуков — 2025,2025-07-13,64,demo:043,5,32,9,False,False,1278.3,2025,demo,64
demo-tournament:064,Лига барсуков — 2025,2025-07-13,64,demo:017,6,32,9,False,False,1019.0,2025,demo,64
demo-tournament:064,Лига барсуков — 2025,2025-07-13,64,demo:019,7,32,9,False,False,944.4,2025,demo,64
demo-tournament:064,Лига барсуков — 2025,2025-07-13,64,demo:049,8,32,9,False,False,891.0,2025,demo,64
demo-tournament:064,Лига барсуков — 2025,2025-07-13,64,demo:050,9,32,9,False,False,809.4,2025,demo,64
demo-tournament:064,Лига барсуков — 2025,2025-07-13,64,demo:009,10,32,9,False,False,761.8,2025,demo,64
demo-tournament:064,Лига барсуков — 2025,2025-07-13,64,demo:020,11,32,9,False,False,751.5,2025,demo,64
demo-tournament:064,Лига барсуков — 2025,2025-07-13,64,demo:073,12,32,9,False,False,623.2,2025,demo,64
demo-tournament:064,Лига барсуков — 2025,2025-07-13,64,demo:011,13,32,9,False,False,387.4,2025,demo,64
demo-tournament:064,Лига барсуков — 2025,2025-07-13,64,demo:029,14,32,9,False,False,387.0,2025,demo,64
demo-tournament:064,Лига барсуков — 2025,2025-07-13,64,demo:057,15,32,9,False,False,218.2,2025,demo,64
demo-tournament:064,Лига барсуков — 2025,2025-07-13,64,demo:003,16,32,9,False,False,195.2,2025,demo,64
demo-tournament:064,Лига барсуков — 2025,2025-07-13,64,demo:062,17,32,9,False,False,-71.4,2025,demo,64
demo-tournament:064,Лига барсуков — 2025,2025-07-13,64,demo:026,18,32,9,False,False,-253.7,2025,demo,64
demo-tournament:064,Лига барсуков — 2025,2025-07-13,64,demo:006,19,32,9,False,False,-265.1,2025,demo,64
demo-tournament:064,Лига барсуков — 2025,2025-07-13,64,demo:034,20,32,9,False,False,-675.8,2025,demo,64
demo-tournament:064,Лига барсуков — 2025,2025-07-13,64,demo:008,21,32,9,False,False,-676.7,2025,demo,64
demo-tournament:064,Лига барсуков — 2025,2025-07-13,64,demo:021,22,32,9,False,False,-773.0,2025,demo,64
demo-tournament:064,Лига барсуков — 2025,2025-07-13,64,demo:053,23,32,9,False,False,-805.3,2025,demo,64
demo-tournament:064,Лига барсуков — 2025,2025-07-13,64,demo:064,24,32,9,False,False,-813.3,2025,demo,64
demo-tournament:064,Лига барсуков — 2025,2025-07-13,64,demo:075,25,32,9,False,False,-1093.0,2025,demo,64
demo-tournament:064,Лига барсуков — 2025,2025-07-13,64,demo:028,26,32,9,False,False,-1164.8,2025,demo,64
demo-tournament:064,Лига барсуков — 2025,2025-07-13,64,demo:059,27,32,9,False,False,-1303.2,2025,demo,64
demo-tournament:064,Лига барсуков — 2025,2025-07-13,64,demo:067,28,32,9,False,False,-1305.4,2025,demo,64
demo-tournament:064,Лига барсуков — 2025,2025-07-13,64,demo:088,29,32,9,False,False,-1328.1,2025,demo,64
demo-tournament:064,Лига барсуков — 2025,2025-07-13,64,demo:038,30,32,9,False,False,-1745.8,2025,demo,64
demo-tournament:064,Лига барсуков — 2025,2025-07-13,64,demo:023,31,32,9,False,False,-2274.7,2025,demo,64
demo-tournament:064,Лига барсуков — 2025,2025-07-13,64,demo:048,32,32,9,False,False,-2444.5,2025,demo,64
demo-tournament:065,Хвосты и лапы — 2025,2025-08-03,65,demo:070,1,44,10,False,False,1859.6,2025,demo,65
demo-tournament:065,Хвосты и лапы — 2025,2025-08-03,65,demo:020,2,44,10,False,False,1805.2,2025,demo,65
demo-tournament:065,Хвосты и лапы — 2025,2025-08-03,65,demo:078,3,44,10,False,False,1784.9,2025,demo,65
demo-tournament:065,Хвосты и лапы — 2025,2025-08-03,65,demo:022,4,44,10,False,False,1579.6,2025,demo,65
demo-tournament:065,Хвосты и лапы — 2025,2025-08-03,65,demo:087,5,44,10,False,False,1503.1,2025,demo,65
demo-tournament:065,Хвосты и лапы — 2025,2025-08-03,65,demo:033,6,44,10,False,False,1436.2,2025,demo,65
demo-tournament:065,Хвосты и лапы — 2025,2025-08-03,65,demo:009,7,44,10,False,False,1411.7,2025,demo,65
demo-tournament:065,Хвосты и лапы — 2025,2025-08-03,65,demo:082,8,44,10,False,False,1303.9,2025,demo,65
demo-tournament:065,Хвосты и лапы — 2025,2025-08-03,65,demo:079,9,44,10,False,False,1206.6,2025,demo,65
demo-tournament:065,Хвосты и лапы — 2025,2025-08-03,65,demo:028,10,44,10,False,False,1185.2,2025,demo,65
demo-tournament:065,Хвосты и лапы — 2025,2025-08-03,65,demo:002,11,44,10,False,False,1093.9,2025,demo,65
demo-tournament:065,Хвосты и лапы — 2025,2025-08-03,65,demo:015,12,44,10,False,False,1013.8,2025,demo,65
demo-tournament:065,Хвосты и лапы — 2025,2025-08-03,65,demo:014,13,44,10,False,False,879.4,2025,demo,65
demo-tournament:065,Хвосты и лапы — 2025,2025-08-03,65,demo:107,14,44,10,False,False,671.7,2025,demo,65
demo-tournament:065,Хвосты и лапы — 2025,2025-08-03,65,demo:011,15,44,10,False,False,142.6,2025,demo,65
demo-tournament:065,Хвосты и лапы — 2025,2025-08-03,65,demo:072,16,44,10,False,False,-36.7,2025,demo,65
demo-tournament:065,Хвосты и лапы — 2025,2025-08-03,65,demo:041,17,44,10,False,False,-63.0,2025,demo,65
demo-tournament:065,Хвосты и лапы — 2025,2025-08-03,65,demo:043,18,44,10,False,False,-103.3,2025,demo,65
demo-tournament:065,Хвосты и лапы — 2025,2025-08-03,65,demo:006,19,44,10,False,False,-220.5,2025,demo,65
demo-tournament:065,Хвосты и лапы — 2025,2025-08-03,65,demo:034,20,44,10,False,False,-290.3,2025,demo,65
demo-tournament:065,Хвосты и лапы — 2025,2025-08-03,65,demo:029,21,44,10,False,False,-337.5,2025,demo,65
demo-tournament:065,Хвосты и лапы — 2025,2025-08-03,65,demo:081,22,44,10,False,False,-396.5,2025,demo,65
demo-tournament:065,Хвосты и лапы — 2025,2025-08-03,65,demo:069,23,44,10,False,False,-458.8,2025,demo,65
demo-tournament:065,Хвосты и лапы — 2025,2025-08-03,65,demo:045,24,44,10,False,False,-492.9,2025,demo,65
demo-tournament:065,Хвосты и лапы — 2025,2025-08-03,65,demo:057,25,44,10,False,False,-543.3,2025,demo,65
demo-tournament:065,Хвосты и лапы — 2025,2025-08-03,65,demo:117,26,44,10,False,False,-689.9,2025,demo,65
demo-tournament:065,Хвосты и лапы — 2025,2025-08-03,65,demo:067,27,44,10,False,False,-702.6,2025,demo,65
demo-tournament:065,Хвосты и лапы — 2025,2025-08-03,65,demo:044,28,44,10,False,False,-718.0,2025,demo,65
demo-tournament:065,Хвосты и лапы — 2025,2025-08-03,65,demo:038,29,44,10,False,False,-792.8,2025,demo,65
demo-tournament:065,Хвосты и лапы — 2025,2025-08-03,65,demo:075,30,44,10,False,False,-868.5,2025,demo,65
demo-tournament:065,Хвосты и лапы — 2025,2025-08-03,65,demo:040,31,44,10,False,False,-899.1,2025,demo,65
demo-tournament:065,Хвосты и лапы — 2025,2025-08-03,65,demo:026,32,44,10,False,False,-924.5,2025,demo,65
demo-tournament:065,Хвосты и лапы — 2025,2025-08-03,65,demo:021,33,44,10,False,False,-1124.1,2025,demo,65
demo-tournament:065,Хвосты и лапы — 2025,2025-08-03,65,demo:032,34,44,10,False,False,-1238.8,2025,demo,65
demo-tournament:065,Хвосты и лапы — 2025,2025-08-03,65,demo:003,35,44,10,False,False,-1371.7,2025,demo,65
demo-tournament:065,Хвосты и лапы — 2025,2025-08-03,65,demo:048,36,44,10,False,False,-1438.6,2025,demo,65
demo-tournament:065,Хвосты и лапы — 2025,2025-08-03,65,demo:118,37,44,10,False,False,-1446.8,2025,demo,65
demo-tournament:065,Хвосты и лапы — 2025,2025-08-03,65,demo:047,38,44,10,False,False,-1548.1,2025,demo,65
demo-tournament:065,Хвосты и лапы — 2025,2025-08-03,65,demo:008,39,44,10,False,False,-1706.6,2025,demo,65
demo-tournament:065,Хвосты и лапы — 2025,2025-08-03,65,demo:025,40,44,10,False,False,-1992.0,2025,demo,65
demo-tournament:065,Хвосты и лапы — 2025,2025-08-03,65,demo:046,41,44,10,False,False,-2108.6,2025,demo,65
demo-tournament:065,Хвосты и лапы — 2025,2025-08-03,65,demo:076,42,44,10,False,False,-2273.0,2025,demo,65
demo-tournament:065,Хвосты и лапы — 2025,2025-08-03,65,demo:064,43,44,10,False,False,-2280.6,2025,demo,65
demo-tournament:065,Хвосты и лапы — 2025,2025-08-03,65,demo:023,44,44,10,False,False,-2323.6,2025,demo,65
demo-tournament:066,Tekken-17,2025-08-31,66,demo:063,1,76,9,False,False,3029.1,tekken-17,demo,66
demo-tournament:066,Tekken-17,2025-08-31,66,demo:022,2,76,9,False,False,2113.9,tekken-17,demo,66
demo-tournament:066,Tekken-17,2025-08-31,66,demo:011,3,76,9,False,False,1908.5,tekken-17,demo,66
demo-tournament:066,Tekken-17,2025-08-31,66,demo:055,4,76,9,False,False,1882.6,tekken-17,demo,66
demo-tournament:066,Tekken-17,2025-08-31,66,demo:079,5,76,9,False,False,1867.8,tekken-17,demo,66
demo-tournament:066,Tekken-17,2025-08-31,66,demo:028,6,76,9,False,False,1787.5,tekken-17,demo,66
demo-tournament:066,Tekken-17,2025-08-31,66,demo:044,7,76,9,False,False,1446.7,tekken-17,demo,66
demo-tournament:066,Tekken-17,2025-08-31,66,demo:014,8,76,9,False,False,1410.4,tekken-17,demo,66
demo-tournament:066,Tekken-17,2025-08-31,66,demo:067,9,76,9,False,False,1390.0,tekken-17,demo,66
demo-tournament:066,Tekken-17,2025-08-31,66,demo:045,10,76,9,False,False,1128.1,tekken-17,demo,66
demo-tournament:066,Tekken-17,2025-08-31,66,demo:056,11,76,9,False,False,1014.4,tekken-17,demo,66
demo-tournament:066,Tekken-17,2025-08-31,66,demo:008,12,76,9,False,False,953.0,tekken-17,demo,66
demo-tournament:066,Tekken-17,2025-08-31,66,demo:018,13,76,9,False,False,731.4,tekken-17,demo,66
demo-tournament:066,Tekken-17,2025-08-31,66,demo:041,14,76,9,False,False,657.5,tekken-17,demo,66
demo-tournament:066,Tekken-17,2025-08-31,66,demo:012,15,76,9,False,False,644.5,tekken-17,demo,66
demo-tournament:066,Tekken-17,2025-08-31,66,demo:001,16,76,9,False,False,611.0,tekken-17,demo,66
demo-tournament:066,Tekken-17,2025-08-31,66,demo:016,17,76,9,False,False,597.9,tekken-17,demo,66
demo-tournament:066,Tekken-17,2025-08-31,66,demo:053,18,76,9,False,False,576.1,tekken-17,demo,66
demo-tournament:066,Tekken-17,2025-08-31,66,demo:002,19,76,9,False,False,490.5,tekken-17,demo,66
demo-tournament:066,Tekken-17,2025-08-31,66,demo:043,20,76,9,False,False,408.4,tekken-17,demo,66
demo-tournament:066,Tekken-17,2025-08-31,66,demo:036,21,76,9,False,False,377.2,tekken-17,demo,66
demo-tournament:066,Tekken-17,2025-08-31,66,demo:006,22,76,9,False,False,367.7,tekken-17,demo,66
demo-tournament:066,Tekken-17,2025-08-31,66,demo:033,23,76,9,False,False,323.4,tekken-17,demo,66
demo-tournament:066,Tekken-17,2025-08-31,66,demo:058,24,76,9,False,False,303.2,tekken-17,demo,66
demo-tournament:066,Tekken-17,2025-08-31,66,demo:015,25,76,9,False,True,242.7,tekken-17,demo,66
demo-tournament:066,Tekken-17,2025-08-31,66,demo:069,26,76,9,False,False,242.5,tekken-17,demo,66
demo-tournament:066,Tekken-17,2025-08-31,66,demo:049,27,76,9,False,False,158.7,tekken-17,demo,66
demo-tournament:066,Tekken-17,2025-08-31,66,demo:109,28,76,9,False,False,34.0,tekken-17,demo,66
demo-tournament:066,Tekken-17,2025-08-31,66,demo:057,29,76,9,False,False,20.9,tekken-17,demo,66
demo-tournament:066,Tekken-17,2025-08-31,66,demo:115,30,76,9,False,False,6.8,tekken-17,demo,66
demo-tournament:066,Tekken-17,2025-08-31,66,demo:034,31,76,9,False,False,-23.5,tekken-17,demo,66
demo-tournament:066,Tekken-17,2025-08-31,66,demo:004,32,76,9,False,False,-38.9,tekken-17,demo,66
demo-tournament:066,Tekken-17,2025-08-31,66,demo:035,33,76,9,False,False,-55.0,tekken-17,demo,66
demo-tournament:066,Tekken-17,2025-08-31,66,demo:059,34,76,9,False,False,-82.4,tekken-17,demo,66
demo-tournament:066,Tekken-17,2025-08-31,66,demo:060,35,76,9,False,False,-88.4,tekken-17,demo,66
demo-tournament:066,Tekken-17,2025-08-31,66,demo:086,36,76,9,False,False,-120.5,tekken-17,demo,66
demo-tournament:066,Tekken-17,2025-08-31,66,demo:052,37,76,9,False,False,-131.8,tekken-17,demo,66
demo-tournament:066,Tekken-17,2025-08-31,66,demo:013,38,76,9,False,False,-153.6,tekken-17,demo,66
demo-tournament:066,Tekken-17,2025-08-31,66,demo:030,39,76,9,False,False,-160.5,tekken-17,demo,66
demo-tournament:066,Tekken-17,2025-08-31,66,demo:020,40,76,9,False,False,-170.6,tekken-17,demo,66
demo-tournament:066,Tekken-17,2025-08-31,66,demo:009,41,76,9,False,False,-174.4,tekken-17,demo,66
demo-tournament:066,Tekken-17,2025-08-31,66,demo:029,42,76,9,False,False,-224.7,tekken-17,demo,66
demo-tournament:066,Tekken-17,2025-08-31,66,demo:037,43,76,9,False,False,-238.9,tekken-17,demo,66
demo-tournament:066,Tekken-17,2025-08-31,66,demo:032,44,76,9,False,False,-245.7,tekken-17,demo,66
demo-tournament:066,Tekken-17,2025-08-31,66,demo:050,45,76,9,False,False,-252.5,tekken-17,demo,66
demo-tournament:066,Tekken-17,2025-08-31,66,demo:087,46,76,9,False,False,-257.9,tekken-17,demo,66
demo-tournament:066,Tekken-17,2025-08-31,66,demo:064,47,76,9,False,False,-298.6,tekken-17,demo,66
demo-tournament:066,Tekken-17,2025-08-31,66,demo:026,48,76,9,False,False,-324.2,tekken-17,demo,66
demo-tournament:066,Tekken-17,2025-08-31,66,demo:047,49,76,9,False,False,-338.1,tekken-17,demo,66
demo-tournament:066,Tekken-17,2025-08-31,66,demo:031,50,76,9,False,False,-339.6,tekken-17,demo,66
demo-tournament:066,Tekken-17,2025-08-31,66,demo:042,51,76,9,False,False,-339.7,tekken-17,demo,66
demo-tournament:066,Tekken-17,2025-08-31,66,demo:019,52,76,9,False,False,-352.4,tekken-17,demo,66
demo-tournament:066,Tekken-17,2025-08-31,66,demo:051,53,76,9,False,False,-377.0,tekken-17,demo,66
demo-tournament:066,Tekken-17,2025-08-31,66,demo:039,54,76,9,False,False,-381.6,tekken-17,demo,66
demo-tournament:066,Tekken-17,2025-08-31,66,demo:078,55,76,9,False,False,-395.1,tekken-17,demo,66
demo-tournament:066,Tekken-17,2025-08-31,66,demo:003,56,76,9,False,False,-424.0,tekken-17,demo,66
demo-tournament:066,Tekken-17,2025-08-31,66,demo:040,57,76,9,False,False,-426.4,tekken-17,demo,66
demo-tournament:066,Tekken-17,2025-08-31,66,demo:007,58,76,9,False,False,-621.9,tekken-17,demo,66
demo-tournament:066,Tekken-17,2025-08-31,66,demo:074,59,76,9,False,False,-683.8,tekken-17,demo,66
demo-tournament:066,Tekken-17,2025-08-31,66,demo:046,60,76,9,False,False,-756.0,tekken-17,demo,66
demo-tournament:066,Tekken-17,2025-08-31,66,demo:038,61,76,9,False,False,-820.4,tekken-17,demo,66
demo-tournament:066,Tekken-17,2025-08-31,66,demo:024,62,76,9,False,False,-897.3,tekken-17,demo,66
demo-tournament:066,Tekken-17,2025-08-31,66,demo:048,63,76,9,False,False,-920.7,tekken-17,demo,66
demo-tournament:066,Tekken-17,2025-08-31,66,demo:021,64,76,9,False,False,-951.3,tekken-17,demo,66
demo-tournament:066,Tekken-17,2025-08-31,66,demo:065,65,76,9,False,False,-1080.4,tekken-17,demo,66
demo-tournament:066,Tekken-17,2025-08-31,66,demo:005,66,76,9,False,True,-1159.5,tekken-17,demo,66
demo-tournament:066,Tekken-17,2025-08-31,66,demo:054,67,76,9,False,False,-1210.3,tekken-17,demo,66
demo-tournament:066,Tekken-17,2025-08-31,66,demo:025,68,76,9,False,False,-1325.0,tekken-17,demo,66
demo-tournament:066,Tekken-17,2025-08-31,66,demo:072,69,76,9,False,False,-1341.1,tekken-17,demo,66
demo-tournament:066,Tekken-17,2025-08-31,66,demo:080,70,76,9,False,False,-1344.3,tekken-17,demo,66
demo-tournament:066,Tekken-17,2025-08-31,66,demo:010,71,76,9,False,False,-1483.6,tekken-17,demo,66
demo-tournament:066,Tekken-17,2025-08-31,66,demo:017,72,76,9,False,False,-1601.0,tekken-17,demo,66
demo-tournament:066,Tekken-17,2025-08-31,66,demo:027,73,76,9,False,False,-1766.5,tekken-17,demo,66
demo-tournament:066,Tekken-17,2025-08-31,66,demo:084,74,76,9,False,False,-1862.0,tekken-17,demo,66
demo-tournament:066,Tekken-17,2025-08-31,66,demo:061,75,76,9,False,False,-2604.8,tekken-17,demo,66
demo-tournament:066,Tekken-17,2025-08-31,66,demo:023,76,76,9,False,False,-3059.3,tekken-17,demo,66
demo-tournament:067,Tekken-18,2025-11-04,67,demo:002,1,56,15,False,False,2885.6,tekken-18,demo,67
demo-tournament:067,Tekken-18,2025-11-04,67,demo:001,2,56,15,False,False,1988.3,tekken-18,demo,67
demo-tournament:067,Tekken-18,2025-11-04,67,demo:014,3,56,15,False,False,1547.1,tekken-18,demo,67
demo-tournament:067,Tekken-18,2025-11-04,67,demo:018,4,56,15,False,False,1467.4,tekken-18,demo,67
demo-tournament:067,Tekken-18,2025-11-04,67,demo:022,5,56,15,False,False,1417.6,tekken-18,demo,67
demo-tournament:067,Tekken-18,2025-11-04,67,demo:083,6,56,15,False,False,1305.8,tekken-18,demo,67
demo-tournament:067,Tekken-18,2025-11-04,67,demo:117,7,56,15,False,False,1187.5,tekken-18,demo,67
demo-tournament:067,Tekken-18,2025-11-04,67,demo:049,8,56,15,False,False,1045.7,tekken-18,demo,67
demo-tournament:067,Tekken-18,2025-11-04,67,demo:072,9,56,15,False,False,879.7,tekken-18,demo,67
demo-tournament:067,Tekken-18,2025-11-04,67,demo:069,10,56,15,False,False,819.4,tekken-18,demo,67
demo-tournament:067,Tekken-18,2025-11-04,67,demo:011,11,56,15,False,False,715.7,tekken-18,demo,67
demo-tournament:067,Tekken-18,2025-11-04,67,demo:029,12,56,15,False,False,661.5,tekken-18,demo,67
demo-tournament:067,Tekken-18,2025-11-04,67,demo:056,13,56,15,False,False,544.6,tekken-18,demo,67
demo-tournament:067,Tekken-18,2025-11-04,67,demo:066,14,56,15,False,False,542.0,tekken-18,demo,67
demo-tournament:067,Tekken-18,2025-11-04,67,demo:074,15,56,15,False,False,493.7,tekken-18,demo,67
demo-tournament:067,Tekken-18,2025-11-04,67,demo:024,16,56,15,False,False,487.2,tekken-18,demo,67
demo-tournament:067,Tekken-18,2025-11-04,67,demo:044,17,56,15,False,False,484.3,tekken-18,demo,67
demo-tournament:067,Tekken-18,2025-11-04,67,demo:017,18,56,15,False,False,429.0,tekken-18,demo,67
demo-tournament:067,Tekken-18,2025-11-04,67,demo:006,19,56,15,False,False,271.1,tekken-18,demo,67
demo-tournament:067,Tekken-18,2025-11-04,67,demo:043,20,56,15,False,False,233.1,tekken-18,demo,67
demo-tournament:067,Tekken-18,2025-11-04,67,demo:041,21,56,15,False,False,229.1,tekken-18,demo,67
demo-tournament:067,Tekken-18,2025-11-04,67,demo:025,22,56,15,False,False,229.0,tekken-18,demo,67
demo-tournament:067,Tekken-18,2025-11-04,67,demo:033,23,56,15,False,False,169.4,tekken-18,demo,67
demo-tournament:067,Tekken-18,2025-11-04,67,demo:111,24,56,15,False,False,162.9,tekken-18,demo,67
demo-tournament:067,Tekken-18,2025-11-04,67,demo:035,25,56,15,False,False,144.2,tekken-18,demo,67
demo-tournament:067,Tekken-18,2025-11-04,67,demo:020,26,56,15,False,False,84.0,tekken-18,demo,67
demo-tournament:067,Tekken-18,2025-11-04,67,demo:026,27,56,15,False,False,76.5,tekken-18,demo,67
demo-tournament:067,Tekken-18,2025-11-04,67,demo:078,28,56,15,False,False,-15.9,tekken-18,demo,67
demo-tournament:067,Tekken-18,2025-11-04,67,demo:009,29,56,15,False,False,-83.4,tekken-18,demo,67
demo-tournament:067,Tekken-18,2025-11-04,67,demo:015,30,56,15,False,False,-126.2,tekken-18,demo,67
demo-tournament:067,Tekken-18,2025-11-04,67,demo:068,31,56,15,False,False,-160.6,tekken-18,demo,67
demo-tournament:067,Tekken-18,2025-11-04,67,demo:059,32,56,15,False,False,-308.7,tekken-18,demo,67
demo-tournament:067,Tekken-18,2025-11-04,67,demo:071,33,56,15,False,False,-322.6,tekken-18,demo,67
demo-tournament:067,Tekken-18,2025-11-04,67,demo:042,34,56,15,False,False,-347.6,tekken-18,demo,67
demo-tournament:067,Tekken-18,2025-11-04,67,demo:089,35,56,15,False,False,-438.2,tekken-18,demo,67
demo-tournament:067,Tekken-18,2025-11-04,67,demo:067,36,56,15,False,False,-485.9,tekken-18,demo,67
demo-tournament:067,Tekken-18,2025-11-04,67,demo:090,37,56,15,False,False,-488.5,tekken-18,demo,67
demo-tournament:067,Tekken-18,2025-11-04,67,demo:028,38,56,15,False,False,-574.6,tekken-18,demo,67
demo-tournament:067,Tekken-18,2025-11-04,67,demo:040,39,56,15,False,False,-595.4,tekken-18,demo,67
demo-tournament:067,Tekken-18,2025-11-04,67,demo:030,40,56,15,False,False,-698.8,tekken-18,demo,67
demo-tournament:067,Tekken-18,2025-11-04,67,demo:057,41,56,15,False,False,-768.8,tekken-18,demo,67
demo-tournament:067,Tekken-18,2025-11-04,67,demo:075,42,56,15,False,False,-811.3,tekken-18,demo,67
demo-tournament:067,Tekken-18,2025-11-04,67,demo:077,43,56,15,False,False,-860.4,tekken-18,demo,67
demo-tournament:067,Tekken-18,2025-11-04,67,demo:086,44,56,15,False,False,-969.5,tekken-18,demo,67
demo-tournament:067,Tekken-18,2025-11-04,67,demo:054,45,56,15,False,False,-1027.8,tekken-18,demo,67
demo-tournament:067,Tekken-18,2025-11-04,67,demo:034,46,56,15,False,False,-1067.2,tekken-18,demo,67
demo-tournament:067,Tekken-18,2025-11-04,67,demo:031,47,56,15,False,False,-1203.0,tekken-18,demo,67
demo-tournament:067,Tekken-18,2025-11-04,67,demo:023,48,56,15,False,False,-1358.2,tekken-18,demo,67
demo-tournament:067,Tekken-18,2025-11-04,67,demo:003,49,56,15,False,False,-1402.0,tekken-18,demo,67
demo-tournament:067,Tekken-18,2025-11-04,67,demo:038,50,56,15,False,False,-1434.4,tekken-18,demo,67
demo-tournament:067,Tekken-18,2025-11-04,67,demo:021,51,56,15,False,False,-1527.7,tekken-18,demo,67
demo-tournament:067,Tekken-18,2025-11-04,67,demo:008,52,56,15,False,False,-1577.8,tekken-18,demo,67
demo-tournament:067,Tekken-18,2025-11-04,67,demo:046,53,56,15,False,False,-1618.2,tekken-18,demo,67
demo-tournament:067,Tekken-18,2025-11-04,67,demo:048,54,56,15,False,False,-1948.8,tekken-18,demo,67
demo-tournament:067,Tekken-18,2025-11-04,67,demo:032,55,56,15,False,False,-2174.8,tekken-18,demo,67
demo-tournament:067,Tekken-18,2025-11-04,67,demo:047,56,56,15,False,False,-2185.7,tekken-18,demo,67
demo-tournament:068,Тропа капибары — 2025,2025-11-30,68,demo:044,1,32,12,False,False,1749.8,2025,demo,68
demo-tournament:068,Тропа капибары — 2025,2025-11-30,68,demo:049,2,32,12,False,False,1638.0,2025,demo,68
demo-tournament:068,Тропа капибары — 2025,2025-11-30,68,demo:016,3,32,12,False,False,1413.1,2025,demo,68
demo-tournament:068,Тропа капибары — 2025,2025-11-30,68,demo:011,4,32,12,False,False,1401.8,2025,demo,68
demo-tournament:068,Тропа капибары — 2025,2025-11-30,68,demo:028,5,32,12,False,False,1155.8,2025,demo,68
demo-tournament:068,Тропа капибары — 2025,2025-11-30,68,demo:002,6,32,12,False,False,1107.4,2025,demo,68
demo-tournament:068,Тропа капибары — 2025,2025-11-30,68,demo:073,7,32,12,False,False,1092.8,2025,demo,68
demo-tournament:068,Тропа капибары — 2025,2025-11-30,68,demo:020,8,32,12,False,False,949.8,2025,demo,68
demo-tournament:068,Тропа капибары — 2025,2025-11-30,68,demo:009,9,32,12,False,False,750.2,2025,demo,68
demo-tournament:068,Тропа капибары — 2025,2025-11-30,68,demo:045,10,32,12,False,False,641.1,2025,demo,68
demo-tournament:068,Тропа капибары — 2025,2025-11-30,68,demo:075,11,32,12,False,False,435.4,2025,demo,68
demo-tournament:068,Тропа капибары — 2025,2025-11-30,68,demo:014,12,32,12,False,False,416.0,2025,demo,68
demo-tournament:068,Тропа капибары — 2025,2025-11-30,68,demo:043,13,32,12,False,False,343.9,2025,demo,68
demo-tournament:068,Тропа капибары — 2025,2025-11-30,68,demo:033,14,32,12,False,False,82.2,2025,demo,68
demo-tournament:068,Тропа капибары — 2025,2025-11-30,68,demo:019,15,32,12,False,False,-5.0,2025,demo,68
demo-tournament:068,Тропа капибары — 2025,2025-11-30,68,demo:008,16,32,12,False,False,-55.7,2025,demo,68
demo-tournament:068,Тропа капибары — 2025,2025-11-30,68,demo:053,17,32,12,False,False,-120.3,2025,demo,68
demo-tournament:068,Тропа капибары — 2025,2025-11-30,68,demo:064,18,32,12,False,False,-273.4,2025,demo,68
demo-tournament:068,Тропа капибары — 2025,2025-11-30,68,demo:047,19,32,12,False,False,-368.7,2025,demo,68
demo-tournament:068,Тропа капибары — 2025,2025-11-30,68,demo:071,20,32,12,False,False,-392.9,2025,demo,68
demo-tournament:068,Тропа капибары — 2025,2025-11-30,68,demo:003,21,32,12,False,False,-449.9,2025,demo,68
demo-tournament:068,Тропа капибары — 2025,2025-11-30,68,demo:021,22,32,12,False,False,-478.1,2025,demo,68
demo-tournament:068,Тропа капибары — 2025,2025-11-30,68,demo:022,23,32,12,False,False,-587.4,2025,demo,68
demo-tournament:068,Тропа капибары — 2025,2025-11-30,68,demo:062,24,32,12,False,False,-1116.6,2025,demo,68
demo-tournament:068,Тропа капибары — 2025,2025-11-30,68,demo:057,25,32,12,False,False,-1225.3,2025,demo,68
demo-tournament:068,Тропа капибары — 2025,2025-11-30,68,demo:067,26,32,12,False,False,-1228.8,2025,demo,68
demo-tournament:068,Тропа капибары — 2025,2025-11-30,68,demo:029,27,32,12,False,False,-1389.7,2025,demo,68
demo-tournament:068,Тропа капибары — 2025,2025-11-30,68,demo:118,28,32,12,False,False,-1775.8,2025,demo,68
demo-tournament:068,Тропа капибары — 2025,2025-11-30,68,demo:086,29,32,12,False,False,-1891.5,2025,demo,68
demo-tournament:068,Тропа капибары — 2025,2025-11-30,68,demo:001,30,32,12,False,False,-2110.8,2025,demo,68
demo-tournament:068,Тропа капибары — 2025,2025-11-30,68,demo:048,31,32,12,False,False,-2205.7,2025,demo,68
demo-tournament:068,Тропа капибары — 2025,2025-11-30,68,demo:090,32,32,12,False,False,-2592.0,2025,demo,68
demo-tournament:069,Лисья нора — 2025,2025-12-07,69,demo:009,1,20,9,False,False,2079.8,2025,demo,69
demo-tournament:069,Лисья нора — 2025,2025-12-07,69,demo:014,2,20,9,False,False,1214.4,2025,demo,69
demo-tournament:069,Лисья нора — 2025,2025-12-07,69,demo:120,3,20,9,False,False,652.1,2025,demo,69
demo-tournament:069,Лисья нора — 2025,2025-12-07,69,demo:019,4,20,9,False,False,465.5,2025,demo,69
demo-tournament:069,Лисья нора — 2025,2025-12-07,69,demo:021,5,20,9,False,False,137.7,2025,demo,69
demo-tournament:069,Лисья нора — 2025,2025-12-07,69,demo:057,6,20,9,False,False,60.6,2025,demo,69
demo-tournament:069,Лисья нора — 2025,2025-12-07,69,demo:066,7,20,9,False,False,-37.2,2025,demo,69
demo-tournament:069,Лисья нора — 2025,2025-12-07,69,demo:006,8,20,9,False,False,-325.8,2025,demo,69
demo-tournament:069,Лисья нора — 2025,2025-12-07,69,demo:049,9,20,9,False,False,-395.3,2025,demo,69
demo-tournament:069,Лисья нора — 2025,2025-12-07,69,demo:087,10,20,9,False,False,-408.8,2025,demo,69
demo-tournament:069,Лисья нора — 2025,2025-12-07,69,demo:047,11,20,9,False,False,-576.3,2025,demo,69
demo-tournament:069,Лисья нора — 2025,2025-12-07,69,demo:026,12,20,9,False,False,-596.5,2025,demo,69
demo-tournament:069,Лисья нора — 2025,2025-12-07,69,demo:064,13,20,9,False,False,-596.7,2025,demo,69
demo-tournament:069,Лисья нора — 2025,2025-12-07,69,demo:042,14,20,9,False,False,-761.4,2025,demo,69
demo-tournament:069,Лисья нора — 2025,2025-12-07,69,demo:003,15,20,9,False,False,-867.2,2025,demo,69
demo-tournament:069,Лисья нора — 2025,2025-12-07,69,demo:048,16,20,9,False,False,-1075.4,2025,demo,69
demo-tournament:069,Лисья нора — 2025,2025-12-07,69,demo:008,17,20,9,False,False,-1093.9,2025,demo,69
demo-tournament:069,Лисья нора — 2025,2025-12-07,69,demo:073,18,20,9,False,False,-1477.9,2025,demo,69
demo-tournament:069,Лисья нора — 2025,2025-12-07,69,demo:076,19,20,9,False,False,-1596.3,2025,demo,69
demo-tournament:069,Лисья нора — 2025,2025-12-07,69,demo:060,20,20,9,False,False,-1963.1,2025,demo,69
demo-tournament:070,Панда-пати — 2026,2026-01-07,70,demo:063,1,32,13,False,False,2913.6,2026,demo,70
demo-tournament:070,Панда-пати — 2026,2026-01-07,70,demo:028,2,32,13,False,False,2471.4,2026,demo,70
demo-tournament:070,Панда-пати — 2026,2026-01-07,70,demo:066,3,32,13,False,False,2353.9,2026,demo,70
demo-tournament:070,Панда-пати — 2026,2026-01-07,70,demo:014,4,32,13,False,False,2296.0,2026,demo,70
demo-tournament:070,Панда-пати — 2026,2026-01-07,70,demo:042,5,32,13,False,False,1726.7,2026,demo,70
demo-tournament:070,Панда-пати — 2026,2026-01-07,70,demo:041,6,32,13,False,False,1692.0,2026,demo,70
demo-tournament:070,Панда-пати — 2026,2026-01-07,70,demo:022,7,32,13,False,False,1130.4,2026,demo,70
demo-tournament:070,Панда-пати — 2026,2026-01-07,70,demo:020,8,32,13,False,False,1052.7,2026,demo,70
demo-tournament:070,Панда-пати — 2026,2026-01-07,70,demo:070,9,32,13,False,False,953.4,2026,demo,70
demo-tournament:070,Панда-пати — 2026,2026-01-07,70,demo:019,10,32,13,False,False,809.0,2026,demo,70
demo-tournament:070,Панда-пати — 2026,2026-01-07,70,demo:111,11,32,13,False,False,758.7,2026,demo,70
demo-tournament:070,Панда-пати — 2026,2026-01-07,70,demo:069,12,32,13,False,False,658.3,2026,demo,70
demo-tournament:070,Панда-пати — 2026,2026-01-07,70,demo:021,13,32,13,False,False,222.3,2026,demo,70
demo-tournament:070,Панда-пати — 2026,2026-01-07,70,demo:065,14,32,13,False,False,197.2,2026,demo,70
demo-tournament:070,Панда-пати — 2026,2026-01-07,70,demo:009,15,32,13,False,False,132.9,2026,demo,70
demo-tournament:070,Панда-пати — 2026,2026-01-07,70,demo:049,16,32,13,False,False,67.6,2026,demo,70
demo-tournament:070,Панда-пати — 2026,2026-01-07,70,demo:038,17,32,13,False,True,58.8,2026,demo,70
demo-tournament:070,Панда-пати — 2026,2026-01-07,70,demo:048,18,32,13,False,False,-148.4,2026,demo,70
demo-tournament:070,Панда-пати — 2026,2026-01-07,70,demo:006,19,32,13,False,False,-265.0,2026,demo,70
demo-tournament:070,Панда-пати — 2026,2026-01-07,70,demo:001,20,32,13,False,False,-339.6,2026,demo,70
demo-tournament:070,Панда-пати — 2026,2026-01-07,70,demo:025,21,32,13,False,False,-350.7,2026,demo,70
demo-tournament:070,Панда-пати — 2026,2026-01-07,70,demo:110,22,32,13,False,False,-492.9,2026,demo,70
demo-tournament:070,Панда-пати — 2026,2026-01-07,70,demo:089,23,32,13,False,False,-688.1,2026,demo,70
demo-tournament:070,Панда-пати — 2026,2026-01-07,70,demo:008,24,32,13,False,False,-998.1,2026,demo,70
demo-tournament:070,Панда-пати — 2026,2026-01-07,70,demo:047,25,32,13,False,False,-1021.5,2026,demo,70
demo-tournament:070,Панда-пати — 2026,2026-01-07,70,demo:057,26,32,13,False,False,-1235.5,2026,demo,70
demo-tournament:070,Панда-пати — 2026,2026-01-07,70,demo:034,27,32,13,False,False,-1346.0,2026,demo,70
demo-tournament:070,Панда-пати — 2026,2026-01-07,70,demo:029,28,32,13,False,False,-1381.5,2026,demo,70
demo-tournament:070,Панда-пати — 2026,2026-01-07,70,demo:003,29,32,13,False,False,-1478.2,2026,demo,70
demo-tournament:070,Панда-пати — 2026,2026-01-07,70,demo:032,30,32,13,False,False,-1483.6,2026,demo,70
demo-tournament:070,Панда-пати — 2026,2026-01-07,70,demo:061,31,32,13,False,False,-1839.5,2026,demo,70
demo-tournament:070,Панда-пати — 2026,2026-01-07,70,demo:067,32,32,13,False,False,-1946.6,2026,demo,70
demo-tournament:071,Tekken-19,2026-01-25,71,demo:002,1,56,8,False,False,3373.5,tekken-19,demo,71
demo-tournament:071,Tekken-19,2026-01-25,71,demo:016,2,56,8,False,False,3318.7,tekken-19,demo,71
demo-tournament:071,Tekken-19,2026-01-25,71,demo:055,3,56,8,False,False,1913.7,tekken-19,demo,71
demo-tournament:071,Tekken-19,2026-01-25,71,demo:041,4,56,8,False,False,1808.6,tekken-19,demo,71
demo-tournament:071,Tekken-19,2026-01-25,71,demo:014,5,56,8,False,False,1452.2,tekken-19,demo,71
demo-tournament:071,Tekken-19,2026-01-25,71,demo:050,6,56,8,False,False,1249.3,tekken-19,demo,71
demo-tournament:071,Tekken-19,2026-01-25,71,demo:030,7,56,8,False,False,1230.3,tekken-19,demo,71
demo-tournament:071,Tekken-19,2026-01-25,71,demo:033,8,56,8,False,False,1077.5,tekken-19,demo,71
demo-tournament:071,Tekken-19,2026-01-25,71,demo:080,9,56,8,False,False,965.0,tekken-19,demo,71
demo-tournament:071,Tekken-19,2026-01-25,71,demo:006,10,56,8,False,False,839.1,tekken-19,demo,71
demo-tournament:071,Tekken-19,2026-01-25,71,demo:037,11,56,8,False,False,734.1,tekken-19,demo,71
demo-tournament:071,Tekken-19,2026-01-25,71,demo:015,12,56,8,False,False,667.1,tekken-19,demo,71
demo-tournament:071,Tekken-19,2026-01-25,71,demo:043,13,56,8,False,False,646.9,tekken-19,demo,71
demo-tournament:071,Tekken-19,2026-01-25,71,demo:026,14,56,8,False,False,578.4,tekken-19,demo,71
demo-tournament:071,Tekken-19,2026-01-25,71,demo:021,15,56,8,False,False,499.0,tekken-19,demo,71
demo-tournament:071,Tekken-19,2026-01-25,71,demo:020,16,56,8,False,False,465.0,tekken-19,demo,71
demo-tournament:071,Tekken-19,2026-01-25,71,demo:042,17,56,8,False,False,438.7,tekken-19,demo,71
demo-tournament:071,Tekken-19,2026-01-25,71,demo:058,18,56,8,False,False,354.8,tekken-19,demo,71
demo-tournament:071,Tekken-19,2026-01-25,71,demo:009,19,56,8,False,False,348.6,tekken-19,demo,71
demo-tournament:071,Tekken-19,2026-01-25,71,demo:051,20,56,8,False,False,322.4,tekken-19,demo,71
demo-tournament:071,Tekken-19,2026-01-25,71,demo:049,21,56,8,False,False,295.5,tekken-19,demo,71
demo-tournament:071,Tekken-19,2026-01-25,71,demo:001,22,56,8,False,False,213.0,tekken-19,demo,71
demo-tournament:071,Tekken-19,2026-01-25,71,demo:022,23,56,8,False,False,201.6,tekken-19,demo,71
demo-tournament:071,Tekken-19,2026-01-25,71,demo:089,24,56,8,False,False,60.8,tekken-19,demo,71
demo-tournament:071,Tekken-19,2026-01-25,71,demo:017,25,56,8,False,False,41.0,tekken-19,demo,71
demo-tournament:071,Tekken-19,2026-01-25,71,demo:066,26,56,8,False,False,29.1,tekken-19,demo,71
demo-tournament:071,Tekken-19,2026-01-25,71,demo:011,27,56,8,False,False,14.6,tekken-19,demo,71
demo-tournament:071,Tekken-19,2026-01-25,71,demo:019,28,56,8,False,False,-57.8,tekken-19,demo,71
demo-tournament:071,Tekken-19,2026-01-25,71,demo:056,29,56,8,False,False,-144.4,tekken-19,demo,71
demo-tournament:071,Tekken-19,2026-01-25,71,demo:023,30,56,8,False,False,-145.8,tekken-19,demo,71
demo-tournament:071,Tekken-19,2026-01-25,71,demo:053,31,56,8,False,False,-172.2,tekken-19,demo,71
demo-tournament:071,Tekken-19,2026-01-25,71,demo:087,32,56,8,False,False,-174.7,tekken-19,demo,71
demo-tournament:071,Tekken-19,2026-01-25,71,demo:045,33,56,8,False,False,-208.3,tekken-19,demo,71
demo-tournament:071,Tekken-19,2026-01-25,71,demo:063,34,56,8,False,False,-298.4,tekken-19,demo,71
demo-tournament:071,Tekken-19,2026-01-25,71,demo:072,35,56,8,False,False,-313.1,tekken-19,demo,71
demo-tournament:071,Tekken-19,2026-01-25,71,demo:036,36,56,8,False,False,-326.6,tekken-19,demo,71
demo-tournament:071,Tekken-19,2026-01-25,71,demo:028,37,56,8,False,False,-397.6,tekken-19,demo,71
demo-tournament:071,Tekken-19,2026-01-25,71,demo:025,38,56,8,False,False,-416.9,tekken-19,demo,71
demo-tournament:071,Tekken-19,2026-01-25,71,demo:032,39,56,8,False,False,-535.7,tekken-19,demo,71
demo-tournament:071,Tekken-19,2026-01-25,71,demo:012,40,56,8,False,False,-562.7,tekken-19,demo,71
demo-tournament:071,Tekken-19,2026-01-25,71,demo:060,41,56,8,False,False,-577.7,tekken-19,demo,71
demo-tournament:071,Tekken-19,2026-01-25,71,demo:034,42,56,8,False,False,-672.3,tekken-19,demo,71
demo-tournament:071,Tekken-19,2026-01-25,71,demo:048,43,56,8,False,False,-815.6,tekken-19,demo,71
demo-tournament:071,Tekken-19,2026-01-25,71,demo:057,44,56,8,False,False,-989.0,tekken-19,demo,71
demo-tournament:071,Tekken-19,2026-01-25,71,demo:047,45,56,8,False,False,-1076.9,tekken-19,demo,71
demo-tournament:071,Tekken-19,2026-01-25,71,demo:086,46,56,8,False,False,-1132.0,tekken-19,demo,71
demo-tournament:071,Tekken-19,2026-01-25,71,demo:065,47,56,8,False,False,-1154.0,tekken-19,demo,71
demo-tournament:071,Tekken-19,2026-01-25,71,demo:003,48,56,8,False,False,-1179.4,tekken-19,demo,71
demo-tournament:071,Tekken-19,2026-01-25,71,demo:038,49,56,8,False,False,-1217.0,tekken-19,demo,71
demo-tournament:071,Tekken-19,2026-01-25,71,demo:029,50,56,8,False,False,-1311.9,tekken-19,demo,71
demo-tournament:071,Tekken-19,2026-01-25,71,demo:044,51,56,8,False,False,-1395.7,tekken-19,demo,71
demo-tournament:071,Tekken-19,2026-01-25,71,demo:005,52,56,8,False,False,-1501.1,tekken-19,demo,71
demo-tournament:071,Tekken-19,2026-01-25,71,demo:059,53,56,8,False,False,-1558.5,tekken-19,demo,71
demo-tournament:071,Tekken-19,2026-01-25,71,demo:008,54,56,8,False,False,-1565.1,tekken-19,demo,71
demo-tournament:071,Tekken-19,2026-01-25,71,demo:054,55,56,8,False,False,-1625.8,tekken-19,demo,71
demo-tournament:071,Tekken-19,2026-01-25,71,demo:046,56,56,8,False,False,-1726.4,tekken-19,demo,71
demo-tournament:072,Турнир тихой заводи — 2026,2026-02-08,72,demo:009,1,36,8,False,False,2059.5,2026,demo,72
demo-tournament:072,Турнир тихой заводи — 2026,2026-02-08,72,demo:022,2,36,8,False,False,2058.6,2026,demo,72
demo-tournament:072,Турнир тихой заводи — 2026,2026-02-08,72,demo:028,3,36,8,False,False,1916.2,2026,demo,72
demo-tournament:072,Турнир тихой заводи — 2026,2026-02-08,72,demo:050,4,36,8,False,False,1903.9,2026,demo,72
demo-tournament:072,Турнир тихой заводи — 2026,2026-02-08,72,demo:014,5,36,8,False,False,1885.4,2026,demo,72
demo-tournament:072,Турнир тихой заводи — 2026,2026-02-08,72,demo:015,6,36,8,False,False,1877.3,2026,demo,72
demo-tournament:072,Турнир тихой заводи — 2026,2026-02-08,72,demo:016,7,36,8,False,False,1749.0,2026,demo,72
demo-tournament:072,Турнир тихой заводи — 2026,2026-02-08,72,demo:044,8,36,8,False,False,1675.7,2026,demo,72
demo-tournament:072,Турнир тихой заводи — 2026,2026-02-08,72,demo:020,9,36,8,False,False,1432.1,2026,demo,72
demo-tournament:072,Турнир тихой заводи — 2026,2026-02-08,72,demo:062,10,36,8,False,False,1347.5,2026,demo,72
demo-tournament:072,Турнир тихой заводи — 2026,2026-02-08,72,demo:083,11,36,8,False,False,907.2,2026,demo,72
demo-tournament:072,Турнир тихой заводи — 2026,2026-02-08,72,demo:019,12,36,8,False,False,834.5,2026,demo,72
demo-tournament:072,Турнир тихой заводи — 2026,2026-02-08,72,demo:034,13,36,8,False,False,819.5,2026,demo,72
demo-tournament:072,Турнир тихой заводи — 2026,2026-02-08,72,demo:006,14,36,8,False,False,812.3,2026,demo,72
demo-tournament:072,Турнир тихой заводи — 2026,2026-02-08,72,demo:048,15,36,8,False,False,794.5,2026,demo,72
demo-tournament:072,Турнир тихой заводи — 2026,2026-02-08,72,demo:029,16,36,8,False,False,523.1,2026,demo,72
demo-tournament:072,Турнир тихой заводи — 2026,2026-02-08,72,demo:008,17,36,8,False,False,493.8,2026,demo,72
demo-tournament:072,Турнир тихой заводи — 2026,2026-02-08,72,demo:109,18,36,8,False,False,456.6,2026,demo,72
demo-tournament:072,Турнир тихой заводи — 2026,2026-02-08,72,demo:073,19,36,8,False,False,311.4,2026,demo,72
demo-tournament:072,Турнир тихой заводи — 2026,2026-02-08,72,demo:049,20,36,8,False,False,310.0,2026,demo,72
demo-tournament:072,Турнир тихой заводи — 2026,2026-02-08,72,demo:079,21,36,8,False,False,286.7,2026,demo,72
demo-tournament:072,Турнир тихой заводи — 2026,2026-02-08,72,demo:116,22,36,8,False,False,132.3,2026,demo,72
demo-tournament:072,Турнир тихой заводи — 2026,2026-02-08,72,demo:003,23,36,8,False,False,-40.9,2026,demo,72
demo-tournament:072,Турнир тихой заводи — 2026,2026-02-08,72,demo:023,24,36,8,False,False,-98.3,2026,demo,72
demo-tournament:072,Турнир тихой заводи — 2026,2026-02-08,72,demo:038,25,36,8,False,False,-145.8,2026,demo,72
demo-tournament:072,Турнир тихой заводи — 2026,2026-02-08,72,demo:021,26,36,8,False,False,-216.9,2026,demo,72
demo-tournament:072,Турнир тихой заводи — 2026,2026-02-08,72,demo:077,27,36,8,False,False,-234.4,2026,demo,72
demo-tournament:072,Турнир тихой заводи — 2026,2026-02-08,72,demo:033,28,36,8,False,False,-286.3,2026,demo,72
demo-tournament:072,Турнир тихой заводи — 2026,2026-02-08,72,demo:084,29,36,8,False,False,-451.1,2026,demo,72
demo-tournament:072,Турнир тихой заводи — 2026,2026-02-08,72,demo:057,30,36,8,False,False,-613.4,2026,demo,72
demo-tournament:072,Турнир тихой заводи — 2026,2026-02-08,72,demo:026,31,36,8,False,False,-664.8,2026,demo,72
demo-tournament:072,Турнир тихой заводи — 2026,2026-02-08,72,demo:067,32,36,8,False,False,-1255.3,2026,demo,72
demo-tournament:072,Турнир тихой заводи — 2026,2026-02-08,72,demo:076,33,36,8,False,False,-1409.3,2026,demo,72
demo-tournament:072,Турнир тихой заводи — 2026,2026-02-08,72,demo:090,34,36,8,False,False,-1474.9,2026,demo,72
demo-tournament:072,Турнир тихой заводи — 2026,2026-02-08,72,demo:120,35,36,8,False,False,-1758.8,2026,demo,72
demo-tournament:072,Турнир тихой заводи — 2026,2026-02-08,72,demo:085,36,36,8,False,False,-2198.4,2026,demo,72
demo-tournament:073,Tekken-20,2026-02-23,73,demo:014,1,76,9,True,False,2965.2,tekken-20,demo,73
demo-tournament:073,Tekken-20,2026-02-23,73,demo:002,2,76,9,True,False,2902.7,tekken-20,demo,73
demo-tournament:073,Tekken-20,2026-02-23,73,demo:013,3,76,9,True,False,2648.9,tekken-20,demo,73
demo-tournament:073,Tekken-20,2026-02-23,73,demo:078,4,76,9,True,False,2209.6,tekken-20,demo,73
demo-tournament:073,Tekken-20,2026-02-23,73,demo:119,5,76,9,True,False,1771.5,tekken-20,demo,73
demo-tournament:073,Tekken-20,2026-02-23,73,demo:051,6,76,9,True,False,1538.3,tekken-20,demo,73
demo-tournament:073,Tekken-20,2026-02-23,73,demo:049,7,76,9,True,False,1271.0,tekken-20,demo,73
demo-tournament:073,Tekken-20,2026-02-23,73,demo:055,8,76,9,True,False,1261.1,tekken-20,demo,73
demo-tournament:073,Tekken-20,2026-02-23,73,demo:041,9,76,9,True,False,1257.5,tekken-20,demo,73
demo-tournament:073,Tekken-20,2026-02-23,73,demo:024,10,76,9,True,False,1171.8,tekken-20,demo,73
demo-tournament:073,Tekken-20,2026-02-23,73,demo:022,11,76,9,True,False,1074.3,tekken-20,demo,73
demo-tournament:073,Tekken-20,2026-02-23,73,demo:063,12,76,9,True,False,997.5,tekken-20,demo,73
demo-tournament:073,Tekken-20,2026-02-23,73,demo:016,13,76,9,True,False,985.4,tekken-20,demo,73
demo-tournament:073,Tekken-20,2026-02-23,73,demo:064,14,76,9,True,False,923.2,tekken-20,demo,73
demo-tournament:073,Tekken-20,2026-02-23,73,demo:057,15,76,9,True,False,667.4,tekken-20,demo,73
demo-tournament:073,Tekken-20,2026-02-23,73,demo:035,16,76,9,True,False,650.7,tekken-20,demo,73
demo-tournament:073,Tekken-20,2026-02-23,73,demo:045,17,76,9,True,False,624.3,tekken-20,demo,73
demo-tournament:073,Tekken-20,2026-02-23,73,demo:042,18,76,9,True,False,608.2,tekken-20,demo,73
demo-tournament:073,Tekken-20,2026-02-23,73,demo:040,19,76,9,True,False,529.8,tekken-20,demo,73
demo-tournament:073,Tekken-20,2026-02-23,73,demo:020,20,76,9,True,False,527.1,tekken-20,demo,73
demo-tournament:073,Tekken-20,2026-02-23,73,demo:017,21,76,9,True,False,443.8,tekken-20,demo,73
demo-tournament:073,Tekken-20,2026-02-23,73,demo:080,22,76,9,True,False,397.3,tekken-20,demo,73
demo-tournament:073,Tekken-20,2026-02-23,73,demo:052,23,76,9,True,False,282.2,tekken-20,demo,73
demo-tournament:073,Tekken-20,2026-02-23,73,demo:082,24,76,9,True,False,276.1,tekken-20,demo,73
demo-tournament:073,Tekken-20,2026-02-23,73,demo:044,25,76,9,True,False,256.2,tekken-20,demo,73
demo-tournament:073,Tekken-20,2026-02-23,73,demo:037,26,76,9,True,False,229.9,tekken-20,demo,73
demo-tournament:073,Tekken-20,2026-02-23,73,demo:011,27,76,9,True,False,214.3,tekken-20,demo,73
demo-tournament:073,Tekken-20,2026-02-23,73,demo:083,28,76,9,True,False,152.5,tekken-20,demo,73
demo-tournament:073,Tekken-20,2026-02-23,73,demo:010,29,76,9,True,False,138.5,tekken-20,demo,73
demo-tournament:073,Tekken-20,2026-02-23,73,demo:006,30,76,9,True,False,112.2,tekken-20,demo,73
demo-tournament:073,Tekken-20,2026-02-23,73,demo:056,31,76,9,True,False,110.5,tekken-20,demo,73
demo-tournament:073,Tekken-20,2026-02-23,73,demo:053,32,76,9,True,False,45.1,tekken-20,demo,73
demo-tournament:073,Tekken-20,2026-02-23,73,demo:009,33,76,9,True,False,19.0,tekken-20,demo,73
demo-tournament:073,Tekken-20,2026-02-23,73,demo:031,34,76,9,True,False,15.6,tekken-20,demo,73
demo-tournament:073,Tekken-20,2026-02-23,73,demo:047,35,76,9,True,False,-109.1,tekken-20,demo,73
demo-tournament:073,Tekken-20,2026-02-23,73,demo:033,36,76,9,True,False,-113.5,tekken-20,demo,73
demo-tournament:073,Tekken-20,2026-02-23,73,demo:058,37,76,9,True,False,-118.0,tekken-20,demo,73
demo-tournament:073,Tekken-20,2026-02-23,73,demo:028,38,76,9,True,False,-127.6,tekken-20,demo,73
demo-tournament:073,Tekken-20,2026-02-23,73,demo:050,39,76,9,True,False,-176.4,tekken-20,demo,73
demo-tournament:073,Tekken-20,2026-02-23,73,demo:076,40,76,9,True,False,-237.9,tekken-20,demo,73
demo-tournament:073,Tekken-20,2026-02-23,73,demo:059,41,76,9,True,False,-253.2,tekken-20,demo,73
demo-tournament:073,Tekken-20,2026-02-23,73,demo:034,42,76,9,True,False,-269.5,tekken-20,demo,73
demo-tournament:073,Tekken-20,2026-02-23,73,demo:015,43,76,9,True,False,-331.6,tekken-20,demo,73
demo-tournament:073,Tekken-20,2026-02-23,73,demo:008,44,76,9,True,False,-350.9,tekken-20,demo,73
demo-tournament:073,Tekken-20,2026-02-23,73,demo:071,45,76,9,True,False,-371.1,tekken-20,demo,73
demo-tournament:073,Tekken-20,2026-02-23,73,demo:069,46,76,9,True,False,-384.6,tekken-20,demo,73
demo-tournament:073,Tekken-20,2026-02-23,73,demo:027,47,76,9,True,False,-496.1,tekken-20,demo,73
demo-tournament:073,Tekken-20,2026-02-23,73,demo:085,48,76,9,True,False,-537.2,tekken-20,demo,73
demo-tournament:073,Tekken-20,2026-02-23,73,demo:043,49,76,9,True,False,-546.4,tekken-20,demo,73
demo-tournament:073,Tekken-20,2026-02-23,73,demo:019,50,76,9,True,False,-633.3,tekken-20,demo,73
demo-tournament:073,Tekken-20,2026-02-23,73,demo:018,51,76,9,True,False,-655.5,tekken-20,demo,73
demo-tournament:073,Tekken-20,2026-02-23,73,demo:089,52,76,9,True,False,-679.6,tekken-20,demo,73
demo-tournament:073,Tekken-20,2026-02-23,73,demo:081,53,76,9,True,False,-699.2,tekken-20,demo,73
demo-tournament:073,Tekken-20,2026-02-23,73,demo:046,54,76,9,True,False,-788.1,tekken-20,demo,73
demo-tournament:073,Tekken-20,2026-02-23,73,demo:088,55,76,9,True,False,-816.6,tekken-20,demo,73
demo-tournament:073,Tekken-20,2026-02-23,73,demo:086,56,76,9,True,False,-829.7,tekken-20,demo,73
demo-tournament:073,Tekken-20,2026-02-23,73,demo:077,57,76,9,True,False,-971.0,tekken-20,demo,73
demo-tournament:073,Tekken-20,2026-02-23,73,demo:029,58,76,9,True,False,-1023.5,tekken-20,demo,73
demo-tournament:073,Tekken-20,2026-02-23,73,demo:038,59,76,9,True,False,-1118.0,tekken-20,demo,73
demo-tournament:073,Tekken-20,2026-02-23,73,demo:023,60,76,9,True,False,-1512.5,tekken-20,demo,73
demo-tournament:073,Tekken-20,2026-02-23,73,demo:026,61,76,9,True,False,-1593.6,tekken-20,demo,73
demo-tournament:073,Tekken-20,2026-02-23,73,demo:061,62,76,9,True,False,-1597.8,tekken-20,demo,73
demo-tournament:073,Tekken-20,2026-02-23,73,demo:005,63,76,9,True,False,-1626.7,tekken-20,demo,73
demo-tournament:073,Tekken-20,2026-02-23,73,demo:001,64,76,9,True,False,-1628.4,tekken-20,demo,73
demo-tournament:073,Tekken-20,2026-02-23,73,demo:030,65,76,9,True,False,-1698.5,tekken-20,demo,73
demo-tournament:073,Tekken-20,2026-02-23,73,demo:012,66,76,9,True,False,-1717.5,tekken-20,demo,73
demo-tournament:073,Tekken-20,2026-02-23,73,demo:113,67,76,9,True,False,-1795.1,tekken-20,demo,73
demo-tournament:073,Tekken-20,2026-02-23,73,demo:021,68,76,9,True,False,-1823.0,tekken-20,demo,73
demo-tournament:073,Tekken-20,2026-02-23,73,demo:048,69,76,9,True,False,-1873.6,tekken-20,demo,73
demo-tournament:073,Tekken-20,2026-02-23,73,demo:084,70,76,9,True,False,-1941.4,tekken-20,demo,73
demo-tournament:073,Tekken-20,2026-02-23,73,demo:054,71,76,9,True,False,-2133.7,tekken-20,demo,73
demo-tournament:073,Tekken-20,2026-02-23,73,demo:003,72,76,9,True,False,-2218.1,tekken-20,demo,73
demo-tournament:073,Tekken-20,2026-02-23,73,demo:025,73,76,9,True,False,-2231.4,tekken-20,demo,73
demo-tournament:073,Tekken-20,2026-02-23,73,demo:062,74,76,9,True,False,-2350.6,tekken-20,demo,73
demo-tournament:073,Tekken-20,2026-02-23,73,demo:060,75,76,9,True,False,-2358.0,tekken-20,demo,73
demo-tournament:073,Tekken-20,2026-02-23,73,demo:032,76,76,9,True,False,-2506.2,tekken-20,demo,73
demo-tournament:074,Tekken-21,2026-04-05,74,demo:002,1,52,10,False,False,2163.8,tekken-21,demo,74
demo-tournament:074,Tekken-21,2026-04-05,74,demo:078,2,52,10,False,False,2002.0,tekken-21,demo,74
demo-tournament:074,Tekken-21,2026-04-05,74,demo:018,3,52,10,False,False,1613.7,tekken-21,demo,74
demo-tournament:074,Tekken-21,2026-04-05,74,demo:014,4,52,10,False,False,1378.4,tekken-21,demo,74
demo-tournament:074,Tekken-21,2026-04-05,74,demo:015,5,52,10,False,False,1335.9,tekken-21,demo,74
demo-tournament:074,Tekken-21,2026-04-05,74,demo:055,6,52,10,False,False,1171.2,tekken-21,demo,74
demo-tournament:074,Tekken-21,2026-04-05,74,demo:020,7,52,10,False,False,1074.7,tekken-21,demo,74
demo-tournament:074,Tekken-21,2026-04-05,74,demo:017,8,52,10,False,False,1013.5,tekken-21,demo,74
demo-tournament:074,Tekken-21,2026-04-05,74,demo:068,9,52,10,False,False,1002.8,tekken-21,demo,74
demo-tournament:074,Tekken-21,2026-04-05,74,demo:060,10,52,10,False,False,991.0,tekken-21,demo,74
demo-tournament:074,Tekken-21,2026-04-05,74,demo:049,11,52,10,False,False,815.7,tekken-21,demo,74
demo-tournament:074,Tekken-21,2026-04-05,74,demo:011,12,52,10,False,False,769.8,tekken-21,demo,74
demo-tournament:074,Tekken-21,2026-04-05,74,demo:007,13,52,10,False,False,730.1,tekken-21,demo,74
demo-tournament:074,Tekken-21,2026-04-05,74,demo:067,14,52,10,False,False,703.8,tekken-21,demo,74
demo-tournament:074,Tekken-21,2026-04-05,74,demo:065,15,52,10,False,False,690.4,tekken-21,demo,74
demo-tournament:074,Tekken-21,2026-04-05,74,demo:056,16,52,10,False,True,677.0,tekken-21,demo,74
demo-tournament:074,Tekken-21,2026-04-05,74,demo:044,17,52,10,False,False,618.9,tekken-21,demo,74
demo-tournament:074,Tekken-21,2026-04-05,74,demo:028,18,52,10,False,False,550.3,tekken-21,demo,74
demo-tournament:074,Tekken-21,2026-04-05,74,demo:042,19,52,10,False,False,434.3,tekken-21,demo,74
demo-tournament:074,Tekken-21,2026-04-05,74,demo:033,20,52,10,False,False,347.6,tekken-21,demo,74
demo-tournament:074,Tekken-21,2026-04-05,74,demo:041,21,52,10,False,False,345.7,tekken-21,demo,74
demo-tournament:074,Tekken-21,2026-04-05,74,demo:043,22,52,10,False,False,306.2,tekken-21,demo,74
demo-tournament:074,Tekken-21,2026-04-05,74,demo:006,23,52,10,False,False,220.6,tekken-21,demo,74
demo-tournament:074,Tekken-21,2026-04-05,74,demo:026,24,52,10,False,False,153.1,tekken-21,demo,74
demo-tournament:074,Tekken-21,2026-04-05,74,demo:084,25,52,10,False,False,148.5,tekken-21,demo,74
demo-tournament:074,Tekken-21,2026-04-05,74,demo:045,26,52,10,False,False,64.2,tekken-21,demo,74
demo-tournament:074,Tekken-21,2026-04-05,74,demo:009,27,52,10,False,False,49.5,tekken-21,demo,74
demo-tournament:074,Tekken-21,2026-04-05,74,demo:024,28,52,10,False,False,-9.5,tekken-21,demo,74
demo-tournament:074,Tekken-21,2026-04-05,74,demo:034,29,52,10,False,False,-150.8,tekken-21,demo,74
demo-tournament:074,Tekken-21,2026-04-05,74,demo:022,30,52,10,False,True,-267.6,tekken-21,demo,74
demo-tournament:074,Tekken-21,2026-04-05,74,demo:021,31,52,10,False,False,-292.1,tekken-21,demo,74
demo-tournament:074,Tekken-21,2026-04-05,74,demo:069,32,52,10,False,False,-313.9,tekken-21,demo,74
demo-tournament:074,Tekken-21,2026-04-05,74,demo:031,33,52,10,False,False,-395.0,tekken-21,demo,74
demo-tournament:074,Tekken-21,2026-04-05,74,demo:032,34,52,10,False,False,-583.0,tekken-21,demo,74
demo-tournament:074,Tekken-21,2026-04-05,74,demo:053,35,52,10,False,False,-711.1,tekken-21,demo,74
demo-tournament:074,Tekken-21,2026-04-05,74,demo:074,36,52,10,False,False,-905.6,tekken-21,demo,74
demo-tournament:074,Tekken-21,2026-04-05,74,demo:059,37,52,10,False,False,-923.4,tekken-21,demo,74
demo-tournament:074,Tekken-21,2026-04-05,74,demo:016,38,52,10,False,False,-976.4,tekken-21,demo,74
demo-tournament:074,Tekken-21,2026-04-05,74,demo:036,39,52,10,False,False,-1043.7,tekken-21,demo,74
demo-tournament:074,Tekken-21,2026-04-05,74,demo:057,40,52,10,False,False,-1051.3,tekken-21,demo,74
demo-tournament:074,Tekken-21,2026-04-05,74,demo:047,41,52,10,False,False,-1075.7,tekken-21,demo,74
demo-tournament:074,Tekken-21,2026-04-05,74,demo:023,42,52,10,False,False,-1112.8,tekken-21,demo,74
demo-tournament:074,Tekken-21,2026-04-05,74,demo:025,43,52,10,False,False,-1184.8,tekken-21,demo,74
demo-tournament:074,Tekken-21,2026-04-05,74,demo:038,44,52,10,False,False,-1368.9,tekken-21,demo,74
demo-tournament:074,Tekken-21,2026-04-05,74,demo:029,45,52,10,False,False,-1769.5,tekken-21,demo,74
demo-tournament:074,Tekken-21,2026-04-05,74,demo:086,46,52,10,False,False,-1801.6,tekken-21,demo,74
demo-tournament:074,Tekken-21,2026-04-05,74,demo:052,47,52,10,False,False,-1916.1,tekken-21,demo,74
demo-tournament:074,Tekken-21,2026-04-05,74,demo:003,48,52,10,False,False,-1940.4,tekken-21,demo,74
demo-tournament:074,Tekken-21,2026-04-05,74,demo:008,49,52,10,False,False,-2026.3,tekken-21,demo,74
demo-tournament:074,Tekken-21,2026-04-05,74,demo:046,50,52,10,False,False,-2127.3,tekken-21,demo,74
demo-tournament:074,Tekken-21,2026-04-05,74,demo:061,51,52,10,False,False,-2672.6,tekken-21,demo,74
demo-tournament:074,Tekken-21,2026-04-05,74,demo:048,52,52,10,False,False,-2938.3,tekken-21,demo,74
demo-tournament:075,Кубок полосатого хвоста — 2026,2026-04-11,75,demo:044,1,28,5,False,False,1722.2,2026,demo,75
demo-tournament:075,Кубок полосатого хвоста — 2026,2026-04-11,75,demo:009,2,28,5,False,False,1711.7,2026,demo,75
demo-tournament:075,Кубок полосатого хвоста — 2026,2026-04-11,75,demo:020,3,28,5,False,False,1341.9,2026,demo,75
demo-tournament:075,Кубок полосатого хвоста — 2026,2026-04-11,75,demo:022,4,28,5,False,False,1128.4,2026,demo,75
demo-tournament:075,Кубок полосатого хвоста — 2026,2026-04-11,75,demo:049,5,28,5,False,False,1090.0,2026,demo,75
demo-tournament:075,Кубок полосатого хвоста — 2026,2026-04-11,75,demo:002,6,28,5,False,False,964.7,2026,demo,75
demo-tournament:075,Кубок полосатого хвоста — 2026,2026-04-11,75,demo:072,7,28,5,False,False,813.8,2026,demo,75
demo-tournament:075,Кубок полосатого хвоста — 2026,2026-04-11,75,demo:021,8,28,5,False,False,750.4,2026,demo,75
demo-tournament:075,Кубок полосатого хвоста — 2026,2026-04-11,75,demo:019,9,28,5,False,False,705.7,2026,demo,75
demo-tournament:075,Кубок полосатого хвоста — 2026,2026-04-11,75,demo:011,10,28,5,False,False,522.9,2026,demo,75
demo-tournament:075,Кубок полосатого хвоста — 2026,2026-04-11,75,demo:014,11,28,5,False,False,480.9,2026,demo,75
demo-tournament:075,Кубок полосатого хвоста — 2026,2026-04-11,75,demo:016,12,28,5,False,False,469.3,2026,demo,75
demo-tournament:075,Кубок полосатого хвоста — 2026,2026-04-11,75,demo:041,13,28,5,False,False,394.4,2026,demo,75
demo-tournament:075,Кубок полосатого хвоста — 2026,2026-04-11,75,demo:057,14,28,5,False,False,333.8,2026,demo,75
demo-tournament:075,Кубок полосатого хвоста — 2026,2026-04-11,75,demo:068,15,28,5,False,False,254.0,2026,demo,75
demo-tournament:075,Кубок полосатого хвоста — 2026,2026-04-11,75,demo:006,16,28,5,False,False,230.5,2026,demo,75
demo-tournament:075,Кубок полосатого хвоста — 2026,2026-04-11,75,demo:081,17,28,5,False,False,175.4,2026,demo,75
demo-tournament:075,Кубок полосатого хвоста — 2026,2026-04-11,75,demo:047,18,28,5,False,False,98.9,2026,demo,75
demo-tournament:075,Кубок полосатого хвоста — 2026,2026-04-11,75,demo:008,19,28,5,False,False,-341.0,2026,demo,75
demo-tournament:075,Кубок полосатого хвоста — 2026,2026-04-11,75,demo:115,20,28,5,False,False,-372.8,2026,demo,75
demo-tournament:075,Кубок полосатого хвоста — 2026,2026-04-11,75,demo:038,21,28,5,False,False,-483.7,2026,demo,75
demo-tournament:075,Кубок полосатого хвоста — 2026,2026-04-11,75,demo:003,22,28,5,False,False,-571.5,2026,demo,75
demo-tournament:075,Кубок полосатого хвоста — 2026,2026-04-11,75,demo:043,23,28,5,False,False,-1008.7,2026,demo,75
demo-tournament:075,Кубок полосатого хвоста — 2026,2026-04-11,75,demo:067,24,28,5,False,False,-1187.2,2026,demo,75
demo-tournament:075,Кубок полосатого хвоста — 2026,2026-04-11,75,demo:075,25,28,5,False,False,-1951.6,2026,demo,75
demo-tournament:075,Кубок полосатого хвоста — 2026,2026-04-11,75,demo:061,26,28,5,False,False,-2067.5,2026,demo,75
demo-tournament:075,Кубок полосатого хвоста — 2026,2026-04-11,75,demo:086,27,28,5,False,False,-2395.3,2026,demo,75
demo-tournament:075,Кубок полосатого хвоста — 2026,2026-04-11,75,demo:048,28,28,5,False,False,-4134.1,2026,demo,75
demo-tournament:076,Сезон охоты за шишками — 2026,2026-05-03,76,demo:043,1,44,10,False,False,2345.8,2026,demo,76
demo-tournament:076,Сезон охоты за шишками — 2026,2026-05-03,76,demo:073,2,44,10,False,False,2122.0,2026,demo,76
demo-tournament:076,Сезон охоты за шишками — 2026,2026-05-03,76,demo:081,3,44,10,False,False,1908.3,2026,demo,76
demo-tournament:076,Сезон охоты за шишками — 2026,2026-05-03,76,demo:029,4,44,10,False,False,1888.5,2026,demo,76
demo-tournament:076,Сезон охоты за шишками — 2026,2026-05-03,76,demo:053,5,44,10,False,False,1834.0,2026,demo,76
demo-tournament:076,Сезон охоты за шишками — 2026,2026-05-03,76,demo:014,6,44,10,False,False,1794.2,2026,demo,76
demo-tournament:076,Сезон охоты за шишками — 2026,2026-05-03,76,demo:041,7,44,10,False,False,1669.0,2026,demo,76
demo-tournament:076,Сезон охоты за шишками — 2026,2026-05-03,76,demo:117,8,44,10,False,False,1491.4,2026,demo,76
demo-tournament:076,Сезон охоты за шишками — 2026,2026-05-03,76,demo:022,9,44,10,False,False,911.8,2026,demo,76
demo-tournament:076,Сезон охоты за шишками — 2026,2026-05-03,76,demo:028,10,44,10,False,False,907.6,2026,demo,76
demo-tournament:076,Сезон охоты за шишками — 2026,2026-05-03,76,demo:050,11,44,10,False,False,872.4,2026,demo,76
demo-tournament:076,Сезон охоты за шишками — 2026,2026-05-03,76,demo:087,12,44,10,False,False,770.1,2026,demo,76
demo-tournament:076,Сезон охоты за шишками — 2026,2026-05-03,76,demo:011,13,44,10,False,False,625.9,2026,demo,76
demo-tournament:076,Сезон охоты за шишками — 2026,2026-05-03,76,demo:057,14,44,10,False,False,607.9,2026,demo,76
demo-tournament:076,Сезон охоты за шишками — 2026,2026-05-03,76,demo:049,15,44,10,False,False,603.9,2026,demo,76
demo-tournament:076,Сезон охоты за шишками — 2026,2026-05-03,76,demo:021,16,44,10,False,False,456.3,2026,demo,76
demo-tournament:076,Сезон охоты за шишками — 2026,2026-05-03,76,demo:002,17,44,10,False,False,384.6,2026,demo,76
demo-tournament:076,Сезон охоты за шишками — 2026,2026-05-03,76,demo:044,18,44,10,False,False,94.2,2026,demo,76
demo-tournament:076,Сезон охоты за шишками — 2026,2026-05-03,76,demo:064,19,44,10,False,False,78.4,2026,demo,76
demo-tournament:076,Сезон охоты за шишками — 2026,2026-05-03,76,demo:020,20,44,10,False,False,-56.1,2026,demo,76
demo-tournament:076,Сезон охоты за шишками — 2026,2026-05-03,76,demo:001,21,44,10,False,False,-67.7,2026,demo,76
demo-tournament:076,Сезон охоты за шишками — 2026,2026-05-03,76,demo:034,22,44,10,False,False,-176.0,2026,demo,76
demo-tournament:076,Сезон охоты за шишками — 2026,2026-05-03,76,demo:032,23,44,10,False,False,-249.6,2026,demo,76
demo-tournament:076,Сезон охоты за шишками — 2026,2026-05-03,76,demo:006,24,44,10,False,False,-281.2,2026,demo,76
demo-tournament:076,Сезон охоты за шишками — 2026,2026-05-03,76,demo:019,25,44,10,False,False,-333.2,2026,demo,76
demo-tournament:076,Сезон охоты за шишками — 2026,2026-05-03,76,demo:045,26,44,10,False,False,-370.6,2026,demo,76
demo-tournament:076,Сезон охоты за шишками — 2026,2026-05-03,76,demo:047,27,44,10,False,False,-540.9,2026,demo,76
demo-tournament:076,Сезон охоты за шишками — 2026,2026-05-03,76,demo:068,28,44,10,False,False,-559.4,2026,demo,76
demo-tournament:076,Сезон охоты за шишками — 2026,2026-05-03,76,demo:059,29,44,10,False,False,-616.8,2026,demo,76
demo-tournament:076,Сезон охоты за шишками — 2026,2026-05-03,76,demo:008,30,44,10,False,False,-670.1,2026,demo,76
demo-tournament:076,Сезон охоты за шишками — 2026,2026-05-03,76,demo:009,31,44,10,False,False,-707.4,2026,demo,76
demo-tournament:076,Сезон охоты за шишками — 2026,2026-05-03,76,demo:042,32,44,10,False,False,-722.2,2026,demo,76
demo-tournament:076,Сезон охоты за шишками — 2026,2026-05-03,76,demo:017,33,44,10,False,False,-906.1,2026,demo,76
demo-tournament:076,Сезон охоты за шишками — 2026,2026-05-03,76,demo:090,34,44,10,False,False,-1022.4,2026,demo,76
demo-tournament:076,Сезон охоты за шишками — 2026,2026-05-03,76,demo:048,35,44,10,False,False,-1091.5,2026,demo,76
demo-tournament:076,Сезон охоты за шишками — 2026,2026-05-03,76,demo:003,36,44,10,False,False,-1130.2,2026,demo,76
demo-tournament:076,Сезон охоты за шишками — 2026,2026-05-03,76,demo:086,37,44,10,False,False,-1190.8,2026,demo,76
demo-tournament:076,Сезон охоты за шишками — 2026,2026-05-03,76,demo:060,38,44,10,False,False,-1276.3,2026,demo,76
demo-tournament:076,Сезон охоты за шишками — 2026,2026-05-03,76,demo:026,39,44,10,False,False,-1312.1,2026,demo,76
demo-tournament:076,Сезон охоты за шишками — 2026,2026-05-03,76,demo:038,40,44,10,False,False,-1514.2,2026,demo,76
demo-tournament:076,Сезон охоты за шишками — 2026,2026-05-03,76,demo:025,41,44,10,False,False,-2007.5,2026,demo,76
demo-tournament:076,Сезон охоты за шишками — 2026,2026-05-03,76,demo:040,42,44,10,False,False,-2374.0,2026,demo,76
demo-tournament:076,Сезон охоты за шишками — 2026,2026-05-03,76,demo:046,43,44,10,False,False,-2384.7,2026,demo,76
demo-tournament:076,Сезон охоты за шишками — 2026,2026-05-03,76,demo:023,44,44,10,False,False,-3010.0,2026,demo,76
demo-tournament:077,Великий перелёт — 2026,2026-05-17,77,demo:014,1,28,9,False,False,1667.5,2026,demo,77
demo-tournament:077,Великий перелёт — 2026,2026-05-17,77,demo:020,2,28,9,False,False,1305.1,2026,demo,77
demo-tournament:077,Великий перелёт — 2026,2026-05-17,77,demo:009,3,28,9,False,False,1285.9,2026,demo,77
demo-tournament:077,Великий перелёт — 2026,2026-05-17,77,demo:002,4,28,9,False,False,1215.2,2026,demo,77
demo-tournament:077,Великий перелёт — 2026,2026-05-17,77,demo:057,5,28,9,False,False,914.9,2026,demo,77
demo-tournament:077,Великий перелёт — 2026,2026-05-17,77,demo:089,6,28,9,False,False,890.6,2026,demo,77
demo-tournament:077,Великий перелёт — 2026,2026-05-17,77,demo:021,7,28,9,False,False,874.0,2026,demo,77
demo-tournament:077,Великий перелёт — 2026,2026-05-17,77,demo:044,8,28,9,False,False,603.3,2026,demo,77
demo-tournament:077,Великий перелёт — 2026,2026-05-17,77,demo:022,9,28,9,False,False,597.6,2026,demo,77
demo-tournament:077,Великий перелёт — 2026,2026-05-17,77,demo:069,10,28,9,False,False,579.7,2026,demo,77
demo-tournament:077,Великий перелёт — 2026,2026-05-17,77,demo:011,11,28,9,False,False,409.1,2026,demo,77
demo-tournament:077,Великий перелёт — 2026,2026-05-17,77,demo:049,12,28,9,False,False,149.5,2026,demo,77
demo-tournament:077,Великий перелёт — 2026,2026-05-17,77,demo:047,13,28,9,False,False,95.9,2026,demo,77
demo-tournament:077,Великий перелёт — 2026,2026-05-17,77,demo:008,14,28,9,False,False,-3.5,2026,demo,77
demo-tournament:077,Великий перелёт — 2026,2026-05-17,77,demo:006,15,28,9,False,False,-38.3,2026,demo,77
demo-tournament:077,Великий перелёт — 2026,2026-05-17,77,demo:113,16,28,9,False,False,-86.8,2026,demo,77
demo-tournament:077,Великий перелёт — 2026,2026-05-17,77,demo:041,17,28,9,False,False,-243.1,2026,demo,77
demo-tournament:077,Великий перелёт — 2026,2026-05-17,77,demo:078,18,28,9,False,False,-259.5,2026,demo,77
demo-tournament:077,Великий перелёт — 2026,2026-05-17,77,demo:068,19,28,9,False,False,-700.9,2026,demo,77
demo-tournament:077,Великий перелёт — 2026,2026-05-17,77,demo:003,20,28,9,False,False,-814.3,2026,demo,77
demo-tournament:077,Великий перелёт — 2026,2026-05-17,77,demo:085,21,28,9,False,False,-1248.5,2026,demo,77
demo-tournament:077,Великий перелёт — 2026,2026-05-17,77,demo:114,22,28,9,False,False,-1408.9,2026,demo,77
demo-tournament:077,Великий перелёт — 2026,2026-05-17,77,demo:059,23,28,9,False,False,-1599.2,2026,demo,77
demo-tournament:077,Великий перелёт — 2026,2026-05-17,77,demo:038,24,28,9,False,False,-1850.1,2026,demo,77
demo-tournament:077,Великий перелёт — 2026,2026-05-17,77,demo:023,25,28,9,False,False,-1952.7,2026,demo,77
demo-tournament:077,Великий перелёт — 2026,2026-05-17,77,demo:048,26,28,9,False,False,-2074.8,2026,demo,77
demo-tournament:077,Великий перелёт — 2026,2026-05-17,77,demo:083,27,28,9,False,False,-2412.2,2026,demo,77
demo-tournament:077,Великий перелёт — 2026,2026-05-17,77,demo:061,28,28,9,False,False,-3495.1,2026,demo,77
demo-tournament:078,Tekken-22,2026-06-14,78,demo:014,1,88,14,False,False,2063.2,tekken-22,demo,78
demo-tournament:078,Tekken-22,2026-06-14,78,demo:028,2,88,14,False,False,1981.1,tekken-22,demo,78
demo-tournament:078,Tekken-22,2026-06-14,78,demo:078,3,88,14,False,False,1875.1,tekken-22,demo,78
demo-tournament:078,Tekken-22,2026-06-14,78,demo:088,4,88,14,False,False,1813.8,tekken-22,demo,78
demo-tournament:078,Tekken-22,2026-06-14,78,demo:087,5,88,14,False,False,1745.1,tekken-22,demo,78
demo-tournament:078,Tekken-22,2026-06-14,78,demo:002,6,88,14,False,False,1726.0,tekken-22,demo,78
demo-tournament:078,Tekken-22,2026-06-14,78,demo:011,7,88,14,False,False,1723.2,tekken-22,demo,78
demo-tournament:078,Tekken-22,2026-06-14,78,demo:057,8,88,14,False,False,1699.4,tekken-22,demo,78
demo-tournament:078,Tekken-22,2026-06-14,78,demo:017,9,88,14,False,False,1629.1,tekken-22,demo,78
demo-tournament:078,Tekken-22,2026-06-14,78,demo:071,10,88,14,False,False,1508.4,tekken-22,demo,78
demo-tournament:078,Tekken-22,2026-06-14,78,demo:045,11,88,14,False,False,1450.6,tekken-22,demo,78
demo-tournament:078,Tekken-22,2026-06-14,78,demo:018,12,88,14,False,False,1297.7,tekken-22,demo,78
demo-tournament:078,Tekken-22,2026-06-14,78,demo:080,13,88,14,False,False,1258.2,tekken-22,demo,78
demo-tournament:078,Tekken-22,2026-06-14,78,demo:050,14,88,14,False,False,1120.5,tekken-22,demo,78
demo-tournament:078,Tekken-22,2026-06-14,78,demo:044,15,88,14,False,False,1014.5,tekken-22,demo,78
demo-tournament:078,Tekken-22,2026-06-14,78,demo:073,16,88,14,False,False,990.1,tekken-22,demo,78
demo-tournament:078,Tekken-22,2026-06-14,78,demo:016,17,88,14,False,False,918.8,tekken-22,demo,78
demo-tournament:078,Tekken-22,2026-06-14,78,demo:056,18,88,14,False,True,837.4,tekken-22,demo,78
demo-tournament:078,Tekken-22,2026-06-14,78,demo:079,19,88,14,False,False,802.7,tekken-22,demo,78
demo-tournament:078,Tekken-22,2026-06-14,78,demo:086,20,88,14,False,False,715.0,tekken-22,demo,78
demo-tournament:078,Tekken-22,2026-06-14,78,demo:015,21,88,14,False,False,701.3,tekken-22,demo,78
demo-tournament:078,Tekken-22,2026-06-14,78,demo:020,22,88,14,False,False,673.9,tekken-22,demo,78
demo-tournament:078,Tekken-22,2026-06-14,78,demo:084,23,88,14,False,False,458.2,tekken-22,demo,78
demo-tournament:078,Tekken-22,2026-06-14,78,demo:051,24,88,14,False,False,412.9,tekken-22,demo,78
demo-tournament:078,Tekken-22,2026-06-14,78,demo:055,25,88,14,False,False,360.5,tekken-22,demo,78
demo-tournament:078,Tekken-22,2026-06-14,78,demo:072,26,88,14,False,False,330.0,tekken-22,demo,78
demo-tournament:078,Tekken-22,2026-06-14,78,demo:114,27,88,14,False,False,327.1,tekken-22,demo,78
demo-tournament:078,Tekken-22,2026-06-14,78,demo:006,28,88,14,False,False,258.8,tekken-22,demo,78
demo-tournament:078,Tekken-22,2026-06-14,78,demo:007,29,88,14,False,False,247.2,tekken-22,demo,78
demo-tournament:078,Tekken-22,2026-06-14,78,demo:009,30,88,14,False,False,247.1,tekken-22,demo,78
demo-tournament:078,Tekken-22,2026-06-14,78,demo:064,31,88,14,False,False,225.9,tekken-22,demo,78
demo-tournament:078,Tekken-22,2026-06-14,78,demo:076,32,88,14,False,False,152.2,tekken-22,demo,78
demo-tournament:078,Tekken-22,2026-06-14,78,demo:042,33,88,14,False,False,150.5,tekken-22,demo,78
demo-tournament:078,Tekken-22,2026-06-14,78,demo:029,34,88,14,False,False,144.8,tekken-22,demo,78
demo-tournament:078,Tekken-22,2026-06-14,78,demo:025,35,88,14,False,False,91.9,tekken-22,demo,78
demo-tournament:078,Tekken-22,2026-06-14,78,demo:089,36,88,14,False,False,38.9,tekken-22,demo,78
demo-tournament:078,Tekken-22,2026-06-14,78,demo:019,37,88,14,False,False,28.9,tekken-22,demo,78
demo-tournament:078,Tekken-22,2026-06-14,78,demo:013,38,88,14,False,False,-26.1,tekken-22,demo,78
demo-tournament:078,Tekken-22,2026-06-14,78,demo:058,39,88,14,False,False,-56.4,tekken-22,demo,78
demo-tournament:078,Tekken-22,2026-06-14,78,demo:081,40,88,14,False,False,-63.9,tekken-22,demo,78
demo-tournament:078,Tekken-22,2026-06-14,78,demo:022,41,88,14,False,False,-105.9,tekken-22,demo,78
demo-tournament:078,Tekken-22,2026-06-14,78,demo:034,42,88,14,False,False,-108.0,tekken-22,demo,78
demo-tournament:078,Tekken-22,2026-06-14,78,demo:010,43,88,14,False,False,-184.3,tekken-22,demo,78
demo-tournament:078,Tekken-22,2026-06-14,78,demo:070,44,88,14,False,False,-184.4,tekken-22,demo,78
demo-tournament:078,Tekken-22,2026-06-14,78,demo:054,45,88,14,False,False,-190.7,tekken-22,demo,78
demo-tournament:078,Tekken-22,2026-06-14,78,demo:004,46,88,14,False,False,-191.9,tekken-22,demo,78
demo-tournament:078,Tekken-22,2026-06-14,78,demo:053,47,88,14,False,False,-287.1,tekken-22,demo,78
demo-tournament:078,Tekken-22,2026-06-14,78,demo:026,48,88,14,False,False,-311.1,tekken-22,demo,78
demo-tournament:078,Tekken-22,2026-06-14,78,demo:052,49,88,14,False,False,-313.0,tekken-22,demo,78
demo-tournament:078,Tekken-22,2026-06-14,78,demo:033,50,88,14,False,False,-316.6,tekken-22,demo,78
demo-tournament:078,Tekken-22,2026-06-14,78,demo:012,51,88,14,False,False,-356.3,tekken-22,demo,78
demo-tournament:078,Tekken-22,2026-06-14,78,demo:024,52,88,14,False,False,-414.4,tekken-22,demo,78
demo-tournament:078,Tekken-22,2026-06-14,78,demo:060,53,88,14,False,False,-471.7,tekken-22,demo,78
demo-tournament:078,Tekken-22,2026-06-14,78,demo:065,54,88,14,False,False,-485.4,tekken-22,demo,78
demo-tournament:078,Tekken-22,2026-06-14,78,demo:049,55,88,14,False,False,-487.3,tekken-22,demo,78
demo-tournament:078,Tekken-22,2026-06-14,78,demo:075,56,88,14,False,False,-590.9,tekken-22,demo,78
demo-tournament:078,Tekken-22,2026-06-14,78,demo:067,57,88,14,False,True,-614.7,tekken-22,demo,78
demo-tournament:078,Tekken-22,2026-06-14,78,demo:063,58,88,14,False,False,-618.5,tekken-22,demo,78
demo-tournament:078,Tekken-22,2026-06-14,78,demo:027,59,88,14,False,False,-633.5,tekken-22,demo,78
demo-tournament:078,Tekken-22,2026-06-14,78,demo:001,60,88,14,False,False,-677.3,tekken-22,demo,78
demo-tournament:078,Tekken-22,2026-06-14,78,demo:036,61,88,14,False,False,-766.1,tekken-22,demo,78
demo-tournament:078,Tekken-22,2026-06-14,78,demo:059,62,88,14,False,False,-774.5,tekken-22,demo,78
demo-tournament:078,Tekken-22,2026-06-14,78,demo:041,63,88,14,False,False,-823.9,tekken-22,demo,78
demo-tournament:078,Tekken-22,2026-06-14,78,demo:003,64,88,14,False,False,-899.2,tekken-22,demo,78
demo-tournament:078,Tekken-22,2026-06-14,78,demo:037,65,88,14,False,False,-959.1,tekken-22,demo,78
demo-tournament:078,Tekken-22,2026-06-14,78,demo:030,66,88,14,False,False,-966.2,tekken-22,demo,78
demo-tournament:078,Tekken-22,2026-06-14,78,demo:085,67,88,14,False,False,-970.1,tekken-22,demo,78
demo-tournament:078,Tekken-22,2026-06-14,78,demo:039,68,88,14,False,False,-993.5,tekken-22,demo,78
demo-tournament:078,Tekken-22,2026-06-14,78,demo:035,69,88,14,False,False,-1073.4,tekken-22,demo,78
demo-tournament:078,Tekken-22,2026-06-14,78,demo:005,70,88,14,False,False,-1095.4,tekken-22,demo,78
demo-tournament:078,Tekken-22,2026-06-14,78,demo:008,71,88,14,False,False,-1169.0,tekken-22,demo,78
demo-tournament:078,Tekken-22,2026-06-14,78,demo:077,72,88,14,False,False,-1214.7,tekken-22,demo,78
demo-tournament:078,Tekken-22,2026-06-14,78,demo:031,73,88,14,False,False,-1219.5,tekken-22,demo,78
demo-tournament:078,Tekken-22,2026-06-14,78,demo:040,74,88,14,False,False,-1321.8,tekken-22,demo,78
demo-tournament:078,Tekken-22,2026-06-14,78,demo:043,75,88,14,False,False,-1546.5,tekken-22,demo,78
demo-tournament:078,Tekken-22,2026-06-14,78,demo:115,76,88,14,False,False,-1595.0,tekken-22,demo,78
demo-tournament:078,Tekken-22,2026-06-14,78,demo:032,77,88,14,False,False,-1628.0,tekken-22,demo,78
demo-tournament:078,Tekken-22,2026-06-14,78,demo:047,78,88,14,False,False,-1659.8,tekken-22,demo,78
demo-tournament:078,Tekken-22,2026-06-14,78,demo:090,79,88,14,False,False,-1666.1,tekken-22,demo,78
demo-tournament:078,Tekken-22,2026-06-14,78,demo:021,80,88,14,False,False,-1685.4,tekken-22,demo,78
demo-tournament:078,Tekken-22,2026-06-14,78,demo:048,81,88,14,False,False,-1754.9,tekken-22,demo,78
demo-tournament:078,Tekken-22,2026-06-14,78,demo:069,82,88,14,False,False,-1774.6,tekken-22,demo,78
demo-tournament:078,Tekken-22,2026-06-14,78,demo:062,83,88,14,False,False,-2136.6,tekken-22,demo,78
demo-tournament:078,Tekken-22,2026-06-14,78,demo:074,84,88,14,False,False,-2552.9,tekken-22,demo,78
demo-tournament:078,Tekken-22,2026-06-14,78,demo:046,85,88,14,False,False,-2668.3,tekken-22,demo,78
demo-tournament:078,Tekken-22,2026-06-14,78,demo:023,86,88,14,False,False,-2717.0,tekken-22,demo,78
demo-tournament:078,Tekken-22,2026-06-14,78,demo:061,87,88,14,False,False,-2861.9,tekken-22,demo,78
demo-tournament:078,Tekken-22,2026-06-14,78,demo:038,88,88,14,False,False,-2978.9,tekken-22,demo,78
demo-tournament:079,Речной переполох — 2026,2026-07-12,79,demo:087,1,32,8,False,False,2923.5,2026,demo,79
demo-tournament:079,Речной переполох — 2026,2026-07-12,79,demo:072,2,32,8,False,False,2014.6,2026,demo,79
demo-tournament:079,Речной переполох — 2026,2026-07-12,79,demo:014,3,32,8,False,False,2001.9,2026,demo,79
demo-tournament:079,Речной переполох — 2026,2026-07-12,79,demo:022,4,32,8,False,False,1445.5,2026,demo,79
demo-tournament:079,Речной переполох — 2026,2026-07-12,79,demo:110,5,32,8,False,False,1292.2,2026,demo,79
demo-tournament:079,Речной переполох — 2026,2026-07-12,79,demo:041,6,32,8,False,False,1224.8,2026,demo,79
demo-tournament:079,Речной переполох — 2026,2026-07-12,79,demo:009,7,32,8,False,False,1206.7,2026,demo,79
demo-tournament:079,Речной переполох — 2026,2026-07-12,79,demo:049,8,32,8,False,False,630.6,2026,demo,79
demo-tournament:079,Речной переполох — 2026,2026-07-12,79,demo:021,9,32,8,False,False,378.3,2026,demo,79
demo-tournament:079,Речной переполох — 2026,2026-07-12,79,demo:057,10,32,8,False,False,344.1,2026,demo,79
demo-tournament:079,Речной переполох — 2026,2026-07-12,79,demo:011,11,32,8,False,False,257.1,2026,demo,79
demo-tournament:079,Речной переполох — 2026,2026-07-12,79,demo:020,12,32,8,False,False,237.6,2026,demo,79
demo-tournament:079,Речной переполох — 2026,2026-07-12,79,demo:006,13,32,8,False,False,171.7,2026,demo,79
demo-tournament:079,Речной переполох — 2026,2026-07-12,79,demo:045,14,32,8,False,False,117.4,2026,demo,79
demo-tournament:079,Речной переполох — 2026,2026-07-12,79,demo:078,15,32,8,False,False,56.7,2026,demo,79
demo-tournament:079,Речной переполох — 2026,2026-07-12,79,demo:026,16,32,8,False,False,-74.0,2026,demo,79
demo-tournament:079,Речной переполох — 2026,2026-07-12,79,demo:120,17,32,8,False,False,-194.7,2026,demo,79
demo-tournament:079,Речной переполох — 2026,2026-07-12,79,demo:034,18,32,8,False,False,-228.4,2026,demo,79
demo-tournament:079,Речной переполох — 2026,2026-07-12,79,demo:019,19,32,8,False,False,-326.3,2026,demo,79
demo-tournament:079,Речной переполох — 2026,2026-07-12,79,demo:059,20,32,8,False,False,-597.0,2026,demo,79
demo-tournament:079,Речной переполох — 2026,2026-07-12,79,demo:086,21,32,8,False,False,-803.3,2026,demo,79
demo-tournament:079,Речной переполох — 2026,2026-07-12,79,demo:053,22,32,8,False,False,-805.5,2026,demo,79
demo-tournament:079,Речной переполох — 2026,2026-07-12,79,demo:043,23,32,8,False,False,-824.4,2026,demo,79
demo-tournament:079,Речной переполох — 2026,2026-07-12,79,demo:067,24,32,8,False,False,-875.3,2026,demo,79
demo-tournament:079,Речной переполох — 2026,2026-07-12,79,demo:076,25,32,8,False,False,-903.0,2026,demo,79
demo-tournament:079,Речной переполох — 2026,2026-07-12,79,demo:023,26,32,8,False,False,-919.7,2026,demo,79
demo-tournament:079,Речной переполох — 2026,2026-07-12,79,demo:090,27,32,8,False,False,-1018.7,2026,demo,79
demo-tournament:079,Речной переполох — 2026,2026-07-12,79,demo:038,28,32,8,False,False,-1199.5,2026,demo,79
demo-tournament:079,Речной переполох — 2026,2026-07-12,79,demo:028,29,32,8,False,False,-1370.2,2026,demo,79
demo-tournament:079,Речной переполох — 2026,2026-07-12,79,demo:008,30,32,8,False,False,-1422.7,2026,demo,79
demo-tournament:079,Речной переполох — 2026,2026-07-12,79,demo:048,31,32,8,False,False,-1534.5,2026,demo,79
demo-tournament:079,Речной переполох — 2026,2026-07-12,79,demo:047,32,32,8,False,False,-1686.9,2026,demo,79
demo-tournament:080,Собрание у старого дуба — 2026,2026-07-25,80,demo:002,1,32,5,False,False,1922.9,2026,demo,80
demo-tournament:080,Собрание у старого дуба — 2026,2026-07-25,80,demo:066,2,32,5,False,False,1842.9,2026,demo,80
demo-tournament:080,Собрание у старого дуба — 2026,2026-07-25,80,demo:088,3,32,5,False,False,1621.7,2026,demo,80
demo-tournament:080,Собрание у старого дуба — 2026,2026-07-25,80,demo:069,4,32,5,False,False,1586.1,2026,demo,80
demo-tournament:080,Собрание у старого дуба — 2026,2026-07-25,80,demo:016,5,32,5,False,False,1526.3,2026,demo,80
demo-tournament:080,Собрание у старого дуба — 2026,2026-07-25,80,demo:017,6,32,5,False,False,1207.4,2026,demo,80
demo-tournament:080,Собрание у старого дуба — 2026,2026-07-25,80,demo:078,7,32,5,False,False,1175.1,2026,demo,80
demo-tournament:080,Собрание у старого дуба — 2026,2026-07-25,80,demo:020,8,32,5,False,False,1119.6,2026,demo,80
demo-tournament:080,Собрание у старого дуба — 2026,2026-07-25,80,demo:014,9,32,5,False,False,1057.3,2026,demo,80
demo-tournament:080,Собрание у старого дуба — 2026,2026-07-25,80,demo:079,10,32,5,False,False,1007.7,2026,demo,80
demo-tournament:080,Собрание у старого дуба — 2026,2026-07-25,80,demo:034,11,32,5,False,False,956.0,2026,demo,80
demo-tournament:080,Собрание у старого дуба — 2026,2026-07-25,80,demo:041,12,32,5,False,False,583.5,2026,demo,80
demo-tournament:080,Собрание у старого дуба — 2026,2026-07-25,80,demo:120,13,32,5,False,False,389.4,2026,demo,80
demo-tournament:080,Собрание у старого дуба — 2026,2026-07-25,80,demo:026,14,32,5,False,False,278.5,2026,demo,80
demo-tournament:080,Собрание у старого дуба — 2026,2026-07-25,80,demo:021,15,32,5,False,False,275.1,2026,demo,80
demo-tournament:080,Собрание у старого дуба — 2026,2026-07-25,80,demo:028,16,32,5,False,False,114.6,2026,demo,80
demo-tournament:080,Собрание у старого дуба — 2026,2026-07-25,80,demo:025,17,32,5,False,False,-296.6,2026,demo,80
demo-tournament:080,Собрание у старого дуба — 2026,2026-07-25,80,demo:022,18,32,5,False,False,-419.1,2026,demo,80
demo-tournament:080,Собрание у старого дуба — 2026,2026-07-25,80,demo:060,19,32,5,False,False,-499.4,2026,demo,80
demo-tournament:080,Собрание у старого дуба — 2026,2026-07-25,80,demo:086,20,32,5,False,False,-584.3,2026,demo,80
demo-tournament:080,Собрание у старого дуба — 2026,2026-07-25,80,demo:085,21,32,5,False,False,-655.4,2026,demo,80
demo-tournament:080,Собрание у старого дуба — 2026,2026-07-25,80,demo:057,22,32,5,False,False,-761.0,2026,demo,80
demo-tournament:080,Собрание у старого дуба — 2026,2026-07-25,80,demo:008,23,32,5,False,False,-872.7,2026,demo,80
demo-tournament:080,Собрание у старого дуба — 2026,2026-07-25,80,demo:047,24,32,5,False,False,-892.1,2026,demo,80
demo-tournament:080,Собрание у старого дуба — 2026,2026-07-25,80,demo:009,25,32,5,False,False,-1066.8,2026,demo,80
demo-tournament:080,Собрание у старого дуба — 2026,2026-07-25,80,demo:077,26,32,5,False,False,-1069.0,2026,demo,80
demo-tournament:080,Собрание у старого дуба — 2026,2026-07-25,80,demo:048,27,32,5,False,False,-1100.7,2026,demo,80
demo-tournament:080,Собрание у старого дуба — 2026,2026-07-25,80,demo:003,28,32,5,False,False,-1169.3,2026,demo,80
demo-tournament:080,Собрание у старого дуба — 2026,2026-07-25,80,demo:059,29,32,5,False,False,-1667.8,2026,demo,80
demo-tournament:080,Собрание у старого дуба — 2026,2026-07-25,80,demo:038,30,32,5,False,False,-1806.7,2026,demo,80
demo-tournament:080,Собрание у старого дуба — 2026,2026-07-25,80,demo:113,31,32,5,False,False,-1876.9,2026,demo,80
demo-tournament:080,Собрание у старого дуба — 2026,2026-07-25,80,demo:023,32,32,5,False,False,-2393.7,2026,demo,80
demo-tournament:081,Кубок ночной совы — 2026,2026-08-02,81,demo:020,1,28,9,False,False,2353.6,2026,demo,81
demo-tournament:081,Кубок ночной совы — 2026,2026-08-02,81,demo:014,2,28,9,False,False,1932.7,2026,demo,81
demo-tournament:081,Кубок ночной совы — 2026,2026-08-02,81,demo:087,3,28,9,False,False,1744.6,2026,demo,81
demo-tournament:081,Кубок ночной совы — 2026,2026-08-02,81,demo:002,4,28,9,False,False,1682.5,2026,demo,81
demo-tournament:081,Кубок ночной совы — 2026,2026-08-02,81,demo:022,5,28,9,False,False,1158.7,2026,demo,81
demo-tournament:081,Кубок ночной совы — 2026,2026-08-02,81,demo:060,6,28,9,False,False,950.4,2026,demo,81
demo-tournament:081,Кубок ночной совы — 2026,2026-08-02,81,demo:043,7,28,9,False,False,939.2,2026,demo,81
demo-tournament:081,Кубок ночной совы — 2026,2026-08-02,81,demo:006,8,28,9,False,False,884.0,2026,demo,81
demo-tournament:081,Кубок ночной совы — 2026,2026-08-02,81,demo:016,9,28,9,False,False,655.4,2026,demo,81
demo-tournament:081,Кубок ночной совы — 2026,2026-08-02,81,demo:008,10,28,9,False,False,642.3,2026,demo,81
demo-tournament:081,Кубок ночной совы — 2026,2026-08-02,81,demo:044,11,28,9,False,False,550.2,2026,demo,81
demo-tournament:081,Кубок ночной совы — 2026,2026-08-02,81,demo:028,12,28,9,False,False,425.2,2026,demo,81
demo-tournament:081,Кубок ночной совы — 2026,2026-08-02,81,demo:025,13,28,9,False,False,387.1,2026,demo,81
demo-tournament:081,Кубок ночной совы — 2026,2026-08-02,81,demo:081,14,28,9,False,False,110.2,2026,demo,81
demo-tournament:081,Кубок ночной совы — 2026,2026-08-02,81,demo:009,15,28,9,False,False,-2.4,2026,demo,81
demo-tournament:081,Кубок ночной совы — 2026,2026-08-02,81,demo:045,16,28,9,False,False,-48.9,2026,demo,81
demo-tournament:081,Кубок ночной совы — 2026,2026-08-02,81,demo:070,17,28,9,False,False,-322.8,2026,demo,81
demo-tournament:081,Кубок ночной совы — 2026,2026-08-02,81,demo:078,18,28,9,False,False,-393.5,2026,demo,81
demo-tournament:081,Кубок ночной совы — 2026,2026-08-02,81,demo:049,19,28,9,False,False,-477.0,2026,demo,81
demo-tournament:081,Кубок ночной совы — 2026,2026-08-02,81,demo:034,20,28,9,False,False,-553.3,2026,demo,81
demo-tournament:081,Кубок ночной совы — 2026,2026-08-02,81,demo:048,21,28,9,False,False,-664.4,2026,demo,81
demo-tournament:081,Кубок ночной совы — 2026,2026-08-02,81,demo:003,22,28,9,False,False,-731.8,2026,demo,81
demo-tournament:081,Кубок ночной совы — 2026,2026-08-02,81,demo:029,23,28,9,False,False,-889.8,2026,demo,81
demo-tournament:081,Кубок ночной совы — 2026,2026-08-02,81,demo:089,24,28,9,False,False,-1234.1,2026,demo,81
demo-tournament:081,Кубок ночной совы — 2026,2026-08-02,81,demo:047,25,28,9,False,False,-1379.0,2026,demo,81
demo-tournament:081,Кубок ночной совы — 2026,2026-08-02,81,demo:074,26,28,9,False,False,-1525.7,2026,demo,81
demo-tournament:081,Кубок ночной совы — 2026,2026-08-02,81,demo:023,27,28,9,False,False,-1918.4,2026,demo,81
demo-tournament:081,Кубок ночной совы — 2026,2026-08-02,81,demo:061,28,28,9,False,False,-2839.9,2026,demo,81
demo-tournament:082,Tekken-23,2026-08-16,82,demo:013,1,60,10,False,False,2571.6,tekken-23,demo,82
demo-tournament:082,Tekken-23,2026-08-16,82,demo:044,2,60,10,False,False,1973.2,tekken-23,demo,82
demo-tournament:082,Tekken-23,2026-08-16,82,demo:042,3,60,10,False,False,1682.6,tekken-23,demo,82
demo-tournament:082,Tekken-23,2026-08-16,82,demo:014,4,60,10,False,False,1642.8,tekken-23,demo,82
demo-tournament:082,Tekken-23,2026-08-16,82,demo:050,5,60,10,False,False,1623.9,tekken-23,demo,82
demo-tournament:082,Tekken-23,2026-08-16,82,demo:041,6,60,10,False,False,1495.0,tekken-23,demo,82
demo-tournament:082,Tekken-23,2026-08-16,82,demo:026,7,60,10,False,False,1189.7,tekken-23,demo,82
demo-tournament:082,Tekken-23,2026-08-16,82,demo:002,8,60,10,False,False,1161.6,tekken-23,demo,82
demo-tournament:082,Tekken-23,2026-08-16,82,demo:055,9,60,10,False,True,1113.6,tekken-23,demo,82
demo-tournament:082,Tekken-23,2026-08-16,82,demo:015,10,60,10,False,False,1061.8,tekken-23,demo,82
demo-tournament:082,Tekken-23,2026-08-16,82,demo:083,11,60,10,False,False,1057.6,tekken-23,demo,82
demo-tournament:082,Tekken-23,2026-08-16,82,demo:045,12,60,10,False,False,997.7,tekken-23,demo,82
demo-tournament:082,Tekken-23,2026-08-16,82,demo:018,13,60,10,False,False,979.9,tekken-23,demo,82
demo-tournament:082,Tekken-23,2026-08-16,82,demo:017,14,60,10,False,False,975.3,tekken-23,demo,82
demo-tournament:082,Tekken-23,2026-08-16,82,demo:089,15,60,10,False,False,969.6,tekken-23,demo,82
demo-tournament:082,Tekken-23,2026-08-16,82,demo:011,16,60,10,False,False,932.2,tekken-23,demo,82
demo-tournament:082,Tekken-23,2026-08-16,82,demo:022,17,60,10,False,False,922.2,tekken-23,demo,82
demo-tournament:082,Tekken-23,2026-08-16,82,demo:024,18,60,10,False,False,879.0,tekken-23,demo,82
demo-tournament:082,Tekken-23,2026-08-16,82,demo:004,19,60,10,False,False,728.2,tekken-23,demo,82
demo-tournament:082,Tekken-23,2026-08-16,82,demo:043,20,60,10,False,False,541.5,tekken-23,demo,82
demo-tournament:082,Tekken-23,2026-08-16,82,demo:012,21,60,10,False,False,353.7,tekken-23,demo,82
demo-tournament:082,Tekken-23,2026-08-16,82,demo:016,22,60,10,False,False,344.2,tekken-23,demo,82
demo-tournament:082,Tekken-23,2026-08-16,82,demo:059,23,60,10,False,False,313.6,tekken-23,demo,82
demo-tournament:082,Tekken-23,2026-08-16,82,demo:020,24,60,10,False,False,248.0,tekken-23,demo,82
demo-tournament:082,Tekken-23,2026-08-16,82,demo:067,25,60,10,False,False,176.8,tekken-23,demo,82
demo-tournament:082,Tekken-23,2026-08-16,82,demo:120,26,60,10,False,False,160.8,tekken-23,demo,82
demo-tournament:082,Tekken-23,2026-08-16,82,demo:031,27,60,10,False,False,138.6,tekken-23,demo,82
demo-tournament:082,Tekken-23,2026-08-16,82,demo:028,28,60,10,False,False,69.5,tekken-23,demo,82
demo-tournament:082,Tekken-23,2026-08-16,82,demo:063,29,60,10,False,False,64.9,tekken-23,demo,82
demo-tournament:082,Tekken-23,2026-08-16,82,demo:049,30,60,10,False,False,58.8,tekken-23,demo,82
demo-tournament:082,Tekken-23,2026-08-16,82,demo:019,31,60,10,False,False,49.0,tekken-23,demo,82
demo-tournament:082,Tekken-23,2026-08-16,82,demo:047,32,60,10,False,False,-23.7,tekken-23,demo,82
demo-tournament:082,Tekken-23,2026-08-16,82,demo:009,33,60,10,False,False,-256.1,tekken-23,demo,82
demo-tournament:082,Tekken-23,2026-08-16,82,demo:036,34,60,10,False,False,-333.5,tekken-23,demo,82
demo-tournament:082,Tekken-23,2026-08-16,82,demo:053,35,60,10,False,False,-392.0,tekken-23,demo,82
demo-tournament:082,Tekken-23,2026-08-16,82,demo:064,36,60,10,False,False,-463.0,tekken-23,demo,82
demo-tournament:082,Tekken-23,2026-08-16,82,demo:057,37,60,10,False,False,-465.4,tekken-23,demo,82
demo-tournament:082,Tekken-23,2026-08-16,82,demo:060,38,60,10,False,False,-615.8,tekken-23,demo,82
demo-tournament:082,Tekken-23,2026-08-16,82,demo:029,39,60,10,False,False,-631.6,tekken-23,demo,82
demo-tournament:082,Tekken-23,2026-08-16,82,demo:038,40,60,10,False,False,-683.3,tekken-23,demo,82
demo-tournament:082,Tekken-23,2026-08-16,82,demo:021,41,60,10,False,False,-684.5,tekken-23,demo,82
demo-tournament:082,Tekken-23,2026-08-16,82,demo:025,42,60,10,False,False,-712.6,tekken-23,demo,82
demo-tournament:082,Tekken-23,2026-08-16,82,demo:062,43,60,10,False,False,-720.2,tekken-23,demo,82
demo-tournament:082,Tekken-23,2026-08-16,82,demo:007,44,60,10,False,False,-764.7,tekken-23,demo,82
demo-tournament:082,Tekken-23,2026-08-16,82,demo:086,45,60,10,False,False,-833.8,tekken-23,demo,82
demo-tournament:082,Tekken-23,2026-08-16,82,demo:034,46,60,10,False,False,-855.9,tekken-23,demo,82
demo-tournament:082,Tekken-23,2026-08-16,82,demo:006,47,60,10,False,False,-915.8,tekken-23,demo,82
demo-tournament:082,Tekken-23,2026-08-16,82,demo:052,48,60,10,False,False,-920.8,tekken-23,demo,82
demo-tournament:082,Tekken-23,2026-08-16,82,demo:051,49,60,10,False,False,-993.7,tekken-23,demo,82
demo-tournament:082,Tekken-23,2026-08-16,82,demo:071,50,60,10,False,False,-1049.9,tekken-23,demo,82
demo-tournament:082,Tekken-23,2026-08-16,82,demo:054,51,60,10,False,False,-1067.8,tekken-23,demo,82
demo-tournament:082,Tekken-23,2026-08-16,82,demo:003,52,60,10,False,False,-1081.4,tekken-23,demo,82
demo-tournament:082,Tekken-23,2026-08-16,82,demo:030,53,60,10,False,False,-1158.0,tekken-23,demo,82
demo-tournament:082,Tekken-23,2026-08-16,82,demo:008,54,60,10,False,True,-1257.9,tekken-23,demo,82
demo-tournament:082,Tekken-23,2026-08-16,82,demo:005,55,60,10,False,False,-1348.1,tekken-23,demo,82
demo-tournament:082,Tekken-23,2026-08-16,82,demo:048,56,60,10,False,False,-1650.7,tekken-23,demo,82
demo-tournament:082,Tekken-23,2026-08-16,82,demo:023,57,60,10,False,False,-1888.2,tekken-23,demo,82
demo-tournament:082,Tekken-23,2026-08-16,82,demo:040,58,60,10,False,False,-2098.8,tekken-23,demo,82
demo-tournament:082,Tekken-23,2026-08-16,82,demo:046,59,60,10,False,False,-2176.1,tekken-23,demo,82
demo-tournament:082,Tekken-23,2026-08-16,82,demo:039,60,60,10,False,False,-2224.3,tekken-23,demo,82
demo-tournament:083,Tekken-24,2026-09-06,83,demo:119,1,72,9,True,False,2879.8,tekken-24,demo,83
demo-tournament:083,Tekken-24,2026-09-06,83,demo:015,2,72,9,True,False,2688.9,tekken-24,demo,83
demo-tournament:083,Tekken-24,2026-09-06,83,demo:009,3,72,9,True,False,2195.3,tekken-24,demo,83
demo-tournament:083,Tekken-24,2026-09-06,83,demo:079,4,72,9,True,False,1990.0,tekken-24,demo,83
demo-tournament:083,Tekken-24,2026-09-06,83,demo:002,5,72,9,True,False,1947.8,tekken-24,demo,83
demo-tournament:083,Tekken-24,2026-09-06,83,demo:069,6,72,9,True,False,1697.7,tekken-24,demo,83
demo-tournament:083,Tekken-24,2026-09-06,83,demo:014,7,72,9,True,False,1605.9,tekken-24,demo,83
demo-tournament:083,Tekken-24,2026-09-06,83,demo:027,8,72,9,True,False,1556.0,tekken-24,demo,83
demo-tournament:083,Tekken-24,2026-09-06,83,demo:018,9,72,9,True,False,1506.4,tekken-24,demo,83
demo-tournament:083,Tekken-24,2026-09-06,83,demo:022,10,72,9,True,False,1490.0,tekken-24,demo,83
demo-tournament:083,Tekken-24,2026-09-06,83,demo:055,11,72,9,True,False,1437.1,tekken-24,demo,83
demo-tournament:083,Tekken-24,2026-09-06,83,demo:053,12,72,9,True,False,1333.0,tekken-24,demo,83
demo-tournament:083,Tekken-24,2026-09-06,83,demo:006,13,72,9,True,False,1251.1,tekken-24,demo,83
demo-tournament:083,Tekken-24,2026-09-06,83,demo:016,14,72,9,True,False,1205.7,tekken-24,demo,83
demo-tournament:083,Tekken-24,2026-09-06,83,demo:043,15,72,9,True,False,1102.5,tekken-24,demo,83
demo-tournament:083,Tekken-24,2026-09-06,83,demo:029,16,72,9,True,False,1062.2,tekken-24,demo,83
demo-tournament:083,Tekken-24,2026-09-06,83,demo:050,17,72,9,True,False,893.3,tekken-24,demo,83
demo-tournament:083,Tekken-24,2026-09-06,83,demo:042,18,72,9,True,False,855.0,tekken-24,demo,83
demo-tournament:083,Tekken-24,2026-09-06,83,demo:028,19,72,9,True,False,781.7,tekken-24,demo,83
demo-tournament:083,Tekken-24,2026-09-06,83,demo:005,20,72,9,True,False,764.5,tekken-24,demo,83
demo-tournament:083,Tekken-24,2026-09-06,83,demo:001,21,72,9,True,False,730.2,tekken-24,demo,83
demo-tournament:083,Tekken-24,2026-09-06,83,demo:087,22,72,9,True,False,718.1,tekken-24,demo,83
demo-tournament:083,Tekken-24,2026-09-06,83,demo:058,23,72,9,True,False,693.0,tekken-24,demo,83
demo-tournament:083,Tekken-24,2026-09-06,83,demo:013,24,72,9,True,False,689.6,tekken-24,demo,83
demo-tournament:083,Tekken-24,2026-09-06,83,demo:049,25,72,9,True,False,656.1,tekken-24,demo,83
demo-tournament:083,Tekken-24,2026-09-06,83,demo:004,26,72,9,True,False,621.5,tekken-24,demo,83
demo-tournament:083,Tekken-24,2026-09-06,83,demo:056,27,72,9,True,False,614.3,tekken-24,demo,83
demo-tournament:083,Tekken-24,2026-09-06,83,demo:054,28,72,9,True,False,569.6,tekken-24,demo,83
demo-tournament:083,Tekken-24,2026-09-06,83,demo:019,29,72,9,True,False,485.9,tekken-24,demo,83
demo-tournament:083,Tekken-24,2026-09-06,83,demo:011,30,72,9,True,False,426.6,tekken-24,demo,83
demo-tournament:083,Tekken-24,2026-09-06,83,demo:045,31,72,9,True,False,419.9,tekken-24,demo,83
demo-tournament:083,Tekken-24,2026-09-06,83,demo:026,32,72,9,True,False,313.3,tekken-24,demo,83
demo-tournament:083,Tekken-24,2026-09-06,83,demo:074,33,72,9,True,False,173.9,tekken-24,demo,83
demo-tournament:083,Tekken-24,2026-09-06,83,demo:024,34,72,9,True,False,18.5,tekken-24,demo,83
demo-tournament:083,Tekken-24,2026-09-06,83,demo:033,35,72,9,True,False,8.0,tekken-24,demo,83
demo-tournament:083,Tekken-24,2026-09-06,83,demo:020,36,72,9,True,False,0.9,tekken-24,demo,83
demo-tournament:083,Tekken-24,2026-09-06,83,demo:065,37,72,9,True,False,-192.4,tekken-24,demo,83
demo-tournament:083,Tekken-24,2026-09-06,83,demo:044,38,72,9,True,False,-194.6,tekken-24,demo,83
demo-tournament:083,Tekken-24,2026-09-06,83,demo:007,39,72,9,True,False,-216.5,tekken-24,demo,83
demo-tournament:083,Tekken-24,2026-09-06,83,demo:025,40,72,9,True,False,-241.7,tekken-24,demo,83
demo-tournament:083,Tekken-24,2026-09-06,83,demo:040,41,72,9,True,False,-294.7,tekken-24,demo,83
demo-tournament:083,Tekken-24,2026-09-06,83,demo:051,42,72,9,True,False,-345.6,tekken-24,demo,83
demo-tournament:083,Tekken-24,2026-09-06,83,demo:076,43,72,9,True,False,-369.3,tekken-24,demo,83
demo-tournament:083,Tekken-24,2026-09-06,83,demo:047,44,72,9,True,False,-402.2,tekken-24,demo,83
demo-tournament:083,Tekken-24,2026-09-06,83,demo:031,45,72,9,True,False,-434.2,tekken-24,demo,83
demo-tournament:083,Tekken-24,2026-09-06,83,demo:003,46,72,9,True,False,-477.2,tekken-24,demo,83
demo-tournament:083,Tekken-24,2026-09-06,83,demo:037,47,72,9,True,False,-483.3,tekken-24,demo,83
demo-tournament:083,Tekken-24,2026-09-06,83,demo:036,48,72,9,True,False,-506.3,tekken-24,demo,83
demo-tournament:083,Tekken-24,2026-09-06,83,demo:057,49,72,9,True,False,-589.3,tekken-24,demo,83
demo-tournament:083,Tekken-24,2026-09-06,83,demo:081,50,72,9,True,False,-599.8,tekken-24,demo,83
demo-tournament:083,Tekken-24,2026-09-06,83,demo:034,51,72,9,True,False,-663.6,tekken-24,demo,83
demo-tournament:083,Tekken-24,2026-09-06,83,demo:067,52,72,9,True,False,-680.7,tekken-24,demo,83
demo-tournament:083,Tekken-24,2026-09-06,83,demo:012,53,72,9,True,False,-691.2,tekken-24,demo,83
demo-tournament:083,Tekken-24,2026-09-06,83,demo:041,54,72,9,True,False,-765.8,tekken-24,demo,83
demo-tournament:083,Tekken-24,2026-09-06,83,demo:048,55,72,9,True,False,-843.2,tekken-24,demo,83
demo-tournament:083,Tekken-24,2026-09-06,83,demo:059,56,72,9,True,False,-921.4,tekken-24,demo,83
demo-tournament:083,Tekken-24,2026-09-06,83,demo:060,57,72,9,True,False,-939.7,tekken-24,demo,83
demo-tournament:083,Tekken-24,2026-09-06,83,demo:052,58,72,9,True,False,-1018.3,tekken-24,demo,83
demo-tournament:083,Tekken-24,2026-09-06,83,demo:017,59,72,9,True,False,-1029.1,tekken-24,demo,83
demo-tournament:083,Tekken-24,2026-09-06,83,demo:010,60,72,9,True,False,-1059.4,tekken-24,demo,83
demo-tournament:083,Tekken-24,2026-09-06,83,demo:035,61,72,9,True,False,-1073.4,tekken-24,demo,83
demo-tournament:083,Tekken-24,2026-09-06,83,demo:030,62,72,9,True,False,-1118.3,tekken-24,demo,83
demo-tournament:083,Tekken-24,2026-09-06,83,demo:021,63,72,9,True,False,-1167.2,tekken-24,demo,83
demo-tournament:083,Tekken-24,2026-09-06,83,demo:038,64,72,9,True,False,-1203.3,tekken-24,demo,83
demo-tournament:083,Tekken-24,2026-09-06,83,demo:032,65,72,9,True,False,-1261.8,tekken-24,demo,83
demo-tournament:083,Tekken-24,2026-09-06,83,demo:063,66,72,9,True,False,-1472.7,tekken-24,demo,83
demo-tournament:083,Tekken-24,2026-09-06,83,demo:086,67,72,9,True,False,-1549.8,tekken-24,demo,83
demo-tournament:083,Tekken-24,2026-09-06,83,demo:008,68,72,9,True,False,-1669.8,tekken-24,demo,83
demo-tournament:083,Tekken-24,2026-09-06,83,demo:039,69,72,9,True,False,-1855.3,tekken-24,demo,83
demo-tournament:083,Tekken-24,2026-09-06,83,demo:046,70,72,9,True,False,-1956.3,tekken-24,demo,83
demo-tournament:083,Tekken-24,2026-09-06,83,demo:023,71,72,9,True,False,-2088.2,tekken-24,demo,83
demo-tournament:083,Tekken-24,2026-09-06,83,demo:084,72,72,9,True,False,-2288.2,tekken-24,demo,83
