tournament_id,tournament_name,tournament_date,tournament_order,player_id,place,participants,sessions,is_world_europe
T003,Казань Cup 2015 #2,2015-02-16,1,P073,1,32,7,False
T003,Казань Cup 2015 #2,2015-02-16,1,P119,2,32,7,False
T003,Казань Cup 2015 #2,2015-02-16,1,P063,3,32,7,False
T003,Казань Cup 2015 #2,2015-02-16,1,P027,4,32,7,False
T003,Казань Cup 2015 #2,2015-02-16,1,P111,5,32,7,False
T003,Казань Cup 2015 #2,2015-02-16,1,P001,6,32,7,False
T003,Казань Cup 2015 #2,2015-02-16,1,P058,7,32,7,False
T003,Казань Cup 2015 #2,2015-02-16,1,P105,8,32,7,False
T003,Казань Cup 2015 #2,2015-02-16,1,P066,9,32,7,False
T003,Казань Cup 2015 #2,2015-02-16,1,P023,10,32,7,False
T003,Казань Cup 2015 #2,2015-02-16,1,P036,11,32,7,False
T003,Казань Cup 2015 #2,2015-02-16,1,P011,12,32,7,False
T003,Казань Cup 2015 #2,2015-02-16,1,P070,13,32,7,False
T003,Казань Cup 2015 #2,2015-02-16,1,P062,14,32,7,False
T003,Казань Cup 2015 #2,2015-02-16,1,P101,15,32,7,False
T003,Казань Cup 2015 #2,2015-02-16,1,P110,16,32,7,False
T003,Казань Cup 2015 #2,2015-02-16,1,P095,17,32,7,False
T003,Казань Cup 2015 #2,2015-02-16,1,P069,18,32,7,False
T003,Казань Cup 2015 #2,2015-02-16,1,P052,19,32,7,False
T003,Казань Cup 2015 #2,2015-02-16,1,P014,20,32,7,False
T003,Казань Cup 2015 #2,2015-02-16,1,P117,21,32,7,False
T003,Казань Cup 2015 #2,2015-02-16,1,P034,22,32,7,False
T003,Казань Cup 2015 #2,2015-02-16,1,P087,23,32,7,False
T003,Казань Cup 2015 #2,2015-02-16,1,P025,24,32,7,False
T003,Казань Cup 2015 #2,2015-02-16,1,P022,25,32,7,False
T003,Казань Cup 2015 #2,2015-02-16,1,P092,26,32,7,False
T003,Казань Cup 2015 #2,2015-02-16,1,P115,27,32,7,False
T003,Казань Cup 2015 #2,2015-02-16,1,P074,28,32,7,False
T003,Казань Cup 2015 #2,2015-02-16,1,P050,29,32,7,False
T003,Казань Cup 2015 #2,2015-02-16,1,P037,30,32,7,False
T003,Казань Cup 2015 #2,2015-02-16,1,P021,31,32,7,False
T003,Казань Cup 2015 #2,2015-02-16,1,P061,32,32,7,False
T002,Новосибирск Cup 2015 #1,2015-07-14,2,P063,1,48,4,False
T002,Новосибирск Cup 2015 #1,2015-07-14,2,P017,2,48,4,False
T002,Новосибирск Cup 2015 #1,2015-07-14,2,P085,3,48,4,False
T002,Новосибирск Cup 2015 #1,2015-07-14,2,P014,4,48,4,False
T002,Новосибирск Cup 2015 #1,2015-07-14,2,P027,5,48,4,False
T002,Новосибирск Cup 2015 #1,2015-07-14,2,P018,6,48,4,False
T002,Новосибирск Cup 2015 #1,2015-07-14,2,P061,7,48,4,False
T002,Новосибирск Cup 2015 #1,2015-07-14,2,P024,8,48,4,False
T002,Новосибирск Cup 2015 #1,2015-07-14,2,P002,9,48,4,False
T002,Новосибирск Cup 2015 #1,2015-07-14,2,P038,10,48,4,False
T002,Новосибирск Cup 2015 #1,2015-07-14,2,P118,11,48,4,False
T002,Новосибирск Cup 2015 #1,2015-07-14,2,P053,12,48,4,False
T002,Новосибирск Cup 2015 #1,2015-07-14,2,P028,13,48,4,False
T002,Новосибирск Cup 2015 #1,2015-07-14,2,P004,14,48,4,False
T002,Новосибирск Cup 2015 #1,2015-07-14,2,P114,15,48,4,False
T002,Новосибирск Cup 2015 #1,2015-07-14,2,P070,16,48,4,False
T002,Новосибирск Cup 2015 #1,2015-07-14,2,P068,17,48,4,False
T002,Новосибирск Cup 2015 #1,2015-07-14,2,P075,18,48,4,False
T002,Новосибирск Cup 2015 #1,2015-07-14,2,P015,19,48,4,False
T002,Новосибирск Cup 2015 #1,2015-07-14,2,P096,20,48,4,False
T002,Новосибирск Cup 2015 #1,2015-07-14,2,P103,21,48,4,False
T002,Новосибирск Cup 2015 #1,2015-07-14,2,P090,22,48,4,False
T002,Новосибирск Cup 2015 #1,2015-07-14,2,P097,23,48,4,False
T002,Новосибирск Cup 2015 #1,2015-07-14,2,P110,24,48,4,False
T002,Новосибирск Cup 2015 #1,2015-07-14,2,P093,25,48,4,False
T002,Новосибирск Cup 2015 #1,2015-07-14,2,P046,26,48,4,False
T002,Новосибирск Cup 2015 #1,2015-07-14,2,P003,27,48,4,False
T002,Новосибирск Cup 2015 #1,2015-07-14,2,P094,28,48,4,False
T002,Новосибирск Cup 2015 #1,2015-07-14,2,P020,29,48,4,False
T002,Новосибирск Cup 2015 #1,2015-07-14,2,P059,30,48,4,False
T002,Новосибирск Cup 2015 #1,2015-07-14,2,P087,31,48,4,False
T002,Новосибирск Cup 2015 #1,2015-07-14,2,P088,32,48,4,False
T002,Новосибирск Cup 2015 #1,2015-07-14,2,P113,33,48,4,False
T002,Новосибирск Cup 2015 #1,2015-07-14,2,P119,34,48,4,False
T002,Новосибирск Cup 2015 #1,2015-07-14,2,P108,35,48,4,False
T002,Новосибирск Cup 2015 #1,2015-07-14,2,P019,36,48,4,False
T002,Новосибирск Cup 2015 #1,2015-07-14,2,P089,37,48,4,False
T002,Новосибирск Cup 2015 #1,2015-07-14,2,P023,38,48,4,False
T002,Новосибирск Cup 2015 #1,2015-07-14,2,P082,39,48,4,False
T002,Новосибирск Cup 2015 #1,2015-07-14,2,P042,40,48,4,False
T002,Новосибирск Cup 2015 #1,2015-07-14,2,P021,41,48,4,False
T002,Новосибирск Cup 2015 #1,2015-07-14,2,P101,42,48,4,False
T002,Новосибирск Cup 2015 #1,2015-07-14,2,P120,43,48,4,False
T002,Новосибирск Cup 2015 #1,2015-07-14,2,P072,44,48,4,False
T002,Новосибирск Cup 2015 #1,2015-07-14,2,P117,45,48,4,False
T002,Новосибирск Cup 2015 #1,2015-07-14,2,P011,46,48,4,False
T002,Новосибирск Cup 2015 #1,2015-07-14,2,P025,47,48,4,False
T002,Новосибирск Cup 2015 #1,2015-07-14,2,P115,48,48,4,False
T001,Russian MCR Open 2015,2015-11-05,3,P084,1,112,12,False
T001,Russian MCR Open 2015,2015-11-05,3,P030,2,112,12,False
T001,Russian MCR Open 2015,2015-11-05,3,P114,3,112,12,False
T001,Russian MCR Open 2015,2015-11-05,3,P044,4,112,12,False
T001,Russian MCR Open 2015,2015-11-05,3,P112,5,112,12,False
T001,Russian MCR Open 2015,2015-11-05,3,P057,6,112,12,False
T001,Russian MCR Open 2015,2015-11-05,3,P113,7,112,12,False
T001,Russian MCR Open 2015,2015-11-05,3,P096,8,112,12,False
T001,Russian MCR Open 2015,2015-11-05,3,P068,9,112,12,False
T001,Russian MCR Open 2015,2015-11-05,3,P064,10,112,12,False
T001,Russian MCR Open 2015,2015-11-05,3,P071,11,112,12,False
T001,Russian MCR Open 2015,2015-11-05,3,P101,12,112,12,False
T001,Russian MCR Open 2015,2015-11-05,3,P099,13,112,12,False
T001,Russian MCR Open 2015,2015-11-05,3,P117,14,112,12,False
T001,Russian MCR Open 2015,2015-11-05,3,P035,15,112,12,False
T001,Russian MCR Open 2015,2015-11-05,3,P085,16,112,12,False
T001,Russian MCR Open 2015,2015-11-05,3,P018,17,112,12,False
T001,Russian MCR Open 2015,2015-11-05,3,P042,18,112,12,False
T001,Russian MCR Open 2015,2015-11-05,3,P049,19,112,12,False
T001,Russian MCR Open 2015,2015-11-05,3,P073,20,112,12,False
T001,Russian MCR Open 2015,2015-11-05,3,P070,21,112,12,False
T001,Russian MCR Open 2015,2015-11-05,3,P116,22,112,12,False
T001,Russian MCR Open 2015,2015-11-05,3,P041,23,112,12,False
T001,Russian MCR Open 2015,2015-11-05,3,P104,24,112,12,False
T001,Russian MCR Open 2015,2015-11-05,3,P033,25,112,12,False
T001,Russian MCR Open 2015,2015-11-05,3,P102,26,112,12,False
T001,Russian MCR Open 2015,2015-11-05,3,P079,27,112,12,False
T001,Russian MCR Open 2015,2015-11-05,3,P060,28,112,12,False
T001,Russian MCR Open 2015,2015-11-05,3,P038,29,112,12,False
T001,Russian MCR Open 2015,2015-11-05,3,P016,30,112,12,False
T001,Russian MCR Open 2015,2015-11-05,3,P103,31,112,12,False
T001,Russian MCR Open 2015,2015-11-05,3,P097,32,112,12,False
T001,Russian MCR Open 2015,2015-11-05,3,P002,33,112,12,False
T001,Russian MCR Open 2015,2015-11-05,3,P056,34,112,12,False
T001,Russian MCR Open 2015,2015-11-05,3,P048,35,112,12,False
T001,Russian MCR Open 2015,2015-11-05,3,P069,36,112,12,False
T001,Russian MCR Open 2015,2015-11-05,3,P053,37,112,12,False
T001,Russian MCR Open 2015,2015-11-05,3,P003,38,112,12,False
T001,Russian MCR Open 2015,2015-11-05,3,P027,39,112,12,False
T001,Russian MCR Open 2015,2015-11-05,3,P080,40,112,12,False
T001,Russian MCR Open 2015,2015-11-05,3,P075,41,112,12,False
T001,Russian MCR Open 2015,2015-11-05,3,P058,42,112,12,False
T001,Russian MCR Open 2015,2015-11-05,3,P028,43,112,12,False
T001,Russian MCR Open 2015,2015-11-05,3,P020,44,112,12,False
T001,Russian MCR Open 2015,2015-11-05,3,P024,45,112,12,False
T001,Russian MCR Open 2015,2015-11-05,3,P111,46,112,12,False
T001,Russian MCR Open 2015,2015-11-05,3,P108,47,112,12,False
T001,Russian MCR Open 2015,2015-11-05,3,P039,48,112,12,False
T001,Russian MCR Open 2015,2015-11-05,3,P119,49,112,12,False
T001,Russian MCR Open 2015,2015-11-05,3,P007,50,112,12,False
T001,Russian MCR Open 2015,2015-11-05,3,P004,51,112,12,False
T001,Russian MCR Open 2015,2015-11-05,3,P061,52,112,12,False
T001,Russian MCR Open 2015,2015-11-05,3,P014,53,112,12,False
T001,Russian MCR Open 2015,2015-11-05,3,P088,54,112,12,False
T001,Russian MCR Open 2015,2015-11-05,3,P083,55,112,12,False
T001,Russian MCR Open 2015,2015-11-05,3,P006,56,112,12,False
T001,Russian MCR Open 2015,2015-11-05,3,P105,57,112,12,False
T001,Russian MCR Open 2015,2015-11-05,3,P091,58,112,12,False
T001,Russian MCR Open 2015,2015-11-05,3,P065,59,112,12,False
T001,Russian MCR Open 2015,2015-11-05,3,P055,60,112,12,False
T001,Russian MCR Open 2015,2015-11-05,3,P120,61,112,12,False
T001,Russian MCR Open 2015,2015-11-05,3,P054,62,112,12,False
T001,Russian MCR Open 2015,2015-11-05,3,P107,63,112,12,False
T001,Russian MCR Open 2015,2015-11-05,3,P032,64,112,12,False
T001,Russian MCR Open 2015,2015-11-05,3,P115,65,112,12,False
T001,Russian MCR Open 2015,2015-11-05,3,P023,66,112,12,False
T001,Russian MCR Open 2015,2015-11-05,3,P013,67,112,12,False
T001,Russian MCR Open 2015,2015-11-05,3,P026,68,112,12,False
T001,Russian MCR Open 2015,2015-11-05,3,P093,69,112,12,False
T001,Russian MCR Open 2015,2015-11-05,3,P017,70,112,12,False
T001,Russian MCR Open 2015,2015-11-05,3,P094,71,112,12,False
T001,Russian MCR Open 2015,2015-11-05,3,P092,72,112,12,False
T001,Russian MCR Open 2015,2015-11-05,3,P036,73,112,12,False
T001,Russian MCR Open 2015,2015-11-05,3,P005,74,112,12,False
T001,Russian MCR Open 2015,2015-11-05,3,P066,75,112,12,False
T001,Russian MCR Open 2015,2015-11-05,3,P078,76,112,12,False
T001,Russian MCR Open 2015,2015-11-05,3,P063,77,112,12,False
T001,Russian MCR Open 2015,2015-11-05,3,P046,78,112,12,False
T001,Russian MCR Open 2015,2015-11-05,3,P087,79,112,12,False
T001,Russian MCR Open 2015,2015-11-05,3,P100,80,112,12,False
T001,Russian MCR Open 2015,2015-11-05,3,P019,81,112,12,False
T001,Russian MCR Open 2015,2015-11-05,3,P106,82,112,12,False
T001,Russian MCR Open 2015,2015-11-05,3,P010,83,112,12,False
T001,Russian MCR Open 2015,2015-11-05,3,P012,84,112,12,False
T001,Russian MCR Open 2015,2015-11-05,3,P043,85,112,12,False
T001,Russian MCR Open 2015,2015-11-05,3,P110,86,112,12,False
T001,Russian MCR Open 2015,2015-11-05,3,P089,87,112,12,False
T001,Russian MCR Open 2015,2015-11-05,3,P059,88,112,12,False
T001,Russian MCR Open 2015,2015-11-05,3,P081,89,112,12,False
T001,Russian MCR Open 2015,2015-11-05,3,P045,90,112,12,False
T001,Russian MCR Open 2015,2015-11-05,3,P015,91,112,12,False
T001,Russian MCR Open 2015,2015-11-05,3,P034,92,112,12,False
T001,Russian MCR Open 2015,2015-11-05,3,P077,93,112,12,False
T001,Russian MCR Open 2015,2015-11-05,3,P067,94,112,12,False
T001,Russian MCR Open 2015,2015-11-05,3,P118,95,112,12,False
T001,Russian MCR Open 2015,2015-11-05,3,P031,96,112,12,False
T001,Russian MCR Open 2015,2015-11-05,3,P051,97,112,12,False
T001,Russian MCR Open 2015,2015-11-05,3,P029,98,112,12,False
T001,Russian MCR Open 2015,2015-11-05,3,P062,99,112,12,False
T001,Russian MCR Open 2015,2015-11-05,3,P040,100,112,12,False
T001,Russian MCR Open 2015,2015-11-05,3,P090,101,112,12,False
T001,Russian MCR Open 2015,2015-11-05,3,P037,102,112,12,False
T001,Russian MCR Open 2015,2015-11-05,3,P047,103,112,12,False
T001,Russian MCR Open 2015,2015-11-05,3,P074,104,112,12,False
T001,Russian MCR Open 2015,2015-11-05,3,P025,105,112,12,False
T001,Russian MCR Open 2015,2015-11-05,3,P008,106,112,12,False
T001,Russian MCR Open 2015,2015-11-05,3,P022,107,112,12,False
T001,Russian MCR Open 2015,2015-11-05,3,P082,108,112,12,False
T001,Russian MCR Open 2015,2015-11-05,3,P021,109,112,12,False
T001,Russian MCR Open 2015,2015-11-05,3,P076,110,112,12,False
T001,Russian MCR Open 2015,2015-11-05,3,P011,111,112,12,False
T001,Russian MCR Open 2015,2015-11-05,3,P009,112,112,12,False
T005,Москва Cup 2016 #1,2016-02-13,4,P101,1,32,5,False
T005,Москва Cup 2016 #1,2016-02-13,4,P027,2,32,5,False
T005,Москва Cup 2016 #1,2016-02-13,4,P048,3,32,5,False
T005,Москва Cup 2016 #1,2016-02-13,4,P049,4,32,5,False
T005,Москва Cup 2016 #1,2016-02-13,4,P114,5,32,5,False
T005,Москва Cup 2016 #1,2016-02-13,4,P068,6,32,5,False
T005,Москва Cup 2016 #1,2016-02-13,4,P080,7,32,5,False
T005,Москва Cup 2016 #1,2016-02-13,4,P046,8,32,5,False
T005,Москва Cup 2016 #1,2016-02-13,4,P103,9,32,5,False
T005,Москва Cup 2016 #1,2016-02-13,4,P008,10,32,5,False
T005,Москва Cup 2016 #1,2016-02-13,4,P072,11,32,5,False
T005,Москва Cup 2016 #1,2016-02-13,4,P109,12,32,5,False
T005,Москва Cup 2016 #1,2016-02-13,4,P059,13,32,5,False
T005,Москва Cup 2016 #1,2016-02-13,4,P075,14,32,5,False
T005,Москва Cup 2016 #1,2016-02-13,4,P005,15,32,5,False
T005,Москва Cup 2016 #1,2016-02-13,4,P001,16,32,5,False
T005,Москва Cup 2016 #1,2016-02-13,4,P030,17,32,5,False
T005,Москва Cup 2016 #1,2016-02-13,4,P024,18,32,5,False
T005,Москва Cup 2016 #1,2016-02-13,4,P081,19,32,5,False
T005,Москва Cup 2016 #1,2016-02-13,4,P076,20,32,5,False
T005,Москва Cup 2016 #1,2016-02-13,4,P069,21,32,5,False
T005,Москва Cup 2016 #1,2016-02-13,4,P023,22,32,5,False
T005,Москва Cup 2016 #1,2016-02-13,4,P029,23,32,5,False
T005,Москва Cup 2016 #1,2016-02-13,4,P053,24,32,5,False
T005,Москва Cup 2016 #1,2016-02-13,4,P039,25,32,5,False
T005,Москва Cup 2016 #1,2016-02-13,4,P089,26,32,5,False
T005,Москва Cup 2016 #1,2016-02-13,4,P090,27,32,5,False
T005,Москва Cup 2016 #1,2016-02-13,4,P077,28,32,5,False
T005,Москва Cup 2016 #1,2016-02-13,4,P050,29,32,5,False
T005,Москва Cup 2016 #1,2016-02-13,4,P013,30,32,5,False
T005,Москва Cup 2016 #1,2016-02-13,4,P083,31,32,5,False
T005,Москва Cup 2016 #1,2016-02-13,4,P036,32,32,5,False
T006,Нижний Новгород Cup 2016 #2,2016-04-18,5,P018,1,56,7,False
T006,Нижний Новгород Cup 2016 #2,2016-04-18,5,P104,2,56,7,False
T006,Нижний Новгород Cup 2016 #2,2016-04-18,5,P006,3,56,7,False
T006,Нижний Новгород Cup 2016 #2,2016-04-18,5,P044,4,56,7,False
T006,Нижний Новгород Cup 2016 #2,2016-04-18,5,P035,5,56,7,False
T006,Нижний Новгород Cup 2016 #2,2016-04-18,5,P028,6,56,7,False
T006,Нижний Новгород Cup 2016 #2,2016-04-18,5,P015,7,56,7,False
T006,Нижний Новгород Cup 2016 #2,2016-04-18,5,P096,8,56,7,False
T006,Нижний Новгород Cup 2016 #2,2016-04-18,5,P110,9,56,7,False
T006,Нижний Новгород Cup 2016 #2,2016-04-18,5,P092,10,56,7,False
T006,Нижний Новгород Cup 2016 #2,2016-04-18,5,P002,11,56,7,False
T006,Нижний Новгород Cup 2016 #2,2016-04-18,5,P057,12,56,7,False
T006,Нижний Новгород Cup 2016 #2,2016-04-18,5,P027,13,56,7,False
T006,Нижний Новгород Cup 2016 #2,2016-04-18,5,P042,14,56,7,False
T006,Нижний Новгород Cup 2016 #2,2016-04-18,5,P030,15,56,7,False
T006,Нижний Новгород Cup 2016 #2,2016-04-18,5,P012,16,56,7,False
T006,Нижний Новгород Cup 2016 #2,2016-04-18,5,P120,17,56,7,False
T006,Нижний Новгород Cup 2016 #2,2016-04-18,5,P116,18,56,7,False
T006,Нижний Новгород Cup 2016 #2,2016-04-18,5,P099,19,56,7,False
T006,Нижний Новгород Cup 2016 #2,2016-04-18,5,P102,20,56,7,False
T006,Нижний Новгород Cup 2016 #2,2016-04-18,5,P109,21,56,7,False
T006,Нижний Новгород Cup 2016 #2,2016-04-18,5,P033,22,56,7,False
T006,Нижний Новгород Cup 2016 #2,2016-04-18,5,P058,23,56,7,False
T006,Нижний Новгород Cup 2016 #2,2016-04-18,5,P087,24,56,7,False
T006,Нижний Новгород Cup 2016 #2,2016-04-18,5,P004,25,56,7,False
T006,Нижний Новгород Cup 2016 #2,2016-04-18,5,P052,26,56,7,False
T006,Нижний Новгород Cup 2016 #2,2016-04-18,5,P063,27,56,7,False
T006,Нижний Новгород Cup 2016 #2,2016-04-18,5,P083,28,56,7,False
T006,Нижний Новгород Cup 2016 #2,2016-04-18,5,P072,29,56,7,False
T006,Нижний Новгород Cup 2016 #2,2016-04-18,5,P036,30,56,7,False
T006,Нижний Новгород Cup 2016 #2,2016-04-18,5,P066,31,56,7,False
T006,Нижний Новгород Cup 2016 #2,2016-04-18,5,P091,32,56,7,False
T006,Нижний Новгород Cup 2016 #2,2016-04-18,5,P021,33,56,7,False
T006,Нижний Новгород Cup 2016 #2,2016-04-18,5,P105,34,56,7,False
T006,Нижний Новгород Cup 2016 #2,2016-04-18,5,P005,35,56,7,False
T006,Нижний Новгород Cup 2016 #2,2016-04-18,5,P043,36,56,7,False
T006,Нижний Новгород Cup 2016 #2,2016-04-18,5,P032,37,56,7,False
T006,Нижний Новгород Cup 2016 #2,2016-04-18,5,P113,38,56,7,False
T006,Нижний Новгород Cup 2016 #2,2016-04-18,5,P046,39,56,7,False
T006,Нижний Новгород Cup 2016 #2,2016-04-18,5,P020,40,56,7,False
T006,Нижний Новгород Cup 2016 #2,2016-04-18,5,P019,41,56,7,False
T006,Нижний Новгород Cup 2016 #2,2016-04-18,5,P081,42,56,7,False
T006,Нижний Новгород Cup 2016 #2,2016-04-18,5,P111,43,56,7,False
T006,Нижний Новгород Cup 2016 #2,2016-04-18,5,P013,44,56,7,False
T006,Нижний Новгород Cup 2016 #2,2016-04-18,5,P023,45,56,7,False
T006,Нижний Новгород Cup 2016 #2,2016-04-18,5,P034,46,56,7,False
T006,Нижний Новгород Cup 2016 #2,2016-04-18,5,P055,47,56,7,False
T006,Нижний Новгород Cup 2016 #2,2016-04-18,5,P108,48,56,7,False
T006,Нижний Новгород Cup 2016 #2,2016-04-18,5,P045,49,56,7,False
T006,Нижний Новгород Cup 2016 #2,2016-04-18,5,P022,50,56,7,False
T006,Нижний Новгород Cup 2016 #2,2016-04-18,5,P050,51,56,7,False
T006,Нижний Новгород Cup 2016 #2,2016-04-18,5,P090,52,56,7,False
T006,Нижний Новгород Cup 2016 #2,2016-04-18,5,P031,53,56,7,False
T006,Нижний Новгород Cup 2016 #2,2016-04-18,5,P082,54,56,7,False
T006,Нижний Новгород Cup 2016 #2,2016-04-18,5,P054,55,56,7,False
T006,Нижний Новгород Cup 2016 #2,2016-04-18,5,P061,56,56,7,False
T007,Екатеринбург Cup 2016 #3,2016-06-19,6,P113,1,36,8,False
T007,Екатеринбург Cup 2016 #3,2016-06-19,6,P049,2,36,8,False
T007,Екатеринбург Cup 2016 #3,2016-06-19,6,P073,3,36,8,False
T007,Екатеринбург Cup 2016 #3,2016-06-19,6,P088,4,36,8,False
T007,Екатеринбург Cup 2016 #3,2016-06-19,6,P002,5,36,8,False
T007,Екатеринбург Cup 2016 #3,2016-06-19,6,P024,6,36,8,False
T007,Екатеринбург Cup 2016 #3,2016-06-19,6,P107,7,36,8,False
T007,Екатеринбург Cup 2016 #3,2016-06-19,6,P006,8,36,8,False
T007,Екатеринбург Cup 2016 #3,2016-06-19,6,P093,9,36,8,False
T007,Екатеринбург Cup 2016 #3,2016-06-19,6,P019,10,36,8,False
T007,Екатеринбург Cup 2016 #3,2016-06-19,6,P042,11,36,8,False
T007,Екатеринбург Cup 2016 #3,2016-06-19,6,P015,12,36,8,False
T007,Екатеринбург Cup 2016 #3,2016-06-19,6,P103,13,36,8,False
T007,Екатеринбург Cup 2016 #3,2016-06-19,6,P001,14,36,8,False
T007,Екатеринбург Cup 2016 #3,2016-06-19,6,P092,15,36,8,False
T007,Екатеринбург Cup 2016 #3,2016-06-19,6,P065,16,36,8,False
T007,Екатеринбург Cup 2016 #3,2016-06-19,6,P082,17,36,8,False
T007,Екатеринбург Cup 2016 #3,2016-06-19,6,P102,18,36,8,False
T007,Екатеринбург Cup 2016 #3,2016-06-19,6,P071,19,36,8,False
T007,Екатеринбург Cup 2016 #3,2016-06-19,6,P068,20,36,8,False
T007,Екатеринбург Cup 2016 #3,2016-06-19,6,P021,21,36,8,False
T007,Екатеринбург Cup 2016 #3,2016-06-19,6,P086,22,36,8,False
T007,Екатеринбург Cup 2016 #3,2016-06-19,6,P097,23,36,8,False
T007,Екатеринбург Cup 2016 #3,2016-06-19,6,P098,24,36,8,False
T007,Екатеринбург Cup 2016 #3,2016-06-19,6,P036,25,36,8,False
T007,Екатеринбург Cup 2016 #3,2016-06-19,6,P095,26,36,8,False
T007,Екатеринбург Cup 2016 #3,2016-06-19,6,P115,27,36,8,False
T007,Екатеринбург Cup 2016 #3,2016-06-19,6,P034,28,36,8,False
T007,Екатеринбург Cup 2016 #3,2016-06-19,6,P090,29,36,8,False
T007,Екатеринбург Cup 2016 #3,2016-06-19,6,P078,30,36,8,False
T007,Екатеринбург Cup 2016 #3,2016-06-19,6,P074,31,36,8,False
T007,Екатеринбург Cup 2016 #3,2016-06-19,6,P067,32,36,8,False
T007,Екатеринбург Cup 2016 #3,2016-06-19,6,P100,33,36,8,False
T007,Екатеринбург Cup 2016 #3,2016-06-19,6,P117,34,36,8,False
T007,Екатеринбург Cup 2016 #3,2016-06-19,6,P011,35,36,8,False
T007,Екатеринбург Cup 2016 #3,2016-06-19,6,P037,36,36,8,False
T004,International MCR Major 2016,2016-11-11,7,P018,1,108,10,True
T004,International MCR Major 2016,2016-11-11,7,P013,2,108,10,True
T004,International MCR Major 2016,2016-11-11,7,P010,3,108,10,True
T004,International MCR Major 2016,2016-11-11,7,P112,4,108,10,True
T004,International MCR Major 2016,2016-11-11,7,P048,5,108,10,True
T004,International MCR Major 2016,2016-11-11,7,P027,6,108,10,True
T004,International MCR Major 2016,2016-11-11,7,P066,7,108,10,True
T004,International MCR Major 2016,2016-11-11,7,P101,8,108,10,True
T004,International MCR Major 2016,2016-11-11,7,P095,9,108,10,True
T004,International MCR Major 2016,2016-11-11,7,P035,10,108,10,True
T004,International MCR Major 2016,2016-11-11,7,P002,11,108,10,True
T004,International MCR Major 2016,2016-11-11,7,P028,12,108,10,True
T004,International MCR Major 2016,2016-11-11,7,P079,13,108,10,True
T004,International MCR Major 2016,2016-11-11,7,P113,14,108,10,True
T004,International MCR Major 2016,2016-11-11,7,P056,15,108,10,True
T004,International MCR Major 2016,2016-11-11,7,P094,16,108,10,True
T004,International MCR Major 2016,2016-11-11,7,P058,17,108,10,True
T004,International MCR Major 2016,2016-11-11,7,P059,18,108,10,True
T004,International MCR Major 2016,2016-11-11,7,P103,19,108,10,True
T004,International MCR Major 2016,2016-11-11,7,P038,20,108,10,True
T004,International MCR Major 2016,2016-11-11,7,P046,21,108,10,True
T004,International MCR Major 2016,2016-11-11,7,P069,22,108,10,True
T004,International MCR Major 2016,2016-11-11,7,P085,23,108,10,True
T004,International MCR Major 2016,2016-11-11,7,P106,24,108,10,True
T004,International MCR Major 2016,2016-11-11,7,P044,25,108,10,True
T004,International MCR Major 2016,2016-11-11,7,P088,26,108,10,True
T004,International MCR Major 2016,2016-11-11,7,P107,27,108,10,True
T004,International MCR Major 2016,2016-11-11,7,P068,28,108,10,True
T004,International MCR Major 2016,2016-11-11,7,P032,29,108,10,True
T004,International MCR Major 2016,2016-11-11,7,P102,30,108,10,True
T004,International MCR Major 2016,2016-11-11,7,P060,31,108,10,True
T004,International MCR Major 2016,2016-11-11,7,P100,32,108,10,True
T004,International MCR Major 2016,2016-11-11,7,P006,33,108,10,True
T004,International MCR Major 2016,2016-11-11,7,P049,34,108,10,True
T004,International MCR Major 2016,2016-11-11,7,P003,35,108,10,True
T004,International MCR Major 2016,2016-11-11,7,P001,36,108,10,True
T004,International MCR Major 2016,2016-11-11,7,P114,37,108,10,True
T004,International MCR Major 2016,2016-11-11,7,P091,38,108,10,True
T004,International MCR Major 2016,2016-11-11,7,P020,39,108,10,True
T004,International MCR Major 2016,2016-11-11,7,P116,40,108,10,True
T004,International MCR Major 2016,2016-11-11,7,P041,41,108,10,True
T004,International MCR Major 2016,2016-11-11,7,P111,42,108,10,True
T004,International MCR Major 2016,2016-11-11,7,P016,43,108,10,True
T004,International MCR Major 2016,2016-11-11,7,P012,44,108,10,True
T004,International MCR Major 2016,2016-11-11,7,P089,45,108,10,True
T004,International MCR Major 2016,2016-11-11,7,P105,46,108,10,True
T004,International MCR Major 2016,2016-11-11,7,P117,47,108,10,True
T004,International MCR Major 2016,2016-11-11,7,P072,48,108,10,True
T004,International MCR Major 2016,2016-11-11,7,P099,49,108,10,True
T004,International MCR Major 2016,2016-11-11,7,P064,50,108,10,True
T004,International MCR Major 2016,2016-11-11,7,P021,51,108,10,True
T004,International MCR Major 2016,2016-11-11,7,P080,52,108,10,True
T004,International MCR Major 2016,2016-11-11,7,P065,53,108,10,True
T004,International MCR Major 2016,2016-11-11,7,P075,54,108,10,True
T004,International MCR Major 2016,2016-11-11,7,P057,55,108,10,True
T004,International MCR Major 2016,2016-11-11,7,P029,56,108,10,True
T004,International MCR Major 2016,2016-11-11,7,P071,57,108,10,True
T004,International MCR Major 2016,2016-11-11,7,P023,58,108,10,True
T004,International MCR Major 2016,2016-11-11,7,P025,59,108,10,True
T004,International MCR Major 2016,2016-11-11,7,P053,60,108,10,True
T004,International MCR Major 2016,2016-11-11,7,P030,61,108,10,True
T004,International MCR Major 2016,2016-11-11,7,P092,62,108,10,True
T004,International MCR Major 2016,2016-11-11,7,P042,63,108,10,True
T004,International MCR Major 2016,2016-11-11,7,P026,64,108,10,True
T004,International MCR Major 2016,2016-11-11,7,P093,65,108,10,True
T004,International MCR Major 2016,2016-11-11,7,P043,66,108,10,True
T004,International MCR Major 2016,2016-11-11,7,P062,67,108,10,True
T004,International MCR Major 2016,2016-11-11,7,P007,68,108,10,True
T004,International MCR Major 2016,2016-11-11,7,P119,69,108,10,True
T004,International MCR Major 2016,2016-11-11,7,P017,70,108,10,True
T004,International MCR Major 2016,2016-11-11,7,P097,71,108,10,True
T004,International MCR Major 2016,2016-11-11,7,P109,72,108,10,True
T004,International MCR Major 2016,2016-11-11,7,P014,73,108,10,True
T004,International MCR Major 2016,2016-11-11,7,P081,74,108,10,True
T004,International MCR Major 2016,2016-11-11,7,P019,75,108,10,True
T004,International MCR Major 2016,2016-11-11,7,P004,76,108,10,True
T004,International MCR Major 2016,2016-11-11,7,P052,77,108,10,True
T004,International MCR Major 2016,2016-11-11,7,P074,78,108,10,True
T004,International MCR Major 2016,2016-11-11,7,P115,79,108,10,True
T004,International MCR Major 2016,2016-11-11,7,P008,80,108,10,True
T004,International MCR Major 2016,2016-11-11,7,P051,81,108,10,True
T004,International MCR Major 2016,2016-11-11,7,P015,82,108,10,True
T004,International MCR Major 2016,2016-11-11,7,P040,83,108,10,True
T004,International MCR Major 2016,2016-11-11,7,P104,84,108,10,True
T004,International MCR Major 2016,2016-11-11,7,P045,85,108,10,True
T004,International MCR Major 2016,2016-11-11,7,P024,86,108,10,True
T004,International MCR Major 2016,2016-11-11,7,P108,87,108,10,True
T004,International MCR Major 2016,2016-11-11,7,P077,88,108,10,True
T004,International MCR Major 2016,2016-11-11,7,P070,89,108,10,True
T004,International MCR Major 2016,2016-11-11,7,P076,90,108,10,True
T004,International MCR Major 2016,2016-11-11,7,P039,91,108,10,True
T004,International MCR Major 2016,2016-11-11,7,P055,92,108,10,True
T004,International MCR Major 2016,2016-11-11,7,P110,93,108,10,True
T004,International MCR Major 2016,2016-11-11,7,P090,94,108,10,True
T004,International MCR Major 2016,2016-11-11,7,P087,95,108,10,True
T004,International MCR Major 2016,2016-11-11,7,P037,96,108,10,True
T004,International MCR Major 2016,2016-11-11,7,P063,97,108,10,True
T004,International MCR Major 2016,2016-11-11,7,P047,98,108,10,True
T004,International MCR Major 2016,2016-11-11,7,P054,99,108,10,True
T004,International MCR Major 2016,2016-11-11,7,P067,100,108,10,True
T004,International MCR Major 2016,2016-11-11,7,P036,101,108,10,True
T004,International MCR Major 2016,2016-11-11,7,P118,102,108,10,True
T004,International MCR Major 2016,2016-11-11,7,P050,103,108,10,True
T004,International MCR Major 2016,2016-11-11,7,P082,104,108,10,True
T004,International MCR Major 2016,2016-11-11,7,P031,105,108,10,True
T004,International MCR Major 2016,2016-11-11,7,P078,106,108,10,True
T004,International MCR Major 2016,2016-11-11,7,P098,107,108,10,True
T004,International MCR Major 2016,2016-11-11,7,P061,108,108,10,True
T009,Новосибирск Cup 2017 #1,2017-02-19,8,P084,1,36,4,False
T009,Новосибирск Cup 2017 #1,2017-02-19,8,P018,2,36,4,False
T009,Новосибирск Cup 2017 #1,2017-02-19,8,P027,3,36,4,False
T009,Новосибирск Cup 2017 #1,2017-02-19,8,P101,4,36,4,False
T009,Новосибирск Cup 2017 #1,2017-02-19,8,P010,5,36,4,False
T009,Новосибирск Cup 2017 #1,2017-02-19,8,P020,6,36,4,False
T009,Новосибирск Cup 2017 #1,2017-02-19,8,P002,7,36,4,False
T009,Новосибирск Cup 2017 #1,2017-02-19,8,P114,8,36,4,False
T009,Новосибирск Cup 2017 #1,2017-02-19,8,P039,9,36,4,False
T009,Новосибирск Cup 2017 #1,2017-02-19,8,P112,10,36,4,False
T009,Новосибирск Cup 2017 #1,2017-02-19,8,P050,11,36,4,False
T009,Новосибирск Cup 2017 #1,2017-02-19,8,P086,12,36,4,False
T009,Новосибирск Cup 2017 #1,2017-02-19,8,P022,13,36,4,False
T009,Новосибирск Cup 2017 #1,2017-02-19,8,P117,14,36,4,False
T009,Новосибирск Cup 2017 #1,2017-02-19,8,P032,15,36,4,False
T009,Новосибирск Cup 2017 #1,2017-02-19,8,P041,16,36,4,False
T009,Новосибирск Cup 2017 #1,2017-02-19,8,P029,17,36,4,False
T009,Новосибирск Cup 2017 #1,2017-02-19,8,P015,18,36,4,False
T009,Новосибирск Cup 2017 #1,2017-02-19,8,P079,19,36,4,False
T009,Новосибирск Cup 2017 #1,2017-02-19,8,P094,20,36,4,False
T009,Новосибирск Cup 2017 #1,2017-02-19,8,P076,21,36,4,False
T009,Новосибирск Cup 2017 #1,2017-02-19,8,P049,22,36,4,False
T009,Новосибирск Cup 2017 #1,2017-02-19,8,P109,23,36,4,False
T009,Новосибирск Cup 2017 #1,2017-02-19,8,P063,24,36,4,False
T009,Новосибирск Cup 2017 #1,2017-02-19,8,P071,25,36,4,False
T009,Новосибирск Cup 2017 #1,2017-02-19,8,P005,26,36,4,False
T009,Новосибирск Cup 2017 #1,2017-02-19,8,P088,27,36,4,False
T009,Новосибирск Cup 2017 #1,2017-02-19,8,P043,28,36,4,False
T009,Новосибирск Cup 2017 #1,2017-02-19,8,P045,29,36,4,False
T009,Новосибирск Cup 2017 #1,2017-02-19,8,P065,30,36,4,False
T009,Новосибирск Cup 2017 #1,2017-02-19,8,P077,31,36,4,False
T009,Новосибирск Cup 2017 #1,2017-02-19,8,P007,32,36,4,False
T009,Новосибирск Cup 2017 #1,2017-02-19,8,P074,33,36,4,False
T009,Новосибирск Cup 2017 #1,2017-02-19,8,P067,34,36,4,False
T009,Новосибирск Cup 2017 #1,2017-02-19,8,P093,35,36,4,False
T009,Новосибирск Cup 2017 #1,2017-02-19,8,P009,36,36,4,False
T011,Новосибирск Cup 2017 #3,2017-04-15,9,P033,1,48,6,False
T011,Новосибирск Cup 2017 #3,2017-04-15,9,P101,2,48,6,False
T011,Новосибирск Cup 2017 #3,2017-04-15,9,P049,3,48,6,False
T011,Новосибирск Cup 2017 #3,2017-04-15,9,P044,4,48,6,False
T011,Новосибирск Cup 2017 #3,2017-04-15,9,P018,5,48,6,False
T011,Новосибирск Cup 2017 #3,2017-04-15,9,P080,6,48,6,False
T011,Новосибирск Cup 2017 #3,2017-04-15,9,P030,7,48,6,False
T011,Новосибирск Cup 2017 #3,2017-04-15,9,P088,8,48,6,False
T011,Новосибирск Cup 2017 #3,2017-04-15,9,P061,9,48,6,False
T011,Новосибирск Cup 2017 #3,2017-04-15,9,P068,10,48,6,False
T011,Новосибирск Cup 2017 #3,2017-04-15,9,P071,11,48,6,False
T011,Новосибирск Cup 2017 #3,2017-04-15,9,P034,12,48,6,False
T011,Новосибирск Cup 2017 #3,2017-04-15,9,P057,13,48,6,False
T011,Новосибирск Cup 2017 #3,2017-04-15,9,P053,14,48,6,False
T011,Новосибирск Cup 2017 #3,2017-04-15,9,P075,15,48,6,False
T011,Новосибирск Cup 2017 #3,2017-04-15,9,P097,16,48,6,False
T011,Новосибирск Cup 2017 #3,2017-04-15,9,P004,17,48,6,False
T011,Новосибирск Cup 2017 #3,2017-04-15,9,P042,18,48,6,False
T011,Новосибирск Cup 2017 #3,2017-04-15,9,P060,19,48,6,False
T011,Новосибирск Cup 2017 #3,2017-04-15,9,P036,20,48,6,False
T011,Новосибирск Cup 2017 #3,2017-04-15,9,P091,21,48,6,False
T011,Новосибирск Cup 2017 #3,2017-04-15,9,P072,22,48,6,False
T011,Новосибирск Cup 2017 #3,2017-04-15,9,P089,23,48,6,False
T011,Новосибирск Cup 2017 #3,2017-04-15,9,P070,24,48,6,False
T011,Новосибирск Cup 2017 #3,2017-04-15,9,P001,25,48,6,False
T011,Новосибирск Cup 2017 #3,2017-04-15,9,P023,26,48,6,False
T011,Новосибирск Cup 2017 #3,2017-04-15,9,P007,27,48,6,False
T011,Новосибирск Cup 2017 #3,2017-04-15,9,P074,28,48,6,False
T011,Новосибирск Cup 2017 #3,2017-04-15,9,P083,29,48,6,False
T011,Новосибирск Cup 2017 #3,2017-04-15,9,P040,30,48,6,False
T011,Новосибирск Cup 2017 #3,2017-04-15,9,P021,31,48,6,False
T011,Новосибирск Cup 2017 #3,2017-04-15,9,P118,32,48,6,False
T011,Новосибирск Cup 2017 #3,2017-04-15,9,P086,33,48,6,False
T011,Новосибирск Cup 2017 #3,2017-04-15,9,P009,34,48,6,False
T011,Новосибирск Cup 2017 #3,2017-04-15,9,P003,35,48,6,False
T011,Новосибирск Cup 2017 #3,2017-04-15,9,P108,36,48,6,False
T011,Новосибирск Cup 2017 #3,2017-04-15,9,P119,37,48,6,False
T011,Новосибирск Cup 2017 #3,2017-04-15,9,P106,38,48,6,False
T011,Новосибирск Cup 2017 #3,2017-04-15,9,P066,39,48,6,False
T011,Новосибирск Cup 2017 #3,2017-04-15,9,P109,40,48,6,False
T011,Новосибирск Cup 2017 #3,2017-04-15,9,P087,41,48,6,False
T011,Новосибирск Cup 2017 #3,2017-04-15,9,P090,42,48,6,False
T011,Новосибирск Cup 2017 #3,2017-04-15,9,P062,43,48,6,False
T011,Новосибирск Cup 2017 #3,2017-04-15,9,P059,44,48,6,False
T011,Новосибирск Cup 2017 #3,2017-04-15,9,P082,45,48,6,False
T011,Новосибирск Cup 2017 #3,2017-04-15,9,P079,46,48,6,False
T011,Новосибирск Cup 2017 #3,2017-04-15,9,P098,47,48,6,False
T011,Новосибирск Cup 2017 #3,2017-04-15,9,P092,48,48,6,False
T010,Нижний Новгород Cup 2017 #2,2017-07-14,10,P044,1,64,4,False
T010,Нижний Новгород Cup 2017 #2,2017-07-14,10,P030,2,64,4,False
T010,Нижний Новгород Cup 2017 #2,2017-07-14,10,P113,3,64,4,False
T010,Нижний Новгород Cup 2017 #2,2017-07-14,10,P096,4,64,4,False
T010,Нижний Новгород Cup 2017 #2,2017-07-14,10,P018,5,64,4,False
T010,Нижний Новгород Cup 2017 #2,2017-07-14,10,P027,6,64,4,False
T010,Нижний Новгород Cup 2017 #2,2017-07-14,10,P020,7,64,4,False
T010,Нижний Новгород Cup 2017 #2,2017-07-14,10,P087,8,64,4,False
T010,Нижний Новгород Cup 2017 #2,2017-07-14,10,P057,9,64,4,False
T010,Нижний Новгород Cup 2017 #2,2017-07-14,10,P006,10,64,4,False
T010,Нижний Новгород Cup 2017 #2,2017-07-14,10,P004,11,64,4,False
T010,Нижний Новгород Cup 2017 #2,2017-07-14,10,P028,12,64,4,False
T010,Нижний Новгород Cup 2017 #2,2017-07-14,10,P042,13,64,4,False
T010,Нижний Новгород Cup 2017 #2,2017-07-14,10,P092,14,64,4,False
T010,Нижний Новгород Cup 2017 #2,2017-07-14,10,P055,15,64,4,False
T010,Нижний Новгород Cup 2017 #2,2017-07-14,10,P033,16,64,4,False
T010,Нижний Новгород Cup 2017 #2,2017-07-14,10,P110,17,64,4,False
T010,Нижний Новгород Cup 2017 #2,2017-07-14,10,P084,18,64,4,False
T010,Нижний Новгород Cup 2017 #2,2017-07-14,10,P103,19,64,4,False
T010,Нижний Новгород Cup 2017 #2,2017-07-14,10,P022,20,64,4,False
T010,Нижний Новгород Cup 2017 #2,2017-07-14,10,P015,21,64,4,False
T010,Нижний Новгород Cup 2017 #2,2017-07-14,10,P114,22,64,4,False
T010,Нижний Новгород Cup 2017 #2,2017-07-14,10,P067,23,64,4,False
T010,Нижний Новгород Cup 2017 #2,2017-07-14,10,P016,24,64,4,False
T010,Нижний Новгород Cup 2017 #2,2017-07-14,10,P040,25,64,4,False
T010,Нижний Новгород Cup 2017 #2,2017-07-14,10,P010,26,64,4,False
T010,Нижний Новгород Cup 2017 #2,2017-07-14,10,P086,27,64,4,False
T010,Нижний Новгород Cup 2017 #2,2017-07-14,10,P038,28,64,4,False
T010,Нижний Новгород Cup 2017 #2,2017-07-14,10,P068,29,64,4,False
T010,Нижний Новгород Cup 2017 #2,2017-07-14,10,P069,30,64,4,False
T010,Нижний Новгород Cup 2017 #2,2017-07-14,10,P094,31,64,4,False
T010,Нижний Новгород Cup 2017 #2,2017-07-14,10,P019,32,64,4,False
T010,Нижний Новгород Cup 2017 #2,2017-07-14,10,P026,33,64,4,False
T010,Нижний Новгород Cup 2017 #2,2017-07-14,10,P098,34,64,4,False
T010,Нижний Новгород Cup 2017 #2,2017-07-14,10,P032,35,64,4,False
T010,Нижний Новгород Cup 2017 #2,2017-07-14,10,P051,36,64,4,False
T010,Нижний Новгород Cup 2017 #2,2017-07-14,10,P075,37,64,4,False
T010,Нижний Новгород Cup 2017 #2,2017-07-14,10,P093,38,64,4,False
T010,Нижний Новгород Cup 2017 #2,2017-07-14,10,P061,39,64,4,False
T010,Нижний Новгород Cup 2017 #2,2017-07-14,10,P023,40,64,4,False
T010,Нижний Новгород Cup 2017 #2,2017-07-14,10,P117,41,64,4,False
T010,Нижний Новгород Cup 2017 #2,2017-07-14,10,P071,42,64,4,False
T010,Нижний Новгород Cup 2017 #2,2017-07-14,10,P011,43,64,4,False
T010,Нижний Новгород Cup 2017 #2,2017-07-14,10,P070,44,64,4,False
T010,Нижний Новгород Cup 2017 #2,2017-07-14,10,P112,45,64,4,False
T010,Нижний Новгород Cup 2017 #2,2017-07-14,10,P052,46,64,4,False
T010,Нижний Новгород Cup 2017 #2,2017-07-14,10,P095,47,64,4,False
T010,Нижний Новгород Cup 2017 #2,2017-07-14,10,P077,48,64,4,False
T010,Нижний Новгород Cup 2017 #2,2017-07-14,10,P083,49,64,4,False
T010,Нижний Новгород Cup 2017 #2,2017-07-14,10,P034,50,64,4,False
T010,Нижний Новгород Cup 2017 #2,2017-07-14,10,P048,51,64,4,False
T010,Нижний Новгород Cup 2017 #2,2017-07-14,10,P025,52,64,4,False
T010,Нижний Новгород Cup 2017 #2,2017-07-14,10,P081,53,64,4,False
T010,Нижний Новгород Cup 2017 #2,2017-07-14,10,P065,54,64,4,False
T010,Нижний Новгород Cup 2017 #2,2017-07-14,10,P021,55,64,4,False
T010,Нижний Новгород Cup 2017 #2,2017-07-14,10,P109,56,64,4,False
T010,Нижний Новгород Cup 2017 #2,2017-07-14,10,P062,57,64,4,False
T010,Нижний Новгород Cup 2017 #2,2017-07-14,10,P076,58,64,4,False
T010,Нижний Новгород Cup 2017 #2,2017-07-14,10,P047,59,64,4,False
T010,Нижний Новгород Cup 2017 #2,2017-07-14,10,P041,60,64,4,False
T010,Нижний Новгород Cup 2017 #2,2017-07-14,10,P099,61,64,4,False
T010,Нижний Новгород Cup 2017 #2,2017-07-14,10,P024,62,64,4,False
T010,Нижний Новгород Cup 2017 #2,2017-07-14,10,P054,63,64,4,False
T010,Нижний Новгород Cup 2017 #2,2017-07-14,10,P106,64,64,4,False
T008,Russian MCR Open 2017,2017-09-20,11,P018,1,104,9,False
T008,Russian MCR Open 2017,2017-09-20,11,P030,2,104,9,False
T008,Russian MCR Open 2017,2017-09-20,11,P114,3,104,9,False
T008,Russian MCR Open 2017,2017-09-20,11,P096,4,104,9,False
T008,Russian MCR Open 2017,2017-09-20,11,P055,5,104,9,False
T008,Russian MCR Open 2017,2017-09-20,11,P027,6,104,9,False
T008,Russian MCR Open 2017,2017-09-20,11,P101,7,104,9,False
T008,Russian MCR Open 2017,2017-09-20,11,P064,8,104,9,False
T008,Russian MCR Open 2017,2017-09-20,11,P084,9,104,9,False
T008,Russian MCR Open 2017,2017-09-20,11,P112,10,104,9,False
T008,Russian MCR Open 2017,2017-09-20,11,P016,11,104,9,False
T008,Russian MCR Open 2017,2017-09-20,11,P023,12,104,9,False
T008,Russian MCR Open 2017,2017-09-20,11,P001,13,104,9,False
T008,Russian MCR Open 2017,2017-09-20,11,P019,14,104,9,False
T008,Russian MCR Open 2017,2017-09-20,11,P028,15,104,9,False
T008,Russian MCR Open 2017,2017-09-20,11,P003,16,104,9,False
T008,Russian MCR Open 2017,2017-09-20,11,P119,17,104,9,False
T008,Russian MCR Open 2017,2017-09-20,11,P107,18,104,9,False
T008,Russian MCR Open 2017,2017-09-20,11,P033,19,104,9,False
T008,Russian MCR Open 2017,2017-09-20,11,P105,20,104,9,False
T008,Russian MCR Open 2017,2017-09-20,11,P020,21,104,9,False
T008,Russian MCR Open 2017,2017-09-20,11,P111,22,104,9,False
T008,Russian MCR Open 2017,2017-09-20,11,P044,23,104,9,False
T008,Russian MCR Open 2017,2017-09-20,11,P002,24,104,9,False
T008,Russian MCR Open 2017,2017-09-20,11,P095,25,104,9,False
T008,Russian MCR Open 2017,2017-09-20,11,P060,26,104,9,False
T008,Russian MCR Open 2017,2017-09-20,11,P042,27,104,9,False
T008,Russian MCR Open 2017,2017-09-20,11,P103,28,104,9,False
T008,Russian MCR Open 2017,2017-09-20,11,P093,29,104,9,False
T008,Russian MCR Open 2017,2017-09-20,11,P038,30,104,9,False
T008,Russian MCR Open 2017,2017-09-20,11,P056,31,104,9,False
T008,Russian MCR Open 2017,2017-09-20,11,P049,32,104,9,False
T008,Russian MCR Open 2017,2017-09-20,11,P070,33,104,9,False
T008,Russian MCR Open 2017,2017-09-20,11,P097,34,104,9,False
T008,Russian MCR Open 2017,2017-09-20,11,P073,35,104,9,False
T008,Russian MCR Open 2017,2017-09-20,11,P116,36,104,9,False
T008,Russian MCR Open 2017,2017-09-20,11,P024,37,104,9,False
T008,Russian MCR Open 2017,2017-09-20,11,P102,38,104,9,False
T008,Russian MCR Open 2017,2017-09-20,11,P075,39,104,9,False
T008,Russian MCR Open 2017,2017-09-20,11,P052,40,104,9,False
T008,Russian MCR Open 2017,2017-09-20,11,P005,41,104,9,False
T008,Russian MCR Open 2017,2017-09-20,11,P086,42,104,9,False
T008,Russian MCR Open 2017,2017-09-20,11,P007,43,104,9,False
T008,Russian MCR Open 2017,2017-09-20,11,P006,44,104,9,False
T008,Russian MCR Open 2017,2017-09-20,11,P089,45,104,9,False
T008,Russian MCR Open 2017,2017-09-20,11,P014,46,104,9,False
T008,Russian MCR Open 2017,2017-09-20,11,P120,47,104,9,False
T008,Russian MCR Open 2017,2017-09-20,11,P039,48,104,9,False
T008,Russian MCR Open 2017,2017-09-20,11,P032,49,104,9,False
T008,Russian MCR Open 2017,2017-09-20,11,P108,50,104,9,False
T008,Russian MCR Open 2017,2017-09-20,11,P082,51,104,9,False
T008,Russian MCR Open 2017,2017-09-20,11,P078,52,104,9,False
T008,Russian MCR Open 2017,2017-09-20,11,P013,53,104,9,False
T008,Russian MCR Open 2017,2017-09-20,11,P046,54,104,9,False
T008,Russian MCR Open 2017,2017-09-20,11,P017,55,104,9,False
T008,Russian MCR Open 2017,2017-09-20,11,P012,56,104,9,False
T008,Russian MCR Open 2017,2017-09-20,11,P053,57,104,9,False
T008,Russian MCR Open 2017,2017-09-20,11,P088,58,104,9,False
T008,Russian MCR Open 2017,2017-09-20,11,P061,59,104,9,False
T008,Russian MCR Open 2017,2017-09-20,11,P085,60,104,9,False
T008,Russian MCR Open 2017,2017-09-20,11,P094,61,104,9,False
T008,Russian MCR Open 2017,2017-09-20,11,P109,62,104,9,False
T008,Russian MCR Open 2017,2017-09-20,11,P057,63,104,9,False
T008,Russian MCR Open 2017,2017-09-20,11,P099,64,104,9,False
T008,Russian MCR Open 2017,2017-09-20,11,P036,65,104,9,False
T008,Russian MCR Open 2017,2017-09-20,11,P011,66,104,9,False
T008,Russian MCR Open 2017,2017-09-20,11,P067,67,104,9,False
T008,Russian MCR Open 2017,2017-09-20,11,P004,68,104,9,False
T008,Russian MCR Open 2017,2017-09-20,11,P026,69,104,9,False
T008,Russian MCR Open 2017,2017-09-20,11,P069,70,104,9,False
T008,Russian MCR Open 2017,2017-09-20,11,P090,71,104,9,False
T008,Russian MCR Open 2017,2017-09-20,11,P050,72,104,9,False
T008,Russian MCR Open 2017,2017-09-20,11,P081,73,104,9,False
T008,Russian MCR Open 2017,2017-09-20,11,P074,74,104,9,False
T008,Russian MCR Open 2017,2017-09-20,11,P104,75,104,9,False
T008,Russian MCR Open 2017,2017-09-20,11,P010,76,104,9,False
T008,Russian MCR Open 2017,2017-09-20,11,P079,77,104,9,False
T008,Russian MCR Open 2017,2017-09-20,11,P059,78,104,9,False
T008,Russian MCR Open 2017,2017-09-20,11,P092,79,104,9,False
T008,Russian MCR Open 2017,2017-09-20,11,P051,80,104,9,False
T008,Russian MCR Open 2017,2017-09-20,11,P110,81,104,9,False
T008,Russian MCR Open 2017,2017-09-20,11,P015,82,104,9,False
T008,Russian MCR Open 2017,2017-09-20,11,P009,83,104,9,False
T008,Russian MCR Open 2017,2017-09-20,11,P047,84,104,9,False
T008,Russian MCR Open 2017,2017-09-20,11,P062,85,104,9,False
T008,Russian MCR Open 2017,2017-09-20,11,P054,86,104,9,False
T008,Russian MCR Open 2017,2017-09-20,11,P076,87,104,9,False
T008,Russian MCR Open 2017,2017-09-20,11,P034,88,104,9,False
T008,Russian MCR Open 2017,2017-09-20,11,P072,89,104,9,False
T008,Russian MCR Open 2017,2017-09-20,11,P083,90,104,9,False
T008,Russian MCR Open 2017,2017-09-20,11,P098,91,104,9,False
T008,Russian MCR Open 2017,2017-09-20,11,P037,92,104,9,False
T008,Russian MCR Open 2017,2017-09-20,11,P065,93,104,9,False
T008,Russian MCR Open 2017,2017-09-20,11,P040,94,104,9,False
T008,Russian MCR Open 2017,2017-09-20,11,P021,95,104,9,False
T008,Russian MCR Open 2017,2017-09-20,11,P068,96,104,9,False
T008,Russian MCR Open 2017,2017-09-20,11,P077,97,104,9,False
T008,Russian MCR Open 2017,2017-09-20,11,P025,98,104,9,False
T008,Russian MCR Open 2017,2017-09-20,11,P063,99,104,9,False
T008,Russian MCR Open 2017,2017-09-20,11,P008,100,104,9,False
T008,Russian MCR Open 2017,2017-09-20,11,P115,101,104,9,False
T008,Russian MCR Open 2017,2017-09-20,11,P087,102,104,9,False
T008,Russian MCR Open 2017,2017-09-20,11,P031,103,104,9,False
T008,Russian MCR Open 2017,2017-09-20,11,P045,104,104,9,False
T013,Нижний Новгород Cup 2018 #1,2018-07-11,12,P059,1,28,7,False
T013,Нижний Новгород Cup 2018 #1,2018-07-11,12,P080,2,28,7,False
T013,Нижний Новгород Cup 2018 #1,2018-07-11,12,P096,3,28,7,False
T013,Нижний Новгород Cup 2018 #1,2018-07-11,12,P020,4,28,7,False
T013,Нижний Новгород Cup 2018 #1,2018-07-11,12,P060,5,28,7,False
T013,Нижний Новгород Cup 2018 #1,2018-07-11,12,P113,6,28,7,False
T013,Нижний Новгород Cup 2018 #1,2018-07-11,12,P042,7,28,7,False
T013,Нижний Новгород Cup 2018 #1,2018-07-11,12,P048,8,28,7,False
T013,Нижний Новгород Cup 2018 #1,2018-07-11,12,P010,9,28,7,False
T013,Нижний Новгород Cup 2018 #1,2018-07-11,12,P058,10,28,7,False
T013,Нижний Новгород Cup 2018 #1,2018-07-11,12,P021,11,28,7,False
T013,Нижний Новгород Cup 2018 #1,2018-07-11,12,P008,12,28,7,False
T013,Нижний Новгород Cup 2018 #1,2018-07-11,12,P073,13,28,7,False
T013,Нижний Новгород Cup 2018 #1,2018-07-11,12,P092,14,28,7,False
T013,Нижний Новгород Cup 2018 #1,2018-07-11,12,P004,15,28,7,False
T013,Нижний Новгород Cup 2018 #1,2018-07-11,12,P043,16,28,7,False
T013,Нижний Новгород Cup 2018 #1,2018-07-11,12,P081,17,28,7,False
T013,Нижний Новгород Cup 2018 #1,2018-07-11,12,P025,18,28,7,False
T013,Нижний Новгород Cup 2018 #1,2018-07-11,12,P015,19,28,7,False
T013,Нижний Новгород Cup 2018 #1,2018-07-11,12,P072,20,28,7,False
T013,Нижний Новгород Cup 2018 #1,2018-07-11,12,P061,21,28,7,False
T013,Нижний Новгород Cup 2018 #1,2018-07-11,12,P100,22,28,7,False
T013,Нижний Новгород Cup 2018 #1,2018-07-11,12,P022,23,28,7,False
T013,Нижний Новгород Cup 2018 #1,2018-07-11,12,P009,24,28,7,False
T013,Нижний Новгород Cup 2018 #1,2018-07-11,12,P063,25,28,7,False
T013,Нижний Новгород Cup 2018 #1,2018-07-11,12,P077,26,28,7,False
T013,Нижний Новгород Cup 2018 #1,2018-07-11,12,P007,27,28,7,False
T013,Нижний Новгород Cup 2018 #1,2018-07-11,12,P082,28,28,7,False
T012,Russian MCR Open 2018,2018-10-23,13,P107,1,104,10,False
T012,Russian MCR Open 2018,2018-10-23,13,P018,2,104,10,False
T012,Russian MCR Open 2018,2018-10-23,13,P084,3,104,10,False
T012,Russian MCR Open 2018,2018-10-23,13,P030,4,104,10,False
T012,Russian MCR Open 2018,2018-10-23,13,P073,5,104,10,False
T012,Russian MCR Open 2018,2018-10-23,13,P042,6,104,10,False
T012,Russian MCR Open 2018,2018-10-23,13,P113,7,104,10,False
T012,Russian MCR Open 2018,2018-10-23,13,P112,8,104,10,False
T012,Russian MCR Open 2018,2018-10-23,13,P014,9,104,10,False
T012,Russian MCR Open 2018,2018-10-23,13,P033,10,104,10,False
T012,Russian MCR Open 2018,2018-10-23,13,P096,11,104,10,False
T012,Russian MCR Open 2018,2018-10-23,13,P097,12,104,10,False
T012,Russian MCR Open 2018,2018-10-23,13,P070,13,104,10,False
T012,Russian MCR Open 2018,2018-10-23,13,P027,14,104,10,False
T012,Russian MCR Open 2018,2018-10-23,13,P059,15,104,10,False
T012,Russian MCR Open 2018,2018-10-23,13,P006,16,104,10,False
T012,Russian MCR Open 2018,2018-10-23,13,P019,17,104,10,False
T012,Russian MCR Open 2018,2018-10-23,13,P028,18,104,10,False
T012,Russian MCR Open 2018,2018-10-23,13,P101,19,104,10,False
T012,Russian MCR Open 2018,2018-10-23,13,P119,20,104,10,False
T012,Russian MCR Open 2018,2018-10-23,13,P003,21,104,10,False
T012,Russian MCR Open 2018,2018-10-23,13,P055,22,104,10,False
T012,Russian MCR Open 2018,2018-10-23,13,P088,23,104,10,False
T012,Russian MCR Open 2018,2018-10-23,13,P068,24,104,10,False
T012,Russian MCR Open 2018,2018-10-23,13,P020,25,104,10,False
T012,Russian MCR Open 2018,2018-10-23,13,P049,26,104,10,False
T012,Russian MCR Open 2018,2018-10-23,13,P031,27,104,10,False
T012,Russian MCR Open 2018,2018-10-23,13,P010,28,104,10,False
T012,Russian MCR Open 2018,2018-10-23,13,P038,29,104,10,False
T012,Russian MCR Open 2018,2018-10-23,13,P064,30,104,10,False
T012,Russian MCR Open 2018,2018-10-23,13,P012,31,104,10,False
T012,Russian MCR Open 2018,2018-10-23,13,P066,32,104,10,False
T012,Russian MCR Open 2018,2018-10-23,13,P052,33,104,10,False
T012,Russian MCR Open 2018,2018-10-23,13,P035,34,104,10,False
T012,Russian MCR Open 2018,2018-10-23,13,P104,35,104,10,False
T012,Russian MCR Open 2018,2018-10-23,13,P013,36,104,10,False
T012,Russian MCR Open 2018,2018-10-23,13,P065,37,104,10,False
T012,Russian MCR Open 2018,2018-10-23,13,P092,38,104,10,False
T012,Russian MCR Open 2018,2018-10-23,13,P085,39,104,10,False
T012,Russian MCR Open 2018,2018-10-23,13,P116,40,104,10,False
T012,Russian MCR Open 2018,2018-10-23,13,P044,41,104,10,False
T012,Russian MCR Open 2018,2018-10-23,13,P080,42,104,10,False
T012,Russian MCR Open 2018,2018-10-23,13,P053,43,104,10,False
T012,Russian MCR Open 2018,2018-10-23,13,P002,44,104,10,False
T012,Russian MCR Open 2018,2018-10-23,13,P036,45,104,10,False
T012,Russian MCR Open 2018,2018-10-23,13,P095,46,104,10,False
T012,Russian MCR Open 2018,2018-10-23,13,P114,47,104,10,False
T012,Russian MCR Open 2018,2018-10-23,13,P023,48,104,10,False
T012,Russian MCR Open 2018,2018-10-23,13,P024,49,104,10,False
T012,Russian MCR Open 2018,2018-10-23,13,P093,50,104,10,False
T012,Russian MCR Open 2018,2018-10-23,13,P105,51,104,10,False
T012,Russian MCR Open 2018,2018-10-23,13,P063,52,104,10,False
T012,Russian MCR Open 2018,2018-10-23,13,P091,53,104,10,False
T012,Russian MCR Open 2018,2018-10-23,13,P041,54,104,10,False
T012,Russian MCR Open 2018,2018-10-23,13,P086,55,104,10,False
T012,Russian MCR Open 2018,2018-10-23,13,P005,56,104,10,False
T012,Russian MCR Open 2018,2018-10-23,13,P008,57,104,10,False
T012,Russian MCR Open 2018,2018-10-23,13,P048,58,104,10,False
T012,Russian MCR Open 2018,2018-10-23,13,P079,59,104,10,False
T012,Russian MCR Open 2018,2018-10-23,13,P017,60,104,10,False
T012,Russian MCR Open 2018,2018-10-23,13,P090,61,104,10,False
T012,Russian MCR Open 2018,2018-10-23,13,P058,62,104,10,False
T012,Russian MCR Open 2018,2018-10-23,13,P099,63,104,10,False
T012,Russian MCR Open 2018,2018-10-23,13,P111,64,104,10,False
T012,Russian MCR Open 2018,2018-10-23,13,P050,65,104,10,False
T012,Russian MCR Open 2018,2018-10-23,13,P015,66,104,10,False
T012,Russian MCR Open 2018,2018-10-23,13,P029,67,104,10,False
T012,Russian MCR Open 2018,2018-10-23,13,P075,68,104,10,False
T012,Russian MCR Open 2018,2018-10-23,13,P021,69,104,10,False
T012,Russian MCR Open 2018,2018-10-23,13,P045,70,104,10,False
T012,Russian MCR Open 2018,2018-10-23,13,P072,71,104,10,False
T012,Russian MCR Open 2018,2018-10-23,13,P043,72,104,10,False
T012,Russian MCR Open 2018,2018-10-23,13,P117,73,104,10,False
T012,Russian MCR Open 2018,2018-10-23,13,P102,74,104,10,False
T012,Russian MCR Open 2018,2018-10-23,13,P120,75,104,10,False
T012,Russian MCR Open 2018,2018-10-23,13,P054,76,104,10,False
T012,Russian MCR Open 2018,2018-10-23,13,P037,77,104,10,False
T012,Russian MCR Open 2018,2018-10-23,13,P026,78,104,10,False
T012,Russian MCR Open 2018,2018-10-23,13,P087,79,104,10,False
T012,Russian MCR Open 2018,2018-10-23,13,P061,80,104,10,False
T012,Russian MCR Open 2018,2018-10-23,13,P098,81,104,10,False
T012,Russian MCR Open 2018,2018-10-23,13,P109,82,104,10,False
T012,Russian MCR Open 2018,2018-10-23,13,P032,83,104,10,False
T012,Russian MCR Open 2018,2018-10-23,13,P077,84,104,10,False
T012,Russian MCR Open 2018,2018-10-23,13,P016,85,104,10,False
T012,Russian MCR Open 2018,2018-10-23,13,P040,86,104,10,False
T012,Russian MCR Open 2018,2018-10-23,13,P100,87,104,10,False
T012,Russian MCR Open 2018,2018-10-23,13,P051,88,104,10,False
T012,Russian MCR Open 2018,2018-10-23,13,P046,89,104,10,False
T012,Russian MCR Open 2018,2018-10-23,13,P081,90,104,10,False
T012,Russian MCR Open 2018,2018-10-23,13,P110,91,104,10,False
T012,Russian MCR Open 2018,2018-10-23,13,P025,92,104,10,False
T012,Russian MCR Open 2018,2018-10-23,13,P047,93,104,10,False
T012,Russian MCR Open 2018,2018-10-23,13,P004,94,104,10,False
T012,Russian MCR Open 2018,2018-10-23,13,P069,95,104,10,False
T012,Russian MCR Open 2018,2018-10-23,13,P118,96,104,10,False
T012,Russian MCR Open 2018,2018-10-23,13,P011,97,104,10,False
T012,Russian MCR Open 2018,2018-10-23,13,P082,98,104,10,False
T012,Russian MCR Open 2018,2018-10-23,13,P034,99,104,10,False
T012,Russian MCR Open 2018,2018-10-23,13,P009,100,104,10,False
T012,Russian MCR Open 2018,2018-10-23,13,P022,101,104,10,False
T012,Russian MCR Open 2018,2018-10-23,13,P115,102,104,10,False
T012,Russian MCR Open 2018,2018-10-23,13,P007,103,104,10,False
T012,Russian MCR Open 2018,2018-10-23,13,P083,104,104,10,False
T015,Новосибирск Cup 2019 #1,2019-02-21,14,P071,1,56,6,False
T015,Новосибирск Cup 2019 #1,2019-02-21,14,P064,2,56,6,False
T015,Новосибирск Cup 2019 #1,2019-02-21,14,P116,3,56,6,False
T015,Новосибирск Cup 2019 #1,2019-02-21,14,P103,4,56,6,False
T015,Новосибирск Cup 2019 #1,2019-02-21,14,P016,5,56,6,False
T015,Новосибирск Cup 2019 #1,2019-02-21,14,P024,6,56,6,False
T015,Новосибирск Cup 2019 #1,2019-02-21,14,P085,7,56,6,False
T015,Новосибирск Cup 2019 #1,2019-02-21,14,P114,8,56,6,False
T015,Новосибирск Cup 2019 #1,2019-02-21,14,P119,9,56,6,False
T015,Новосибирск Cup 2019 #1,2019-02-21,14,P027,10,56,6,False
T015,Новосибирск Cup 2019 #1,2019-02-21,14,P066,11,56,6,False
T015,Новосибирск Cup 2019 #1,2019-02-21,14,P019,12,56,6,False
T015,Новосибирск Cup 2019 #1,2019-02-21,14,P013,13,56,6,False
T015,Новосибирск Cup 2019 #1,2019-02-21,14,P087,14,56,6,False
T015,Новосибирск Cup 2019 #1,2019-02-21,14,P015,15,56,6,False
T015,Новосибирск Cup 2019 #1,2019-02-21,14,P021,16,56,6,False
T015,Новосибирск Cup 2019 #1,2019-02-21,14,P112,17,56,6,False
T015,Новосибирск Cup 2019 #1,2019-02-21,14,P041,18,56,6,False
T015,Новосибирск Cup 2019 #1,2019-02-21,14,P035,19,56,6,False
T015,Новосибирск Cup 2019 #1,2019-02-21,14,P006,20,56,6,False
T015,Новосибирск Cup 2019 #1,2019-02-21,14,P042,21,56,6,False
T015,Новосибирск Cup 2019 #1,2019-02-21,14,P111,22,56,6,False
T015,Новосибирск Cup 2019 #1,2019-02-21,14,P059,23,56,6,False
T015,Новосибирск Cup 2019 #1,2019-02-21,14,P044,24,56,6,False
T015,Новосибирск Cup 2019 #1,2019-02-21,14,P055,25,56,6,False
T015,Новосибирск Cup 2019 #1,2019-02-21,14,P043,26,56,6,False
T015,Новосибирск Cup 2019 #1,2019-02-21,14,P033,27,56,6,False
T015,Новосибирск Cup 2019 #1,2019-02-21,14,P010,28,56,6,False
T015,Новосибирск Cup 2019 #1,2019-02-21,14,P007,29,56,6,False
T015,Новосибирск Cup 2019 #1,2019-02-21,14,P082,30,56,6,False
T015,Новосибирск Cup 2019 #1,2019-02-21,14,P051,31,56,6,False
T015,Новосибирск Cup 2019 #1,2019-02-21,14,P075,32,56,6,False
T015,Новосибирск Cup 2019 #1,2019-02-21,14,P102,33,56,6,False
T015,Новосибирск Cup 2019 #1,2019-02-21,14,P079,34,56,6,False
T015,Новосибирск Cup 2019 #1,2019-02-21,14,P039,35,56,6,False
T015,Новосибирск Cup 2019 #1,2019-02-21,14,P050,36,56,6,False
T015,Новосибирск Cup 2019 #1,2019-02-21,14,P003,37,56,6,False
T015,Новосибирск Cup 2019 #1,2019-02-21,14,P005,38,56,6,False
T015,Новосибирск Cup 2019 #1,2019-02-21,14,P023,39,56,6,False
T015,Новосибирск Cup 2019 #1,2019-02-21,14,P017,40,56,6,False
T015,Новосибирск Cup 2019 #1,2019-02-21,14,P052,41,56,6,False
T015,Новосибирск Cup 2019 #1,2019-02-21,14,P086,42,56,6,False
T015,Новосибирск Cup 2019 #1,2019-02-21,14,P025,43,56,6,False
T015,Новосибирск Cup 2019 #1,2019-02-21,14,P106,44,56,6,False
T015,Новосибирск Cup 2019 #1,2019-02-21,14,P031,45,56,6,False
T015,Новосибирск Cup 2019 #1,2019-02-21,14,P061,46,56,6,False
T015,Новосибирск Cup 2019 #1,2019-02-21,14,P104,47,56,6,False
T015,Новосибирск Cup 2019 #1,2019-02-21,14,P100,48,56,6,False
T015,Новосибирск Cup 2019 #1,2019-02-21,14,P098,49,56,6,False
T015,Новосибирск Cup 2019 #1,2019-02-21,14,P063,50,56,6,False
T015,Новосибирск Cup 2019 #1,2019-02-21,14,P040,51,56,6,False
T015,Новосибирск Cup 2019 #1,2019-02-21,14,P076,52,56,6,False
T015,Новосибирск Cup 2019 #1,2019-02-21,14,P090,53,56,6,False
T015,Новосибирск Cup 2019 #1,2019-02-21,14,P045,54,56,6,False
T015,Новосибирск Cup 2019 #1,2019-02-21,14,P011,55,56,6,False
T015,Новосибирск Cup 2019 #1,2019-02-21,14,P056,56,56,6,False
T014,International MCR Major 2019,2019-09-21,15,P114,1,108,9,True
T014,International MCR Major 2019,2019-09-21,15,P093,2,108,9,True
T014,International MCR Major 2019,2019-09-21,15,P044,3,108,9,True
T014,International MCR Major 2019,2019-09-21,15,P027,4,108,9,True
T014,International MCR Major 2019,2019-09-21,15,P018,5,108,9,True
T014,International MCR Major 2019,2019-09-21,15,P013,6,108,9,True
T014,International MCR Major 2019,2019-09-21,15,P024,7,108,9,True
T014,International MCR Major 2019,2019-09-21,15,P096,8,108,9,True
T014,International MCR Major 2019,2019-09-21,15,P055,9,108,9,True
T014,International MCR Major 2019,2019-09-21,15,P112,10,108,9,True
T014,International MCR Major 2019,2019-09-21,15,P003,11,108,9,True
T014,International MCR Major 2019,2019-09-21,15,P079,12,108,9,True
T014,International MCR Major 2019,2019-09-21,15,P060,13,108,9,True
T014,International MCR Major 2019,2019-09-21,15,P085,14,108,9,True
T014,International MCR Major 2019,2019-09-21,15,P064,15,108,9,True
T014,International MCR Major 2019,2019-09-21,15,P102,16,108,9,True
T014,International MCR Major 2019,2019-09-21,15,P040,17,108,9,True
T014,International MCR Major 2019,2019-09-21,15,P101,18,108,9,True
T014,International MCR Major 2019,2019-09-21,15,P088,19,108,9,True
T014,International MCR Major 2019,2019-09-21,15,P073,20,108,9,True
T014,International MCR Major 2019,2019-09-21,15,P103,21,108,9,True
T014,International MCR Major 2019,2019-09-21,15,P017,22,108,9,True
T014,International MCR Major 2019,2019-09-21,15,P038,23,108,9,True
T014,International MCR Major 2019,2019-09-21,15,P059,24,108,9,True
T014,International MCR Major 2019,2019-09-21,15,P094,25,108,9,True
T014,International MCR Major 2019,2019-09-21,15,P075,26,108,9,True
T014,International MCR Major 2019,2019-09-21,15,P080,27,108,9,True
T014,International MCR Major 2019,2019-09-21,15,P109,28,108,9,True
T014,International MCR Major 2019,2019-09-21,15,P067,29,108,9,True
T014,International MCR Major 2019,2019-09-21,15,P035,30,108,9,True
T014,International MCR Major 2019,2019-09-21,15,P119,31,108,9,True
T014,International MCR Major 2019,2019-09-21,15,P005,32,108,9,True
T014,International MCR Major 2019,2019-09-21,15,P042,33,108,9,True
T014,International MCR Major 2019,2019-09-21,15,P070,34,108,9,True
T014,International MCR Major 2019,2019-09-21,15,P110,35,108,9,True
T014,International MCR Major 2019,2019-09-21,15,P056,36,108,9,True
T014,International MCR Major 2019,2019-09-21,15,P049,37,108,9,True
T014,International MCR Major 2019,2019-09-21,15,P028,38,108,9,True
T014,International MCR Major 2019,2019-09-21,15,P071,39,108,9,True
T014,International MCR Major 2019,2019-09-21,15,P010,40,108,9,True
T014,International MCR Major 2019,2019-09-21,15,P108,41,108,9,True
T014,International MCR Major 2019,2019-09-21,15,P116,42,108,9,True
T014,International MCR Major 2019,2019-09-21,15,P054,43,108,9,True
T014,International MCR Major 2019,2019-09-21,15,P041,44,108,9,True
T014,International MCR Major 2019,2019-09-21,15,P033,45,108,9,True
T014,International MCR Major 2019,2019-09-21,15,P020,46,108,9,True
T014,International MCR Major 2019,2019-09-21,15,P072,47,108,9,True
T014,International MCR Major 2019,2019-09-21,15,P066,48,108,9,True
T014,International MCR Major 2019,2019-09-21,15,P078,49,108,9,True
T014,International MCR Major 2019,2019-09-21,15,P019,50,108,9,True
T014,International MCR Major 2019,2019-09-21,15,P068,51,108,9,True
T014,International MCR Major 2019,2019-09-21,15,P016,52,108,9,True
T014,International MCR Major 2019,2019-09-21,15,P007,53,108,9,True
T014,International MCR Major 2019,2019-09-21,15,P091,54,108,9,True
T014,International MCR Major 2019,2019-09-21,15,P002,55,108,9,True
T014,International MCR Major 2019,2019-09-21,15,P069,56,108,9,True
T014,International MCR Major 2019,2019-09-21,15,P011,57,108,9,True
T014,International MCR Major 2019,2019-09-21,15,P031,58,108,9,True
T014,International MCR Major 2019,2019-09-21,15,P057,59,108,9,True
T014,International MCR Major 2019,2019-09-21,15,P030,60,108,9,True
T014,International MCR Major 2019,2019-09-21,15,P050,61,108,9,True
T014,International MCR Major 2019,2019-09-21,15,P107,62,108,9,True
T014,International MCR Major 2019,2019-09-21,15,P058,63,108,9,True
T014,International MCR Major 2019,2019-09-21,15,P021,64,108,9,True
T014,International MCR Major 2019,2019-09-21,15,P046,65,108,9,True
T014,International MCR Major 2019,2019-09-21,15,P081,66,108,9,True
T014,International MCR Major 2019,2019-09-21,15,P014,67,108,9,True
T014,International MCR Major 2019,2019-09-21,15,P113,68,108,9,True
T014,International MCR Major 2019,2019-09-21,15,P063,69,108,9,True
T014,International MCR Major 2019,2019-09-21,15,P039,70,108,9,True
T014,International MCR Major 2019,2019-09-21,15,P012,71,108,9,True
T014,International MCR Major 2019,2019-09-21,15,P086,72,108,9,True
T014,International MCR Major 2019,2019-09-21,15,P099,73,108,9,True
T014,International MCR Major 2019,2019-09-21,15,P105,74,108,9,True
T014,International MCR Major 2019,2019-09-21,15,P062,75,108,9,True
T014,International MCR Major 2019,2019-09-21,15,P034,76,108,9,True
T014,International MCR Major 2019,2019-09-21,15,P065,77,108,9,True
T014,International MCR Major 2019,2019-09-21,15,P036,78,108,9,True
T014,International MCR Major 2019,2019-09-21,15,P051,79,108,9,True
T014,International MCR Major 2019,2019-09-21,15,P117,80,108,9,True
T014,International MCR Major 2019,2019-09-21,15,P004,81,108,9,True
T014,International MCR Major 2019,2019-09-21,15,P026,82,108,9,True
T014,International MCR Major 2019,2019-09-21,15,P023,83,108,9,True
T014,International MCR Major 2019,2019-09-21,15,P082,84,108,9,True
T014,International MCR Major 2019,2019-09-21,15,P120,85,108,9,True
T014,International MCR Major 2019,2019-09-21,15,P074,86,108,9,True
T014,International MCR Major 2019,2019-09-21,15,P022,87,108,9,True
T014,International MCR Major 2019,2019-09-21,15,P090,88,108,9,True
T014,International MCR Major 2019,2019-09-21,15,P083,89,108,9,True
T014,International MCR Major 2019,2019-09-21,15,P076,90,108,9,True
T014,International MCR Major 2019,2019-09-21,15,P032,91,108,9,True
T014,International MCR Major 2019,2019-09-21,15,P001,92,108,9,True
T014,International MCR Major 2019,2019-09-21,15,P052,93,108,9,True
T014,International MCR Major 2019,2019-09-21,15,P097,94,108,9,True
T014,International MCR Major 2019,2019-09-21,15,P106,95,108,9,True
T014,International MCR Major 2019,2019-09-21,15,P089,96,108,9,True
T014,International MCR Major 2019,2019-09-21,15,P043,97,108,9,True
T014,International MCR Major 2019,2019-09-21,15,P111,98,108,9,True
T014,International MCR Major 2019,2019-09-21,15,P015,99,108,9,True
T014,International MCR Major 2019,2019-09-21,15,P025,100,108,9,True
T014,International MCR Major 2019,2019-09-21,15,P077,101,108,9,True
T014,International MCR Major 2019,2019-09-21,15,P047,102,108,9,True
T014,International MCR Major 2019,2019-09-21,15,P045,103,108,9,True
T014,International MCR Major 2019,2019-09-21,15,P104,104,108,9,True
T014,International MCR Major 2019,2019-09-21,15,P087,105,108,9,True
T014,International MCR Major 2019,2019-09-21,15,P009,106,108,9,True
T014,International MCR Major 2019,2019-09-21,15,P008,107,108,9,True
T014,International MCR Major 2019,2019-09-21,15,P061,108,108,9,True
T017,Москва Cup 2020 #1,2020-04-23,16,P055,1,44,6,False
T017,Москва Cup 2020 #1,2020-04-23,16,P018,2,44,6,False
T017,Москва Cup 2020 #1,2020-04-23,16,P028,3,44,6,False
T017,Москва Cup 2020 #1,2020-04-23,16,P035,4,44,6,False
T017,Москва Cup 2020 #1,2020-04-23,16,P002,5,44,6,False
T017,Москва Cup 2020 #1,2020-04-23,16,P088,6,44,6,False
T017,Москва Cup 2020 #1,2020-04-23,16,P117,7,44,6,False
T017,Москва Cup 2020 #1,2020-04-23,16,P101,8,44,6,False
T017,Москва Cup 2020 #1,2020-04-23,16,P113,9,44,6,False
T017,Москва Cup 2020 #1,2020-04-23,16,P017,10,44,6,False
T017,Москва Cup 2020 #1,2020-04-23,16,P095,11,44,6,False
T017,Москва Cup 2020 #1,2020-04-23,16,P093,12,44,6,False
T017,Москва Cup 2020 #1,2020-04-23,16,P120,13,44,6,False
T017,Москва Cup 2020 #1,2020-04-23,16,P119,14,44,6,False
T017,Москва Cup 2020 #1,2020-04-23,16,P092,15,44,6,False
T017,Москва Cup 2020 #1,2020-04-23,16,P041,16,44,6,False
T017,Москва Cup 2020 #1,2020-04-23,16,P038,17,44,6,False
T017,Москва Cup 2020 #1,2020-04-23,16,P062,18,44,6,False
T017,Москва Cup 2020 #1,2020-04-23,16,P074,19,44,6,False
T017,Москва Cup 2020 #1,2020-04-23,16,P012,20,44,6,False
T017,Москва Cup 2020 #1,2020-04-23,16,P110,21,44,6,False
T017,Москва Cup 2020 #1,2020-04-23,16,P004,22,44,6,False
T017,Москва Cup 2020 #1,2020-04-23,16,P072,23,44,6,False
T017,Москва Cup 2020 #1,2020-04-23,16,P102,24,44,6,False
T017,Москва Cup 2020 #1,2020-04-23,16,P013,25,44,6,False
T017,Москва Cup 2020 #1,2020-04-23,16,P105,26,44,6,False
T017,Москва Cup 2020 #1,2020-04-23,16,P094,27,44,6,False
T017,Москва Cup 2020 #1,2020-04-23,16,P026,28,44,6,False
T017,Москва Cup 2020 #1,2020-04-23,16,P063,29,44,6,False
T017,Москва Cup 2020 #1,2020-04-23,16,P033,30,44,6,False
T017,Москва Cup 2020 #1,2020-04-23,16,P016,31,44,6,False
T017,Москва Cup 2020 #1,2020-04-23,16,P052,32,44,6,False
T017,Москва Cup 2020 #1,2020-04-23,16,P061,33,44,6,False
T017,Москва Cup 2020 #1,2020-04-23,16,P083,34,44,6,False
T017,Москва Cup 2020 #1,2020-04-23,16,P111,35,44,6,False
T017,Москва Cup 2020 #1,2020-04-23,16,P005,36,44,6,False
T017,Москва Cup 2020 #1,2020-04-23,16,P116,37,44,6,False
T017,Москва Cup 2020 #1,2020-04-23,16,P054,38,44,6,False
T017,Москва Cup 2020 #1,2020-04-23,16,P077,39,44,6,False
T017,Москва Cup 2020 #1,2020-04-23,16,P115,40,44,6,False
T017,Москва Cup 2020 #1,2020-04-23,16,P045,41,44,6,False
T017,Москва Cup 2020 #1,2020-04-23,16,P100,42,44,6,False
T017,Москва Cup 2020 #1,2020-04-23,16,P098,43,44,6,False
T017,Москва Cup 2020 #1,2020-04-23,16,P050,44,44,6,False
T018,Санкт-Петербург Cup 2020 #2,2020-07-15,17,P013,1,64,4,False
T018,Санкт-Петербург Cup 2020 #2,2020-07-15,17,P027,2,64,4,False
T018,Санкт-Петербург Cup 2020 #2,2020-07-15,17,P103,3,64,4,False
T018,Санкт-Петербург Cup 2020 #2,2020-07-15,17,P006,4,64,4,False
T018,Санкт-Петербург Cup 2020 #2,2020-07-15,17,P114,5,64,4,False
T018,Санкт-Петербург Cup 2020 #2,2020-07-15,17,P113,6,64,4,False
T018,Санкт-Петербург Cup 2020 #2,2020-07-15,17,P070,7,64,4,False
T018,Санкт-Петербург Cup 2020 #2,2020-07-15,17,P101,8,64,4,False
T018,Санкт-Петербург Cup 2020 #2,2020-07-15,17,P002,9,64,4,False
T018,Санкт-Петербург Cup 2020 #2,2020-07-15,17,P020,10,64,4,False
T018,Санкт-Петербург Cup 2020 #2,2020-07-15,17,P097,11,64,4,False
T018,Санкт-Петербург Cup 2020 #2,2020-07-15,17,P079,12,64,4,False
T018,Санкт-Петербург Cup 2020 #2,2020-07-15,17,P106,13,64,4,False
T018,Санкт-Петербург Cup 2020 #2,2020-07-15,17,P044,14,64,4,False
T018,Санкт-Петербург Cup 2020 #2,2020-07-15,17,P001,15,64,4,False
T018,Санкт-Петербург Cup 2020 #2,2020-07-15,17,P105,16,64,4,False
T018,Санкт-Петербург Cup 2020 #2,2020-07-15,17,P073,17,64,4,False
T018,Санкт-Петербург Cup 2020 #2,2020-07-15,17,P042,18,64,4,False
T018,Санкт-Петербург Cup 2020 #2,2020-07-15,17,P055,19,64,4,False
T018,Санкт-Петербург Cup 2020 #2,2020-07-15,17,P043,20,64,4,False
T018,Санкт-Петербург Cup 2020 #2,2020-07-15,17,P030,21,64,4,False
T018,Санкт-Петербург Cup 2020 #2,2020-07-15,17,P088,22,64,4,False
T018,Санкт-Петербург Cup 2020 #2,2020-07-15,17,P003,23,64,4,False
T018,Санкт-Петербург Cup 2020 #2,2020-07-15,17,P010,24,64,4,False
T018,Санкт-Петербург Cup 2020 #2,2020-07-15,17,P059,25,64,4,False
T018,Санкт-Петербург Cup 2020 #2,2020-07-15,17,P116,26,64,4,False
T018,Санкт-Петербург Cup 2020 #2,2020-07-15,17,P092,27,64,4,False
T018,Санкт-Петербург Cup 2020 #2,2020-07-15,17,P094,28,64,4,False
T018,Санкт-Петербург Cup 2020 #2,2020-07-15,17,P023,29,64,4,False
T018,Санкт-Петербург Cup 2020 #2,2020-07-15,17,P086,30,64,4,False
T018,Санкт-Петербург Cup 2020 #2,2020-07-15,17,P051,31,64,4,False
T018,Санкт-Петербург Cup 2020 #2,2020-07-15,17,P090,32,64,4,False
T018,Санкт-Петербург Cup 2020 #2,2020-07-15,17,P031,33,64,4,False
T018,Санкт-Петербург Cup 2020 #2,2020-07-15,17,P068,34,64,4,False
T018,Санкт-Петербург Cup 2020 #2,2020-07-15,17,P066,35,64,4,False
T018,Санкт-Петербург Cup 2020 #2,2020-07-15,17,P100,36,64,4,False
T018,Санкт-Петербург Cup 2020 #2,2020-07-15,17,P045,37,64,4,False
T018,Санкт-Петербург Cup 2020 #2,2020-07-15,17,P087,38,64,4,False
T018,Санкт-Петербург Cup 2020 #2,2020-07-15,17,P058,39,64,4,False
T018,Санкт-Петербург Cup 2020 #2,2020-07-15,17,P107,40,64,4,False
T018,Санкт-Петербург Cup 2020 #2,2020-07-15,17,P102,41,64,4,False
T018,Санкт-Петербург Cup 2020 #2,2020-07-15,17,P091,42,64,4,False
T018,Санкт-Петербург Cup 2020 #2,2020-07-15,17,P098,43,64,4,False
T018,Санкт-Петербург Cup 2020 #2,2020-07-15,17,P099,44,64,4,False
T018,Санкт-Петербург Cup 2020 #2,2020-07-15,17,P061,45,64,4,False
T018,Санкт-Петербург Cup 2020 #2,2020-07-15,17,P004,46,64,4,False
T018,Санкт-Петербург Cup 2020 #2,2020-07-15,17,P012,47,64,4,False
T018,Санкт-Петербург Cup 2020 #2,2020-07-15,17,P065,48,64,4,False
T018,Санкт-Петербург Cup 2020 #2,2020-07-15,17,P071,49,64,4,False
T018,Санкт-Петербург Cup 2020 #2,2020-07-15,17,P005,50,64,4,False
T018,Санкт-Петербург Cup 2020 #2,2020-07-15,17,P111,51,64,4,False
T018,Санкт-Петербург Cup 2020 #2,2020-07-15,17,P046,52,64,4,False
T018,Санкт-Петербург Cup 2020 #2,2020-07-15,17,P067,53,64,4,False
T018,Санкт-Петербург Cup 2020 #2,2020-07-15,17,P047,54,64,4,False
T018,Санкт-Петербург Cup 2020 #2,2020-07-15,17,P104,55,64,4,False
T018,Санкт-Петербург Cup 2020 #2,2020-07-15,17,P040,56,64,4,False
T018,Санкт-Петербург Cup 2020 #2,2020-07-15,17,P060,57,64,4,False
T018,Санкт-Петербург Cup 2020 #2,2020-07-15,17,P083,58,64,4,False
T018,Санкт-Петербург Cup 2020 #2,2020-07-15,17,P015,59,64,4,False
T018,Санкт-Петербург Cup 2020 #2,2020-07-15,17,P080,60,64,4,False
T018,Санкт-Петербург Cup 2020 #2,2020-07-15,17,P008,61,64,4,False
T018,Санкт-Петербург Cup 2020 #2,2020-07-15,17,P054,62,64,4,False
T018,Санкт-Петербург Cup 2020 #2,2020-07-15,17,P074,63,64,4,False
T018,Санкт-Петербург Cup 2020 #2,2020-07-15,17,P064,64,64,4,False
T016,Russian MCR Open 2020,2020-09-20,18,P030,1,88,8,False
T016,Russian MCR Open 2020,2020-09-20,18,P044,2,88,8,False
T016,Russian MCR Open 2020,2020-09-20,18,P073,3,88,8,False
T016,Russian MCR Open 2020,2020-09-20,18,P114,4,88,8,False
T016,Russian MCR Open 2020,2020-09-20,18,P035,5,88,8,False
T016,Russian MCR Open 2020,2020-09-20,18,P101,6,88,8,False
T016,Russian MCR Open 2020,2020-09-20,18,P064,7,88,8,False
T016,Russian MCR Open 2020,2020-09-20,18,P020,8,88,8,False
T016,Russian MCR Open 2020,2020-09-20,18,P096,9,88,8,False
T016,Russian MCR Open 2020,2020-09-20,18,P080,10,88,8,False
T016,Russian MCR Open 2020,2020-09-20,18,P002,11,88,8,False
T016,Russian MCR Open 2020,2020-09-20,18,P113,12,88,8,False
T016,Russian MCR Open 2020,2020-09-20,18,P104,13,88,8,False
T016,Russian MCR Open 2020,2020-09-20,18,P039,14,88,8,False
T016,Russian MCR Open 2020,2020-09-20,18,P027,15,88,8,False
T016,Russian MCR Open 2020,2020-09-20,18,P103,16,88,8,False
T016,Russian MCR Open 2020,2020-09-20,18,P059,17,88,8,False
T016,Russian MCR Open 2020,2020-09-20,18,P083,18,88,8,False
T016,Russian MCR Open 2020,2020-09-20,18,P116,19,88,8,False
T016,Russian MCR Open 2020,2020-09-20,18,P070,20,88,8,False
T016,Russian MCR Open 2020,2020-09-20,18,P071,21,88,8,False
T016,Russian MCR Open 2020,2020-09-20,18,P031,22,88,8,False
T016,Russian MCR Open 2020,2020-09-20,18,P004,23,88,8,False
T016,Russian MCR Open 2020,2020-09-20,18,P013,24,88,8,False
T016,Russian MCR Open 2020,2020-09-20,18,P058,25,88,8,False
T016,Russian MCR Open 2020,2020-09-20,18,P067,26,88,8,False
T016,Russian MCR Open 2020,2020-09-20,18,P048,27,88,8,False
T016,Russian MCR Open 2020,2020-09-20,18,P052,28,88,8,False
T016,Russian MCR Open 2020,2020-09-20,18,P049,29,88,8,False
T016,Russian MCR Open 2020,2020-09-20,18,P012,30,88,8,False
T016,Russian MCR Open 2020,2020-09-20,18,P019,31,88,8,False
T016,Russian MCR Open 2020,2020-09-20,18,P016,32,88,8,False
T016,Russian MCR Open 2020,2020-09-20,18,P010,33,88,8,False
T016,Russian MCR Open 2020,2020-09-20,18,P038,34,88,8,False
T016,Russian MCR Open 2020,2020-09-20,18,P079,35,88,8,False
T016,Russian MCR Open 2020,2020-09-20,18,P106,36,88,8,False
T016,Russian MCR Open 2020,2020-09-20,18,P107,37,88,8,False
T016,Russian MCR Open 2020,2020-09-20,18,P090,38,88,8,False
T016,Russian MCR Open 2020,2020-09-20,18,P028,39,88,8,False
T016,Russian MCR Open 2020,2020-09-20,18,P093,40,88,8,False
T016,Russian MCR Open 2020,2020-09-20,18,P022,41,88,8,False
T016,Russian MCR Open 2020,2020-09-20,18,P066,42,88,8,False
T016,Russian MCR Open 2020,2020-09-20,18,P089,43,88,8,False
T016,Russian MCR Open 2020,2020-09-20,18,P105,44,88,8,False
T016,Russian MCR Open 2020,2020-09-20,18,P024,45,88,8,False
T016,Russian MCR Open 2020,2020-09-20,18,P100,46,88,8,False
T016,Russian MCR Open 2020,2020-09-20,18,P091,47,88,8,False
T016,Russian MCR Open 2020,2020-09-20,18,P041,48,88,8,False
T016,Russian MCR Open 2020,2020-09-20,18,P026,49,88,8,False
T016,Russian MCR Open 2020,2020-09-20,18,P112,50,88,8,False
T016,Russian MCR Open 2020,2020-09-20,18,P078,51,88,8,False
T016,Russian MCR Open 2020,2020-09-20,18,P056,52,88,8,False
T016,Russian MCR Open 2020,2020-09-20,18,P055,53,88,8,False
T016,Russian MCR Open 2020,2020-09-20,18,P063,54,88,8,False
T016,Russian MCR Open 2020,2020-09-20,18,P021,55,88,8,False
T016,Russian MCR Open 2020,2020-09-20,18,P001,56,88,8,False
T016,Russian MCR Open 2020,2020-09-20,18,P068,57,88,8,False
T016,Russian MCR Open 2020,2020-09-20,18,P092,58,88,8,False
T016,Russian MCR Open 2020,2020-09-20,18,P006,59,88,8,False
T016,Russian MCR Open 2020,2020-09-20,18,P017,60,88,8,False
T016,Russian MCR Open 2020,2020-09-20,18,P110,61,88,8,False
T016,Russian MCR Open 2020,2020-09-20,18,P062,62,88,8,False
T016,Russian MCR Open 2020,2020-09-20,18,P077,63,88,8,False
T016,Russian MCR Open 2020,2020-09-20,18,P043,64,88,8,False
T016,Russian MCR Open 2020,2020-09-20,18,P118,65,88,8,False
T016,Russian MCR Open 2020,2020-09-20,18,P098,66,88,8,False
T016,Russian MCR Open 2020,2020-09-20,18,P075,67,88,8,False
T016,Russian MCR Open 2020,2020-09-20,18,P040,68,88,8,False
T016,Russian MCR Open 2020,2020-09-20,18,P009,69,88,8,False
T016,Russian MCR Open 2020,2020-09-20,18,P060,70,88,8,False
T016,Russian MCR Open 2020,2020-09-20,18,P115,71,88,8,False
T016,Russian MCR Open 2020,2020-09-20,18,P097,72,88,8,False
T016,Russian MCR Open 2020,2020-09-20,18,P015,73,88,8,False
T016,Russian MCR Open 2020,2020-09-20,18,P029,74,88,8,False
T016,Russian MCR Open 2020,2020-09-20,18,P007,75,88,8,False
T016,Russian MCR Open 2020,2020-09-20,18,P099,76,88,8,False
T016,Russian MCR Open 2020,2020-09-20,18,P076,77,88,8,False
T016,Russian MCR Open 2020,2020-09-20,18,P036,78,88,8,False
T016,Russian MCR Open 2020,2020-09-20,18,P008,79,88,8,False
T016,Russian MCR Open 2020,2020-09-20,18,P025,80,88,8,False
T016,Russian MCR Open 2020,2020-09-20,18,P111,81,88,8,False
T016,Russian MCR Open 2020,2020-09-20,18,P074,82,88,8,False
T016,Russian MCR Open 2020,2020-09-20,18,P065,83,88,8,False
T016,Russian MCR Open 2020,2020-09-20,18,P117,84,88,8,False
T016,Russian MCR Open 2020,2020-09-20,18,P034,85,88,8,False
T016,Russian MCR Open 2020,2020-09-20,18,P061,86,88,8,False
T016,Russian MCR Open 2020,2020-09-20,18,P109,87,88,8,False
T016,Russian MCR Open 2020,2020-09-20,18,P087,88,88,8,False
T020,Москва Cup 2021 #1,2021-06-13,19,P117,1,20,5,False
T020,Москва Cup 2021 #1,2021-06-13,19,P088,2,20,5,False
T020,Москва Cup 2021 #1,2021-06-13,19,P070,3,20,5,False
T020,Москва Cup 2021 #1,2021-06-13,19,P049,4,20,5,False
T020,Москва Cup 2021 #1,2021-06-13,19,P105,5,20,5,False
T020,Москва Cup 2021 #1,2021-06-13,19,P075,6,20,5,False
T020,Москва Cup 2021 #1,2021-06-13,19,P111,7,20,5,False
T020,Москва Cup 2021 #1,2021-06-13,19,P006,8,20,5,False
T020,Москва Cup 2021 #1,2021-06-13,19,P011,9,20,5,False
T020,Москва Cup 2021 #1,2021-06-13,19,P082,10,20,5,False
T020,Москва Cup 2021 #1,2021-06-13,19,P047,11,20,5,False
T020,Москва Cup 2021 #1,2021-06-13,19,P063,12,20,5,False
T020,Москва Cup 2021 #1,2021-06-13,19,P093,13,20,5,False
T020,Москва Cup 2021 #1,2021-06-13,19,P017,14,20,5,False
T020,Москва Cup 2021 #1,2021-06-13,19,P074,15,20,5,False
T020,Москва Cup 2021 #1,2021-06-13,19,P067,16,20,5,False
T020,Москва Cup 2021 #1,2021-06-13,19,P041,17,20,5,False
T020,Москва Cup 2021 #1,2021-06-13,19,P022,18,20,5,False
T020,Москва Cup 2021 #1,2021-06-13,19,P042,19,20,5,False
T020,Москва Cup 2021 #1,2021-06-13,19,P054,20,20,5,False
T019,Russian MCR Open 2021,2021-11-21,20,P101,1,112,10,False
T019,Russian MCR Open 2021,2021-11-21,20,P107,2,112,10,False
T019,Russian MCR Open 2021,2021-11-21,20,P018,3,112,10,False
T019,Russian MCR Open 2021,2021-11-21,20,P033,4,112,10,False
T019,Russian MCR Open 2021,2021-11-21,20,P096,5,112,10,False
T019,Russian MCR Open 2021,2021-11-21,20,P089,6,112,10,False
T019,Russian MCR Open 2021,2021-11-21,20,P020,7,112,10,False
T019,Russian MCR Open 2021,2021-11-21,20,P049,8,112,10,False
T019,Russian MCR Open 2021,2021-11-21,20,P060,9,112,10,False
T019,Russian MCR Open 2021,2021-11-21,20,P030,10,112,10,False
T019,Russian MCR Open 2021,2021-11-21,20,P084,11,112,10,False
T019,Russian MCR Open 2021,2021-11-21,20,P003,12,112,10,False
T019,Russian MCR Open 2021,2021-11-21,20,P117,13,112,10,False
T019,Russian MCR Open 2021,2021-11-21,20,P103,14,112,10,False
T019,Russian MCR Open 2021,2021-11-21,20,P088,15,112,10,False
T019,Russian MCR Open 2021,2021-11-21,20,P057,16,112,10,False
T019,Russian MCR Open 2021,2021-11-21,20,P064,17,112,10,False
T019,Russian MCR Open 2021,2021-11-21,20,P027,18,112,10,False
T019,Russian MCR Open 2021,2021-11-21,20,P093,19,112,10,False
T019,Russian MCR Open 2021,2021-11-21,20,P119,20,112,10,False
T019,Russian MCR Open 2021,2021-11-21,20,P059,21,112,10,False
T019,Russian MCR Open 2021,2021-11-21,20,P071,22,112,10,False
T019,Russian MCR Open 2021,2021-11-21,20,P104,23,112,10,False
T019,Russian MCR Open 2021,2021-11-21,20,P105,24,112,10,False
T019,Russian MCR Open 2021,2021-11-21,20,P044,25,112,10,False
T019,Russian MCR Open 2021,2021-11-21,20,P035,26,112,10,False
T019,Russian MCR Open 2021,2021-11-21,20,P114,27,112,10,False
T019,Russian MCR Open 2021,2021-11-21,20,P011,28,112,10,False
T019,Russian MCR Open 2021,2021-11-21,20,P075,29,112,10,False
T019,Russian MCR Open 2021,2021-11-21,20,P024,30,112,10,False
T019,Russian MCR Open 2021,2021-11-21,20,P094,31,112,10,False
T019,Russian MCR Open 2021,2021-11-21,20,P055,32,112,10,False
T019,Russian MCR Open 2021,2021-11-21,20,P092,33,112,10,False
T019,Russian MCR Open 2021,2021-11-21,20,P116,34,112,10,False
T019,Russian MCR Open 2021,2021-11-21,20,P070,35,112,10,False
T019,Russian MCR Open 2021,2021-11-21,20,P028,36,112,10,False
T019,Russian MCR Open 2021,2021-11-21,20,P113,37,112,10,False
T019,Russian MCR Open 2021,2021-11-21,20,P023,38,112,10,False
T019,Russian MCR Open 2021,2021-11-21,20,P014,39,112,10,False
T019,Russian MCR Open 2021,2021-11-21,20,P002,40,112,10,False
T019,Russian MCR Open 2021,2021-11-21,20,P013,41,112,10,False
T019,Russian MCR Open 2021,2021-11-21,20,P038,42,112,10,False
T019,Russian MCR Open 2021,2021-11-21,20,P111,43,112,10,False
T019,Russian MCR Open 2021,2021-11-21,20,P086,44,112,10,False
T019,Russian MCR Open 2021,2021-11-21,20,P019,45,112,10,False
T019,Russian MCR Open 2021,2021-11-21,20,P048,46,112,10,False
T019,Russian MCR Open 2021,2021-11-21,20,P097,47,112,10,False
T019,Russian MCR Open 2021,2021-11-21,20,P118,48,112,10,False
T019,Russian MCR Open 2021,2021-11-21,20,P050,49,112,10,False
T019,Russian MCR Open 2021,2021-11-21,20,P001,50,112,10,False
T019,Russian MCR Open 2021,2021-11-21,20,P007,51,112,10,False
T019,Russian MCR Open 2021,2021-11-21,20,P053,52,112,10,False
T019,Russian MCR Open 2021,2021-11-21,20,P009,53,112,10,False
T019,Russian MCR Open 2021,2021-11-21,20,P052,54,112,10,False
T019,Russian MCR Open 2021,2021-11-21,20,P016,55,112,10,False
T019,Russian MCR Open 2021,2021-11-21,20,P078,56,112,10,False
T019,Russian MCR Open 2021,2021-11-21,20,P072,57,112,10,False
T019,Russian MCR Open 2021,2021-11-21,20,P022,58,112,10,False
T019,Russian MCR Open 2021,2021-11-21,20,P112,59,112,10,False
T019,Russian MCR Open 2021,2021-11-21,20,P017,60,112,10,False
T019,Russian MCR Open 2021,2021-11-21,20,P025,61,112,10,False
T019,Russian MCR Open 2021,2021-11-21,20,P095,62,112,10,False
T019,Russian MCR Open 2021,2021-11-21,20,P099,63,112,10,False
T019,Russian MCR Open 2021,2021-11-21,20,P109,64,112,10,False
T019,Russian MCR Open 2021,2021-11-21,20,P010,65,112,10,False
T019,Russian MCR Open 2021,2021-11-21,20,P037,66,112,10,False
T019,Russian MCR Open 2021,2021-11-21,20,P026,67,112,10,False
T019,Russian MCR Open 2021,2021-11-21,20,P098,68,112,10,False
T019,Russian MCR Open 2021,2021-11-21,20,P066,69,112,10,False
T019,Russian MCR Open 2021,2021-11-21,20,P083,70,112,10,False
T019,Russian MCR Open 2021,2021-11-21,20,P045,71,112,10,False
T019,Russian MCR Open 2021,2021-11-21,20,P056,72,112,10,False
T019,Russian MCR Open 2021,2021-11-21,20,P065,73,112,10,False
T019,Russian MCR Open 2021,2021-11-21,20,P067,74,112,10,False
T019,Russian MCR Open 2021,2021-11-21,20,P004,75,112,10,False
T019,Russian MCR Open 2021,2021-11-21,20,P042,76,112,10,False
T019,Russian MCR Open 2021,2021-11-21,20,P110,77,112,10,False
T019,Russian MCR Open 2021,2021-11-21,20,P054,78,112,10,False
T019,Russian MCR Open 2021,2021-11-21,20,P100,79,112,10,False
T019,Russian MCR Open 2021,2021-11-21,20,P006,80,112,10,False
T019,Russian MCR Open 2021,2021-11-21,20,P068,81,112,10,False
T019,Russian MCR Open 2021,2021-11-21,20,P039,82,112,10,False
T019,Russian MCR Open 2021,2021-11-21,20,P041,83,112,10,False
T019,Russian MCR Open 2021,2021-11-21,20,P108,84,112,10,False
T019,Russian MCR Open 2021,2021-11-21,20,P074,85,112,10,False
T019,Russian MCR Open 2021,2021-11-21,20,P029,86,112,10,False
T019,Russian MCR Open 2021,2021-11-21,20,P051,87,112,10,False
T019,Russian MCR Open 2021,2021-11-21,20,P012,88,112,10,False
T019,Russian MCR Open 2021,2021-11-21,20,P091,89,112,10,False
T019,Russian MCR Open 2021,2021-11-21,20,P040,90,112,10,False
T019,Russian MCR Open 2021,2021-11-21,20,P069,91,112,10,False
T019,Russian MCR Open 2021,2021-11-21,20,P036,92,112,10,False
T019,Russian MCR Open 2021,2021-11-21,20,P106,93,112,10,False
T019,Russian MCR Open 2021,2021-11-21,20,P043,94,112,10,False
T019,Russian MCR Open 2021,2021-11-21,20,P120,95,112,10,False
T019,Russian MCR Open 2021,2021-11-21,20,P087,96,112,10,False
T019,Russian MCR Open 2021,2021-11-21,20,P034,97,112,10,False
T019,Russian MCR Open 2021,2021-11-21,20,P047,98,112,10,False
T019,Russian MCR Open 2021,2021-11-21,20,P090,99,112,10,False
T019,Russian MCR Open 2021,2021-11-21,20,P115,100,112,10,False
T019,Russian MCR Open 2021,2021-11-21,20,P021,101,112,10,False
T019,Russian MCR Open 2021,2021-11-21,20,P008,102,112,10,False
T019,Russian MCR Open 2021,2021-11-21,20,P031,103,112,10,False
T019,Russian MCR Open 2021,2021-11-21,20,P081,104,112,10,False
T019,Russian MCR Open 2021,2021-11-21,20,P102,105,112,10,False
T019,Russian MCR Open 2021,2021-11-21,20,P077,106,112,10,False
T019,Russian MCR Open 2021,2021-11-21,20,P076,107,112,10,False
T019,Russian MCR Open 2021,2021-11-21,20,P063,108,112,10,False
T019,Russian MCR Open 2021,2021-11-21,20,P080,109,112,10,False
T019,Russian MCR Open 2021,2021-11-21,20,P046,110,112,10,False
T019,Russian MCR Open 2021,2021-11-21,20,P061,111,112,10,False
T019,Russian MCR Open 2021,2021-11-21,20,P082,112,112,10,False
T023,Казань Cup 2022 #2,2022-04-21,21,P013,1,44,5,False
T023,Казань Cup 2022 #2,2022-04-21,21,P020,2,44,5,False
T023,Казань Cup 2022 #2,2022-04-21,21,P096,3,44,5,False
T023,Казань Cup 2022 #2,2022-04-21,21,P018,4,44,5,False
T023,Казань Cup 2022 #2,2022-04-21,21,P117,5,44,5,False
T023,Казань Cup 2022 #2,2022-04-21,21,P059,6,44,5,False
T023,Казань Cup 2022 #2,2022-04-21,21,P058,7,44,5,False
T023,Казань Cup 2022 #2,2022-04-21,21,P057,8,44,5,False
T023,Казань Cup 2022 #2,2022-04-21,21,P068,9,44,5,False
T023,Казань Cup 2022 #2,2022-04-21,21,P066,10,44,5,False
T023,Казань Cup 2022 #2,2022-04-21,21,P088,11,44,5,False
T023,Казань Cup 2022 #2,2022-04-21,21,P016,12,44,5,False
T023,Казань Cup 2022 #2,2022-04-21,21,P071,13,44,5,False
T023,Казань Cup 2022 #2,2022-04-21,21,P019,14,44,5,False
T023,Казань Cup 2022 #2,2022-04-21,21,P082,15,44,5,False
T023,Казань Cup 2022 #2,2022-04-21,21,P105,16,44,5,False
T023,Казань Cup 2022 #2,2022-04-21,21,P062,17,44,5,False
T023,Казань Cup 2022 #2,2022-04-21,21,P098,18,44,5,False
T023,Казань Cup 2022 #2,2022-04-21,21,P004,19,44,5,False
T023,Казань Cup 2022 #2,2022-04-21,21,P038,20,44,5,False
T023,Казань Cup 2022 #2,2022-04-21,21,P017,21,44,5,False
T023,Казань Cup 2022 #2,2022-04-21,21,P097,22,44,5,False
T023,Казань Cup 2022 #2,2022-04-21,21,P108,23,44,5,False
T023,Казань Cup 2022 #2,2022-04-21,21,P021,24,44,5,False
T023,Казань Cup 2022 #2,2022-04-21,21,P112,25,44,5,False
T023,Казань Cup 2022 #2,2022-04-21,21,P051,26,44,5,False
T023,Казань Cup 2022 #2,2022-04-21,21,P086,27,44,5,False
T023,Казань Cup 2022 #2,2022-04-21,21,P055,28,44,5,False
T023,Казань Cup 2022 #2,2022-04-21,21,P007,29,44,5,False
T023,Казань Cup 2022 #2,2022-04-21,21,P039,30,44,5,False
T023,Казань Cup 2022 #2,2022-04-21,21,P036,31,44,5,False
T023,Казань Cup 2022 #2,2022-04-21,21,P003,32,44,5,False
T023,Казань Cup 2022 #2,2022-04-21,21,P102,33,44,5,False
T023,Казань Cup 2022 #2,2022-04-21,21,P100,34,44,5,False
T023,Казань Cup 2022 #2,2022-04-21,21,P116,35,44,5,False
T023,Казань Cup 2022 #2,2022-04-21,21,P070,36,44,5,False
T023,Казань Cup 2022 #2,2022-04-21,21,P081,37,44,5,False
T023,Казань Cup 2022 #2,2022-04-21,21,P015,38,44,5,False
T023,Казань Cup 2022 #2,2022-04-21,21,P074,39,44,5,False
T023,Казань Cup 2022 #2,2022-04-21,21,P090,40,44,5,False
T023,Казань Cup 2022 #2,2022-04-21,21,P077,41,44,5,False
T023,Казань Cup 2022 #2,2022-04-21,21,P113,42,44,5,False
T023,Казань Cup 2022 #2,2022-04-21,21,P052,43,44,5,False
T023,Казань Cup 2022 #2,2022-04-21,21,P005,44,44,5,False
T022,Екатеринбург Cup 2022 #1,2022-06-12,22,P033,1,20,6,False
T022,Екатеринбург Cup 2022 #1,2022-06-12,22,P096,2,20,6,False
T022,Екатеринбург Cup 2022 #1,2022-06-12,22,P116,3,20,6,False
T022,Екатеринбург Cup 2022 #1,2022-06-12,22,P088,4,20,6,False
T022,Екатеринбург Cup 2022 #1,2022-06-12,22,P114,5,20,6,False
T022,Екатеринбург Cup 2022 #1,2022-06-12,22,P062,6,20,6,False
T022,Екатеринбург Cup 2022 #1,2022-06-12,22,P003,7,20,6,False
T022,Екатеринбург Cup 2022 #1,2022-06-12,22,P119,8,20,6,False
T022,Екатеринбург Cup 2022 #1,2022-06-12,22,P040,9,20,6,False
T022,Екатеринбург Cup 2022 #1,2022-06-12,22,P092,10,20,6,False
T022,Екатеринбург Cup 2022 #1,2022-06-12,22,P089,11,20,6,False
T022,Екатеринбург Cup 2022 #1,2022-06-12,22,P045,12,20,6,False
T022,Екатеринбург Cup 2022 #1,2022-06-12,22,P108,13,20,6,False
T022,Екатеринбург Cup 2022 #1,2022-06-12,22,P110,14,20,6,False
T022,Екатеринбург Cup 2022 #1,2022-06-12,22,P069,15,20,6,False
T022,Екатеринбург Cup 2022 #1,2022-06-12,22,P090,16,20,6,False
T022,Екатеринбург Cup 2022 #1,2022-06-12,22,P050,17,20,6,False
T022,Екатеринбург Cup 2022 #1,2022-06-12,22,P086,18,20,6,False
T022,Екатеринбург Cup 2022 #1,2022-06-12,22,P115,19,20,6,False
T022,Екатеринбург Cup 2022 #1,2022-06-12,22,P087,20,20,6,False
T024,Казань Cup 2022 #3,2022-07-18,23,P113,1,32,4,False
T024,Казань Cup 2022 #3,2022-07-18,23,P049,2,32,4,False
T024,Казань Cup 2022 #3,2022-07-18,23,P035,3,32,4,False
T024,Казань Cup 2022 #3,2022-07-18,23,P102,4,32,4,False
T024,Казань Cup 2022 #3,2022-07-18,23,P031,5,32,4,False
T024,Казань Cup 2022 #3,2022-07-18,23,P014,6,32,4,False
T024,Казань Cup 2022 #3,2022-07-18,23,P097,7,32,4,False
T024,Казань Cup 2022 #3,2022-07-18,23,P038,8,32,4,False
T024,Казань Cup 2022 #3,2022-07-18,23,P073,9,32,4,False
T024,Казань Cup 2022 #3,2022-07-18,23,P011,10,32,4,False
T024,Казань Cup 2022 #3,2022-07-18,23,P063,11,32,4,False
T024,Казань Cup 2022 #3,2022-07-18,23,P027,12,32,4,False
T024,Казань Cup 2022 #3,2022-07-18,23,P106,13,32,4,False
T024,Казань Cup 2022 #3,2022-07-18,23,P082,14,32,4,False
T024,Казань Cup 2022 #3,2022-07-18,23,P041,15,32,4,False
T024,Казань Cup 2022 #3,2022-07-18,23,P021,16,32,4,False
T024,Казань Cup 2022 #3,2022-07-18,23,P004,17,32,4,False
T024,Казань Cup 2022 #3,2022-07-18,23,P110,18,32,4,False
T024,Казань Cup 2022 #3,2022-07-18,23,P101,19,32,4,False
T024,Казань Cup 2022 #3,2022-07-18,23,P095,20,32,4,False
T024,Казань Cup 2022 #3,2022-07-18,23,P001,21,32,4,False
T024,Казань Cup 2022 #3,2022-07-18,23,P069,22,32,4,False
T024,Казань Cup 2022 #3,2022-07-18,23,P086,23,32,4,False
T024,Казань Cup 2022 #3,2022-07-18,23,P057,24,32,4,False
T024,Казань Cup 2022 #3,2022-07-18,23,P081,25,32,4,False
T024,Казань Cup 2022 #3,2022-07-18,23,P008,26,32,4,False
T024,Казань Cup 2022 #3,2022-07-18,23,P029,27,32,4,False
T024,Казань Cup 2022 #3,2022-07-18,23,P022,28,32,4,False
T024,Казань Cup 2022 #3,2022-07-18,23,P039,29,32,4,False
T024,Казань Cup 2022 #3,2022-07-18,23,P016,30,32,4,False
T024,Казань Cup 2022 #3,2022-07-18,23,P062,31,32,4,False
T024,Казань Cup 2022 #3,2022-07-18,23,P098,32,32,4,False
T021,International MCR Major 2022,2022-10-05,24,P101,1,80,8,True
T021,International MCR Major 2022,2022-10-05,24,P112,2,80,8,True
T021,International MCR Major 2022,2022-10-05,24,P011,3,80,8,True
T021,International MCR Major 2022,2022-10-05,24,P119,4,80,8,True
T021,International MCR Major 2022,2022-10-05,24,P107,5,80,8,True
T021,International MCR Major 2022,2022-10-05,24,P016,6,80,8,True
T021,International MCR Major 2022,2022-10-05,24,P044,7,80,8,True
T021,International MCR Major 2022,2022-10-05,24,P078,8,80,8,True
T021,International MCR Major 2022,2022-10-05,24,P120,9,80,8,True
T021,International MCR Major 2022,2022-10-05,24,P041,10,80,8,True
T021,International MCR Major 2022,2022-10-05,24,P083,11,80,8,True
T021,International MCR Major 2022,2022-10-05,24,P035,12,80,8,True
T021,International MCR Major 2022,2022-10-05,24,P049,13,80,8,True
T021,International MCR Major 2022,2022-10-05,24,P018,14,80,8,True
T021,International MCR Major 2022,2022-10-05,24,P096,15,80,8,True
T021,International MCR Major 2022,2022-10-05,24,P010,16,80,8,True
T021,International MCR Major 2022,2022-10-05,24,P113,17,80,8,True
T021,International MCR Major 2022,2022-10-05,24,P009,18,80,8,True
T021,International MCR Major 2022,2022-10-05,24,P095,19,80,8,True
T021,International MCR Major 2022,2022-10-05,24,P067,20,80,8,True
T021,International MCR Major 2022,2022-10-05,24,P103,21,80,8,True
T021,International MCR Major 2022,2022-10-05,24,P084,22,80,8,True
T021,International MCR Major 2022,2022-10-05,24,P070,23,80,8,True
T021,International MCR Major 2022,2022-10-05,24,P014,24,80,8,True
T021,International MCR Major 2022,2022-10-05,24,P015,25,80,8,True
T021,International MCR Major 2022,2022-10-05,24,P079,26,80,8,True
T021,International MCR Major 2022,2022-10-05,24,P006,27,80,8,True
T021,International MCR Major 2022,2022-10-05,24,P024,28,80,8,True
T021,International MCR Major 2022,2022-10-05,24,P027,29,80,8,True
T021,International MCR Major 2022,2022-10-05,24,P088,30,80,8,True
T021,International MCR Major 2022,2022-10-05,24,P057,31,80,8,True
T021,International MCR Major 2022,2022-10-05,24,P059,32,80,8,True
T021,International MCR Major 2022,2022-10-05,24,P117,33,80,8,True
T021,International MCR Major 2022,2022-10-05,24,P013,34,80,8,True
T021,International MCR Major 2022,2022-10-05,24,P063,35,80,8,True
T021,International MCR Major 2022,2022-10-05,24,P002,36,80,8,True
T021,International MCR Major 2022,2022-10-05,24,P031,37,80,8,True
T021,International MCR Major 2022,2022-10-05,24,P004,38,80,8,True
T021,International MCR Major 2022,2022-10-05,24,P104,39,80,8,True
T021,International MCR Major 2022,2022-10-05,24,P019,40,80,8,True
T021,International MCR Major 2022,2022-10-05,24,P051,41,80,8,True
T021,International MCR Major 2022,2022-10-05,24,P090,42,80,8,True
T021,International MCR Major 2022,2022-10-05,24,P055,43,80,8,True
T021,International MCR Major 2022,2022-10-05,24,P081,44,80,8,True
T021,International MCR Major 2022,2022-10-05,24,P089,45,80,8,True
T021,International MCR Major 2022,2022-10-05,24,P109,46,80,8,True
T021,International MCR Major 2022,2022-10-05,24,P050,47,80,8,True
T021,International MCR Major 2022,2022-10-05,24,P042,48,80,8,True
T021,International MCR Major 2022,2022-10-05,24,P080,49,80,8,True
T021,International MCR Major 2022,2022-10-05,24,P093,50,80,8,True
T021,International MCR Major 2022,2022-10-05,24,P048,51,80,8,True
T021,International MCR Major 2022,2022-10-05,24,P032,52,80,8,True
T021,International MCR Major 2022,2022-10-05,24,P075,53,80,8,True
T021,International MCR Major 2022,2022-10-05,24,P108,54,80,8,True
T021,International MCR Major 2022,2022-10-05,24,P043,55,80,8,True
T021,International MCR Major 2022,2022-10-05,24,P012,56,80,8,True
T021,International MCR Major 2022,2022-10-05,24,P046,57,80,8,True
T021,International MCR Major 2022,2022-10-05,24,P065,58,80,8,True
T021,International MCR Major 2022,2022-10-05,24,P005,59,80,8,True
T021,International MCR Major 2022,2022-10-05,24,P087,60,80,8,True
T021,International MCR Major 2022,2022-10-05,24,P023,61,80,8,True
T021,International MCR Major 2022,2022-10-05,24,P097,62,80,8,True
T021,International MCR Major 2022,2022-10-05,24,P036,63,80,8,True
T021,International MCR Major 2022,2022-10-05,24,P115,64,80,8,True
T021,International MCR Major 2022,2022-10-05,24,P098,65,80,8,True
T021,International MCR Major 2022,2022-10-05,24,P022,66,80,8,True
T021,International MCR Major 2022,2022-10-05,24,P069,67,80,8,True
T021,International MCR Major 2022,2022-10-05,24,P062,68,80,8,True
T021,International MCR Major 2022,2022-10-05,24,P068,69,80,8,True
T021,International MCR Major 2022,2022-10-05,24,P071,70,80,8,True
T021,International MCR Major 2022,2022-10-05,24,P025,71,80,8,True
T021,International MCR Major 2022,2022-10-05,24,P106,72,80,8,True
T021,International MCR Major 2022,2022-10-05,24,P082,73,80,8,True
T021,International MCR Major 2022,2022-10-05,24,P054,74,80,8,True
T021,International MCR Major 2022,2022-10-05,24,P053,75,80,8,True
T021,International MCR Major 2022,2022-10-05,24,P021,76,80,8,True
T021,International MCR Major 2022,2022-10-05,24,P052,77,80,8,True
T021,International MCR Major 2022,2022-10-05,24,P029,78,80,8,True
T021,International MCR Major 2022,2022-10-05,24,P040,79,80,8,True
T021,International MCR Major 2022,2022-10-05,24,P061,80,80,8,True
T027,Нижний Новгород Cup 2023 #2,2023-02-17,25,P101,1,60,5,False
T027,Нижний Новгород Cup 2023 #2,2023-02-17,25,P014,2,60,5,False
T027,Нижний Новгород Cup 2023 #2,2023-02-17,25,P055,3,60,5,False
T027,Нижний Новгород Cup 2023 #2,2023-02-17,25,P035,4,60,5,False
T027,Нижний Новгород Cup 2023 #2,2023-02-17,25,P111,5,60,5,False
T027,Нижний Новгород Cup 2023 #2,2023-02-17,25,P112,6,60,5,False
T027,Нижний Новгород Cup 2023 #2,2023-02-17,25,P013,7,60,5,False
T027,Нижний Новгород Cup 2023 #2,2023-02-17,25,P011,8,60,5,False
T027,Нижний Новгород Cup 2023 #2,2023-02-17,25,P018,9,60,5,False
T027,Нижний Новгород Cup 2023 #2,2023-02-17,25,P016,10,60,5,False
T027,Нижний Новгород Cup 2023 #2,2023-02-17,25,P002,11,60,5,False
T027,Нижний Новгород Cup 2023 #2,2023-02-17,25,P052,12,60,5,False
T027,Нижний Новгород Cup 2023 #2,2023-02-17,25,P032,13,60,5,False
T027,Нижний Новгород Cup 2023 #2,2023-02-17,25,P006,14,60,5,False
T027,Нижний Новгород Cup 2023 #2,2023-02-17,25,P073,15,60,5,False
T027,Нижний Новгород Cup 2023 #2,2023-02-17,25,P114,16,60,5,False
T027,Нижний Новгород Cup 2023 #2,2023-02-17,25,P103,17,60,5,False
T027,Нижний Новгород Cup 2023 #2,2023-02-17,25,P026,18,60,5,False
T027,Нижний Новгород Cup 2023 #2,2023-02-17,25,P056,19,60,5,False
T027,Нижний Новгород Cup 2023 #2,2023-02-17,25,P031,20,60,5,False
T027,Нижний Новгород Cup 2023 #2,2023-02-17,25,P108,21,60,5,False
T027,Нижний Новгород Cup 2023 #2,2023-02-17,25,P057,22,60,5,False
T027,Нижний Новгород Cup 2023 #2,2023-02-17,25,P099,23,60,5,False
T027,Нижний Новгород Cup 2023 #2,2023-02-17,25,P030,24,60,5,False
T027,Нижний Новгород Cup 2023 #2,2023-02-17,25,P047,25,60,5,False
T027,Нижний Новгород Cup 2023 #2,2023-02-17,25,P058,26,60,5,False
T027,Нижний Новгород Cup 2023 #2,2023-02-17,25,P100,27,60,5,False
T027,Нижний Новгород Cup 2023 #2,2023-02-17,25,P074,28,60,5,False
T027,Нижний Новгород Cup 2023 #2,2023-02-17,25,P091,29,60,5,False
T027,Нижний Новгород Cup 2023 #2,2023-02-17,25,P024,30,60,5,False
T027,Нижний Новгород Cup 2023 #2,2023-02-17,25,P070,31,60,5,False
T027,Нижний Новгород Cup 2023 #2,2023-02-17,25,P076,32,60,5,False
T027,Нижний Новгород Cup 2023 #2,2023-02-17,25,P059,33,60,5,False
T027,Нижний Новгород Cup 2023 #2,2023-02-17,25,P075,34,60,5,False
T027,Нижний Новгород Cup 2023 #2,2023-02-17,25,P079,35,60,5,False
T027,Нижний Новгород Cup 2023 #2,2023-02-17,25,P085,36,60,5,False
T027,Нижний Новгород Cup 2023 #2,2023-02-17,25,P042,37,60,5,False
T027,Нижний Новгород Cup 2023 #2,2023-02-17,25,P104,38,60,5,False
T027,Нижний Новгород Cup 2023 #2,2023-02-17,25,P021,39,60,5,False
T027,Нижний Новгород Cup 2023 #2,2023-02-17,25,P096,40,60,5,False
T027,Нижний Новгород Cup 2023 #2,2023-02-17,25,P087,41,60,5,False
T027,Нижний Новгород Cup 2023 #2,2023-02-17,25,P017,42,60,5,False
T027,Нижний Новгород Cup 2023 #2,2023-02-17,25,P005,43,60,5,False
T027,Нижний Новгород Cup 2023 #2,2023-02-17,25,P115,44,60,5,False
T027,Нижний Новгород Cup 2023 #2,2023-02-17,25,P062,45,60,5,False
T027,Нижний Новгород Cup 2023 #2,2023-02-17,25,P106,46,60,5,False
T027,Нижний Новгород Cup 2023 #2,2023-02-17,25,P004,47,60,5,False
T027,Нижний Новгород Cup 2023 #2,2023-02-17,25,P066,48,60,5,False
T027,Нижний Новгород Cup 2023 #2,2023-02-17,25,P040,49,60,5,False
T027,Нижний Новгород Cup 2023 #2,2023-02-17,25,P117,50,60,5,False
T027,Нижний Новгород Cup 2023 #2,2023-02-17,25,P036,51,60,5,False
T027,Нижний Новгород Cup 2023 #2,2023-02-17,25,P068,52,60,5,False
T027,Нижний Новгород Cup 2023 #2,2023-02-17,25,P089,53,60,5,False
T027,Нижний Новгород Cup 2023 #2,2023-02-17,25,P083,54,60,5,False
T027,Нижний Новгород Cup 2023 #2,2023-02-17,25,P061,55,60,5,False
T027,Нижний Новгород Cup 2023 #2,2023-02-17,25,P067,56,60,5,False
T027,Нижний Новгород Cup 2023 #2,2023-02-17,25,P069,57,60,5,False
T027,Нижний Новгород Cup 2023 #2,2023-02-17,25,P053,58,60,5,False
T027,Нижний Новгород Cup 2023 #2,2023-02-17,25,P010,59,60,5,False
T027,Нижний Новгород Cup 2023 #2,2023-02-17,25,P050,60,60,5,False
T026,Екатеринбург Cup 2023 #1,2023-04-08,26,P057,1,20,7,False
T026,Екатеринбург Cup 2023 #1,2023-04-08,26,P044,2,20,7,False
T026,Екатеринбург Cup 2023 #1,2023-04-08,26,P096,3,20,7,False
T026,Екатеринбург Cup 2023 #1,2023-04-08,26,P006,4,20,7,False
T026,Екатеринбург Cup 2023 #1,2023-04-08,26,P028,5,20,7,False
T026,Екатеринбург Cup 2023 #1,2023-04-08,26,P052,6,20,7,False
T026,Екатеринбург Cup 2023 #1,2023-04-08,26,P070,7,20,7,False
T026,Екатеринбург Cup 2023 #1,2023-04-08,26,P048,8,20,7,False
T026,Екатеринбург Cup 2023 #1,2023-04-08,26,P055,9,20,7,False
T026,Екатеринбург Cup 2023 #1,2023-04-08,26,P016,10,20,7,False
T026,Екатеринбург Cup 2023 #1,2023-04-08,26,P089,11,20,7,False
T026,Екатеринбург Cup 2023 #1,2023-04-08,26,P013,12,20,7,False
T026,Екатеринбург Cup 2023 #1,2023-04-08,26,P116,13,20,7,False
T026,Екатеринбург Cup 2023 #1,2023-04-08,26,P008,14,20,7,False
T026,Екатеринбург Cup 2023 #1,2023-04-08,26,P093,15,20,7,False
T026,Екатеринбург Cup 2023 #1,2023-04-08,26,P054,16,20,7,False
T026,Екатеринбург Cup 2023 #1,2023-04-08,26,P098,17,20,7,False
T026,Екатеринбург Cup 2023 #1,2023-04-08,26,P022,18,20,7,False
T026,Екатеринбург Cup 2023 #1,2023-04-08,26,P067,19,20,7,False
T026,Екатеринбург Cup 2023 #1,2023-04-08,26,P118,20,20,7,False
T025,Russian MCR Open 2023,2023-10-16,27,P114,1,108,10,False
T025,Russian MCR Open 2023,2023-10-16,27,P035,2,108,10,False
T025,Russian MCR Open 2023,2023-10-16,27,P080,3,108,10,False
T025,Russian MCR Open 2023,2023-10-16,27,P018,4,108,10,False
T025,Russian MCR Open 2023,2023-10-16,27,P044,5,108,10,False
T025,Russian MCR Open 2023,2023-10-16,27,P030,6,108,10,False
T025,Russian MCR Open 2023,2023-10-16,27,P116,7,108,10,False
T025,Russian MCR Open 2023,2023-10-16,27,P057,8,108,10,False
T025,Russian MCR Open 2023,2023-10-16,27,P084,9,108,10,False
T025,Russian MCR Open 2023,2023-10-16,27,P101,10,108,10,False
T025,Russian MCR Open 2023,2023-10-16,27,P003,11,108,10,False
T025,Russian MCR Open 2023,2023-10-16,27,P063,12,108,10,False
T025,Russian MCR Open 2023,2023-10-16,27,P103,13,108,10,False
T025,Russian MCR Open 2023,2023-10-16,27,P058,14,108,10,False
T025,Russian MCR Open 2023,2023-10-16,27,P020,15,108,10,False
T025,Russian MCR Open 2023,2023-10-16,27,P027,16,108,10,False
T025,Russian MCR Open 2023,2023-10-16,27,P085,17,108,10,False
T025,Russian MCR Open 2023,2023-10-16,27,P014,18,108,10,False
T025,Russian MCR Open 2023,2023-10-16,27,P038,19,108,10,False
T025,Russian MCR Open 2023,2023-10-16,27,P119,20,108,10,False
T025,Russian MCR Open 2023,2023-10-16,27,P028,21,108,10,False
T025,Russian MCR Open 2023,2023-10-16,27,P100,22,108,10,False
T025,Russian MCR Open 2023,2023-10-16,27,P049,23,108,10,False
T025,Russian MCR Open 2023,2023-10-16,27,P073,24,108,10,False
T025,Russian MCR Open 2023,2023-10-16,27,P105,25,108,10,False
T025,Russian MCR Open 2023,2023-10-16,27,P070,26,108,10,False
T025,Russian MCR Open 2023,2023-10-16,27,P064,27,108,10,False
T025,Russian MCR Open 2023,2023-10-16,27,P109,28,108,10,False
T025,Russian MCR Open 2023,2023-10-16,27,P006,29,108,10,False
T025,Russian MCR Open 2023,2023-10-16,27,P055,30,108,10,False
T025,Russian MCR Open 2023,2023-10-16,27,P002,31,108,10,False
T025,Russian MCR Open 2023,2023-10-16,27,P042,32,108,10,False
T025,Russian MCR Open 2023,2023-10-16,27,P036,33,108,10,False
T025,Russian MCR Open 2023,2023-10-16,27,P041,34,108,10,False
T025,Russian MCR Open 2023,2023-10-16,27,P079,35,108,10,False
T025,Russian MCR Open 2023,2023-10-16,27,P069,36,108,10,False
T025,Russian MCR Open 2023,2023-10-16,27,P071,37,108,10,False
T025,Russian MCR Open 2023,2023-10-16,27,P088,38,108,10,False
T025,Russian MCR Open 2023,2023-10-16,27,P013,39,108,10,False
T025,Russian MCR Open 2023,2023-10-16,27,P023,40,108,10,False
T025,Russian MCR Open 2023,2023-10-16,27,P106,41,108,10,False
T025,Russian MCR Open 2023,2023-10-16,27,P095,42,108,10,False
T025,Russian MCR Open 2023,2023-10-16,27,P004,43,108,10,False
T025,Russian MCR Open 2023,2023-10-16,27,P048,44,108,10,False
T025,Russian MCR Open 2023,2023-10-16,27,P052,45,108,10,False
T025,Russian MCR Open 2023,2023-10-16,27,P104,46,108,10,False
T025,Russian MCR Open 2023,2023-10-16,27,P050,47,108,10,False
T025,Russian MCR Open 2023,2023-10-16,27,P099,48,108,10,False
T025,Russian MCR Open 2023,2023-10-16,27,P032,49,108,10,False
T025,Russian MCR Open 2023,2023-10-16,27,P017,50,108,10,False
T025,Russian MCR Open 2023,2023-10-16,27,P001,51,108,10,False
T025,Russian MCR Open 2023,2023-10-16,27,P051,52,108,10,False
T025,Russian MCR Open 2023,2023-10-16,27,P065,53,108,10,False
T025,Russian MCR Open 2023,2023-10-16,27,P120,54,108,10,False
T025,Russian MCR Open 2023,2023-10-16,27,P094,55,108,10,False
T025,Russian MCR Open 2023,2023-10-16,27,P031,56,108,10,False
T025,Russian MCR Open 2023,2023-10-16,27,P096,57,108,10,False
T025,Russian MCR Open 2023,2023-10-16,27,P112,58,108,10,False
T025,Russian MCR Open 2023,2023-10-16,27,P107,59,108,10,False
T025,Russian MCR Open 2023,2023-10-16,27,P093,60,108,10,False
T025,Russian MCR Open 2023,2023-10-16,27,P019,61,108,10,False
T025,Russian MCR Open 2023,2023-10-16,27,P059,62,108,10,False
T025,Russian MCR Open 2023,2023-10-16,27,P043,63,108,10,False
T025,Russian MCR Open 2023,2023-10-16,27,P054,64,108,10,False
T025,Russian MCR Open 2023,2023-10-16,27,P066,65,108,10,False
T025,Russian MCR Open 2023,2023-10-16,27,P086,66,108,10,False
T025,Russian MCR Open 2023,2023-10-16,27,P118,67,108,10,False
T025,Russian MCR Open 2023,2023-10-16,27,P046,68,108,10,False
T025,Russian MCR Open 2023,2023-10-16,27,P090,69,108,10,False
T025,Russian MCR Open 2023,2023-10-16,27,P021,70,108,10,False
T025,Russian MCR Open 2023,2023-10-16,27,P033,71,108,10,False
T025,Russian MCR Open 2023,2023-10-16,27,P034,72,108,10,False
T025,Russian MCR Open 2023,2023-10-16,27,P061,73,108,10,False
T025,Russian MCR Open 2023,2023-10-16,27,P113,74,108,10,False
T025,Russian MCR Open 2023,2023-10-16,27,P102,75,108,10,False
T025,Russian MCR Open 2023,2023-10-16,27,P075,76,108,10,False
T025,Russian MCR Open 2023,2023-10-16,27,P091,77,108,10,False
T025,Russian MCR Open 2023,2023-10-16,27,P047,78,108,10,False
T025,Russian MCR Open 2023,2023-10-16,27,P029,79,108,10,False
T025,Russian MCR Open 2023,2023-10-16,27,P053,80,108,10,False
T025,Russian MCR Open 2023,2023-10-16,27,P026,81,108,10,False
T025,Russian MCR Open 2023,2023-10-16,27,P025,82,108,10,False
T025,Russian MCR Open 2023,2023-10-16,27,P089,83,108,10,False
T025,Russian MCR Open 2023,2023-10-16,27,P108,84,108,10,False
T025,Russian MCR Open 2023,2023-10-16,27,P074,85,108,10,False
T025,Russian MCR Open 2023,2023-10-16,27,P012,86,108,10,False
T025,Russian MCR Open 2023,2023-10-16,27,P037,87,108,10,False
T025,Russian MCR Open 2023,2023-10-16,27,P081,88,108,10,False
T025,Russian MCR Open 2023,2023-10-16,27,P087,89,108,10,False
T025,Russian MCR Open 2023,2023-10-16,27,P016,90,108,10,False
T025,Russian MCR Open 2023,2023-10-16,27,P115,91,108,10,False
T025,Russian MCR Open 2023,2023-10-16,27,P078,92,108,10,False
T025,Russian MCR Open 2023,2023-10-16,27,P117,93,108,10,False
T025,Russian MCR Open 2023,2023-10-16,27,P076,94,108,10,False
T025,Russian MCR Open 2023,2023-10-16,27,P015,95,108,10,False
T025,Russian MCR Open 2023,2023-10-16,27,P045,96,108,10,False
T025,Russian MCR Open 2023,2023-10-16,27,P040,97,108,10,False
T025,Russian MCR Open 2023,2023-10-16,27,P067,98,108,10,False
T025,Russian MCR Open 2023,2023-10-16,27,P011,99,108,10,False
T025,Russian MCR Open 2023,2023-10-16,27,P010,100,108,10,False
T025,Russian MCR Open 2023,2023-10-16,27,P077,101,108,10,False
T025,Russian MCR Open 2023,2023-10-16,27,P097,102,108,10,False
T025,Russian MCR Open 2023,2023-10-16,27,P110,103,108,10,False
T025,Russian MCR Open 2023,2023-10-16,27,P083,104,108,10,False
T025,Russian MCR Open 2023,2023-10-16,27,P009,105,108,10,False
T025,Russian MCR Open 2023,2023-10-16,27,P082,106,108,10,False
T025,Russian MCR Open 2023,2023-10-16,27,P098,107,108,10,False
T025,Russian MCR Open 2023,2023-10-16,27,P022,108,108,10,False
T030,Нижний Новгород Cup 2024 #2,2024-02-13,28,P101,1,52,4,False
T030,Нижний Новгород Cup 2024 #2,2024-02-13,28,P030,2,52,4,False
T030,Нижний Новгород Cup 2024 #2,2024-02-13,28,P014,3,52,4,False
T030,Нижний Новгород Cup 2024 #2,2024-02-13,28,P059,4,52,4,False
T030,Нижний Новгород Cup 2024 #2,2024-02-13,28,P035,5,52,4,False
T030,Нижний Новгород Cup 2024 #2,2024-02-13,28,P042,6,52,4,False
T030,Нижний Новгород Cup 2024 #2,2024-02-13,28,P070,7,52,4,False
T030,Нижний Новгород Cup 2024 #2,2024-02-13,28,P105,8,52,4,False
T030,Нижний Новгород Cup 2024 #2,2024-02-13,28,P002,9,52,4,False
T030,Нижний Новгород Cup 2024 #2,2024-02-13,28,P040,10,52,4,False
T030,Нижний Новгород Cup 2024 #2,2024-02-13,28,P024,11,52,4,False
T030,Нижний Новгород Cup 2024 #2,2024-02-13,28,P028,12,52,4,False
T030,Нижний Новгород Cup 2024 #2,2024-02-13,28,P056,13,52,4,False
T030,Нижний Новгород Cup 2024 #2,2024-02-13,28,P103,14,52,4,False
T030,Нижний Новгород Cup 2024 #2,2024-02-13,28,P116,15,52,4,False
T030,Нижний Новгород Cup 2024 #2,2024-02-13,28,P088,16,52,4,False
T030,Нижний Новгород Cup 2024 #2,2024-02-13,28,P094,17,52,4,False
T030,Нижний Новгород Cup 2024 #2,2024-02-13,28,P048,18,52,4,False
T030,Нижний Новгород Cup 2024 #2,2024-02-13,28,P065,19,52,4,False
T030,Нижний Новгород Cup 2024 #2,2024-02-13,28,P043,20,52,4,False
T030,Нижний Новгород Cup 2024 #2,2024-02-13,28,P089,21,52,4,False
T030,Нижний Новгород Cup 2024 #2,2024-02-13,28,P113,22,52,4,False
T030,Нижний Новгород Cup 2024 #2,2024-02-13,28,P041,23,52,4,False
T030,Нижний Новгород Cup 2024 #2,2024-02-13,28,P062,24,52,4,False
T030,Нижний Новгород Cup 2024 #2,2024-02-13,28,P036,25,52,4,False
T030,Нижний Новгород Cup 2024 #2,2024-02-13,28,P080,26,52,4,False
T030,Нижний Новгород Cup 2024 #2,2024-02-13,28,P092,27,52,4,False
T030,Нижний Новгород Cup 2024 #2,2024-02-13,28,P077,28,52,4,False
T030,Нижний Новгород Cup 2024 #2,2024-02-13,28,P010,29,52,4,False
T030,Нижний Новгород Cup 2024 #2,2024-02-13,28,P005,30,52,4,False
T030,Нижний Новгород Cup 2024 #2,2024-02-13,28,P061,31,52,4,False
T030,Нижний Новгород Cup 2024 #2,2024-02-13,28,P038,32,52,4,False
T030,Нижний Новгород Cup 2024 #2,2024-02-13,28,P023,33,52,4,False
T030,Нижний Новгород Cup 2024 #2,2024-02-13,28,P006,34,52,4,False
T030,Нижний Новгород Cup 2024 #2,2024-02-13,28,P095,35,52,4,False
T030,Нижний Новгород Cup 2024 #2,2024-02-13,28,P025,36,52,4,False
T030,Нижний Новгород Cup 2024 #2,2024-02-13,28,P081,37,52,4,False
T030,Нижний Новгород Cup 2024 #2,2024-02-13,28,P046,38,52,4,False
T030,Нижний Новгород Cup 2024 #2,2024-02-13,28,P076,39,52,4,False
T030,Нижний Новгород Cup 2024 #2,2024-02-13,28,P057,40,52,4,False
T030,Нижний Новгород Cup 2024 #2,2024-02-13,28,P071,41,52,4,False
T030,Нижний Новгород Cup 2024 #2,2024-02-13,28,P083,42,52,4,False
T030,Нижний Новгород Cup 2024 #2,2024-02-13,28,P099,43,52,4,False
T030,Нижний Новгород Cup 2024 #2,2024-02-13,28,P091,44,52,4,False
T030,Нижний Новгород Cup 2024 #2,2024-02-13,28,P031,45,52,4,False
T030,Нижний Новгород Cup 2024 #2,2024-02-13,28,P008,46,52,4,False
T030,Нижний Новгород Cup 2024 #2,2024-02-13,28,P100,47,52,4,False
T030,Нижний Новгород Cup 2024 #2,2024-02-13,28,P051,48,52,4,False
T030,Нижний Новгород Cup 2024 #2,2024-02-13,28,P086,49,52,4,False
T030,Нижний Новгород Cup 2024 #2,2024-02-13,28,P045,50,52,4,False
T030,Нижний Новгород Cup 2024 #2,2024-02-13,28,P055,51,52,4,False
T030,Нижний Новгород Cup 2024 #2,2024-02-13,28,P064,52,52,4,False
T029,Екатеринбург Cup 2024 #1,2024-06-20,29,P102,1,32,4,False
T029,Екатеринбург Cup 2024 #1,2024-06-20,29,P024,2,32,4,False
T029,Екатеринбург Cup 2024 #1,2024-06-20,29,P032,3,32,4,False
T029,Екатеринбург Cup 2024 #1,2024-06-20,29,P111,4,32,4,False
T029,Екатеринбург Cup 2024 #1,2024-06-20,29,P055,5,32,4,False
T029,Екатеринбург Cup 2024 #1,2024-06-20,29,P097,6,32,4,False
T029,Екатеринбург Cup 2024 #1,2024-06-20,29,P085,7,32,4,False
T029,Екатеринбург Cup 2024 #1,2024-06-20,29,P008,8,32,4,False
T029,Екатеринбург Cup 2024 #1,2024-06-20,29,P071,9,32,4,False
T029,Екатеринбург Cup 2024 #1,2024-06-20,29,P052,10,32,4,False
T029,Екатеринбург Cup 2024 #1,2024-06-20,29,P081,11,32,4,False
T029,Екатеринбург Cup 2024 #1,2024-06-20,29,P027,12,32,4,False
T029,Екатеринбург Cup 2024 #1,2024-06-20,29,P110,13,32,4,False
T029,Екатеринбург Cup 2024 #1,2024-06-20,29,P050,14,32,4,False
T029,Екатеринбург Cup 2024 #1,2024-06-20,29,P070,15,32,4,False
T029,Екатеринбург Cup 2024 #1,2024-06-20,29,P088,16,32,4,False
T029,Екатеринбург Cup 2024 #1,2024-06-20,29,P029,17,32,4,False
T029,Екатеринбург Cup 2024 #1,2024-06-20,29,P003,18,32,4,False
T029,Екатеринбург Cup 2024 #1,2024-06-20,29,P005,19,32,4,False
T029,Екатеринбург Cup 2024 #1,2024-06-20,29,P109,20,32,4,False
T029,Екатеринбург Cup 2024 #1,2024-06-20,29,P083,21,32,4,False
T029,Екатеринбург Cup 2024 #1,2024-06-20,29,P031,22,32,4,False
T029,Екатеринбург Cup 2024 #1,2024-06-20,29,P105,23,32,4,False
T029,Екатеринбург Cup 2024 #1,2024-06-20,29,P051,24,32,4,False
T029,Екатеринбург Cup 2024 #1,2024-06-20,29,P098,25,32,4,False
T029,Екатеринбург Cup 2024 #1,2024-06-20,29,P058,26,32,4,False
T029,Екатеринбург Cup 2024 #1,2024-06-20,29,P045,27,32,4,False
T029,Екатеринбург Cup 2024 #1,2024-06-20,29,P115,28,32,4,False
T029,Екатеринбург Cup 2024 #1,2024-06-20,29,P090,29,32,4,False
T029,Екатеринбург Cup 2024 #1,2024-06-20,29,P013,30,32,4,False
T029,Екатеринбург Cup 2024 #1,2024-06-20,29,P063,31,32,4,False
T029,Екатеринбург Cup 2024 #1,2024-06-20,29,P016,32,32,4,False
T028,Russian MCR Open 2024,2024-11-08,30,P101,1,92,9,False
T028,Russian MCR Open 2024,2024-11-08,30,P041,2,92,9,False
T028,Russian MCR Open 2024,2024-11-08,30,P027,3,92,9,False
T028,Russian MCR Open 2024,2024-11-08,30,P018,4,92,9,False
T028,Russian MCR Open 2024,2024-11-08,30,P020,5,92,9,False
T028,Russian MCR Open 2024,2024-11-08,30,P117,6,92,9,False
T028,Russian MCR Open 2024,2024-11-08,30,P096,7,92,9,False
T028,Russian MCR Open 2024,2024-11-08,30,P095,8,92,9,False
T028,Russian MCR Open 2024,2024-11-08,30,P038,9,92,9,False
T028,Russian MCR Open 2024,2024-11-08,30,P116,10,92,9,False
T028,Russian MCR Open 2024,2024-11-08,30,P073,11,92,9,False
T028,Russian MCR Open 2024,2024-11-08,30,P097,12,92,9,False
T028,Russian MCR Open 2024,2024-11-08,30,P049,13,92,9,False
T028,Russian MCR Open 2024,2024-11-08,30,P024,14,92,9,False
T028,Russian MCR Open 2024,2024-11-08,30,P112,15,92,9,False
T028,Russian MCR Open 2024,2024-11-08,30,P114,16,92,9,False
T028,Russian MCR Open 2024,2024-11-08,30,P064,17,92,9,False
T028,Russian MCR Open 2024,2024-11-08,30,P105,18,92,9,False
T028,Russian MCR Open 2024,2024-11-08,30,P059,19,92,9,False
T028,Russian MCR Open 2024,2024-11-08,30,P080,20,92,9,False
T028,Russian MCR Open 2024,2024-11-08,30,P042,21,92,9,False
T028,Russian MCR Open 2024,2024-11-08,30,P044,22,92,9,False
T028,Russian MCR Open 2024,2024-11-08,30,P113,23,92,9,False
T028,Russian MCR Open 2024,2024-11-08,30,P110,24,92,9,False
T028,Russian MCR Open 2024,2024-11-08,30,P075,25,92,9,False
T028,Russian MCR Open 2024,2024-11-08,30,P052,26,92,9,False
T028,Russian MCR Open 2024,2024-11-08,30,P011,27,92,9,False
T028,Russian MCR Open 2024,2024-11-08,30,P057,28,92,9,False
T028,Russian MCR Open 2024,2024-11-08,30,P118,29,92,9,False
T028,Russian MCR Open 2024,2024-11-08,30,P029,30,92,9,False
T028,Russian MCR Open 2024,2024-11-08,30,P109,31,92,9,False
T028,Russian MCR Open 2024,2024-11-08,30,P033,32,92,9,False
T028,Russian MCR Open 2024,2024-11-08,30,P092,33,92,9,False
T028,Russian MCR Open 2024,2024-11-08,30,P086,34,92,9,False
T028,Russian MCR Open 2024,2024-11-08,30,P015,35,92,9,False
T028,Russian MCR Open 2024,2024-11-08,30,P085,36,92,9,False
T028,Russian MCR Open 2024,2024-11-08,30,P039,37,92,9,False
T028,Russian MCR Open 2024,2024-11-08,30,P072,38,92,9,False
T028,Russian MCR Open 2024,2024-11-08,30,P103,39,92,9,False
T028,Russian MCR Open 2024,2024-11-08,30,P066,40,92,9,False
T028,Russian MCR Open 2024,2024-11-08,30,P088,41,92,9,False
T028,Russian MCR Open 2024,2024-11-08,30,P100,42,92,9,False
T028,Russian MCR Open 2024,2024-11-08,30,P104,43,92,9,False
T028,Russian MCR Open 2024,2024-11-08,30,P023,44,92,9,False
T028,Russian MCR Open 2024,2024-11-08,30,P006,45,92,9,False
T028,Russian MCR Open 2024,2024-11-08,30,P001,46,92,9,False
T028,Russian MCR Open 2024,2024-11-08,30,P071,47,92,9,False
T028,Russian MCR Open 2024,2024-11-08,30,P025,48,92,9,False
T028,Russian MCR Open 2024,2024-11-08,30,P111,49,92,9,False
T028,Russian MCR Open 2024,2024-11-08,30,P063,50,92,9,False
T028,Russian MCR Open 2024,2024-11-08,30,P048,51,92,9,False
T028,Russian MCR Open 2024,2024-11-08,30,P010,52,92,9,False
T028,Russian MCR Open 2024,2024-11-08,30,P012,53,92,9,False
T028,Russian MCR Open 2024,2024-11-08,30,P004,54,92,9,False
T028,Russian MCR Open 2024,2024-11-08,30,P091,55,92,9,False
T028,Russian MCR Open 2024,2024-11-08,30,P021,56,92,9,False
T028,Russian MCR Open 2024,2024-11-08,30,P102,57,92,9,False
T028,Russian MCR Open 2024,2024-11-08,30,P003,58,92,9,False
T028,Russian MCR Open 2024,2024-11-08,30,P034,59,92,9,False
T028,Russian MCR Open 2024,2024-11-08,30,P060,60,92,9,False
T028,Russian MCR Open 2024,2024-11-08,30,P069,61,92,9,False
T028,Russian MCR Open 2024,2024-11-08,30,P074,62,92,9,False
T028,Russian MCR Open 2024,2024-11-08,30,P076,63,92,9,False
T028,Russian MCR Open 2024,2024-11-08,30,P081,64,92,9,False
T028,Russian MCR Open 2024,2024-11-08,30,P040,65,92,9,False
T028,Russian MCR Open 2024,2024-11-08,30,P106,66,92,9,False
T028,Russian MCR Open 2024,2024-11-08,30,P045,67,92,9,False
T028,Russian MCR Open 2024,2024-11-08,30,P065,68,92,9,False
T028,Russian MCR Open 2024,2024-11-08,30,P043,69,92,9,False
T028,Russian MCR Open 2024,2024-11-08,30,P090,70,92,9,False
T028,Russian MCR Open 2024,2024-11-08,30,P067,71,92,9,False
T028,Russian MCR Open 2024,2024-11-08,30,P022,72,92,9,False
T028,Russian MCR Open 2024,2024-11-08,30,P083,73,92,9,False
T028,Russian MCR Open 2024,2024-11-08,30,P087,74,92,9,False
T028,Russian MCR Open 2024,2024-11-08,30,P005,75,92,9,False
T028,Russian MCR Open 2024,2024-11-08,30,P098,76,92,9,False
T028,Russian MCR Open 2024,2024-11-08,30,P008,77,92,9,False
T028,Russian MCR Open 2024,2024-11-08,30,P032,78,92,9,False
T028,Russian MCR Open 2024,2024-11-08,30,P009,79,92,9,False
T028,Russian MCR Open 2024,2024-11-08,30,P108,80,92,9,False
T028,Russian MCR Open 2024,2024-11-08,30,P061,81,92,9,False
T028,Russian MCR Open 2024,2024-11-08,30,P053,82,92,9,False
T028,Russian MCR Open 2024,2024-11-08,30,P107,83,92,9,False
T028,Russian MCR Open 2024,2024-11-08,30,P077,84,92,9,False
T028,Russian MCR Open 2024,2024-11-08,30,P030,85,92,9,False
T028,Russian MCR Open 2024,2024-11-08,30,P089,86,92,9,False
T028,Russian MCR Open 2024,2024-11-08,30,P099,87,92,9,False
T028,Russian MCR Open 2024,2024-11-08,30,P062,88,92,9,False
T028,Russian MCR Open 2024,2024-11-08,30,P078,89,92,9,False
T028,Russian MCR Open 2024,2024-11-08,30,P070,90,92,9,False
T028,Russian MCR Open 2024,2024-11-08,30,P082,91,92,9,False
T028,Russian MCR Open 2024,2024-11-08,30,P054,92,92,9,False
T034,Москва Cup 2025 #3,2025-02-18,31,P073,1,64,6,False
T034,Москва Cup 2025 #3,2025-02-18,31,P060,2,64,6,False
T034,Москва Cup 2025 #3,2025-02-18,31,P055,3,64,6,False
T034,Москва Cup 2025 #3,2025-02-18,31,P066,4,64,6,False
T034,Москва Cup 2025 #3,2025-02-18,31,P028,5,64,6,False
T034,Москва Cup 2025 #3,2025-02-18,31,P057,6,64,6,False
T034,Москва Cup 2025 #3,2025-02-18,31,P003,7,64,6,False
T034,Москва Cup 2025 #3,2025-02-18,31,P018,8,64,6,False
T034,Москва Cup 2025 #3,2025-02-18,31,P002,9,64,6,False
T034,Москва Cup 2025 #3,2025-02-18,31,P063,10,64,6,False
T034,Москва Cup 2025 #3,2025-02-18,31,P058,11,64,6,False
T034,Москва Cup 2025 #3,2025-02-18,31,P014,12,64,6,False
T034,Москва Cup 2025 #3,2025-02-18,31,P101,13,64,6,False
T034,Москва Cup 2025 #3,2025-02-18,31,P114,14,64,6,False
T034,Москва Cup 2025 #3,2025-02-18,31,P080,15,64,6,False
T034,Москва Cup 2025 #3,2025-02-18,31,P059,16,64,6,False
T034,Москва Cup 2025 #3,2025-02-18,31,P044,17,64,6,False
T034,Москва Cup 2025 #3,2025-02-18,31,P052,18,64,6,False
T034,Москва Cup 2025 #3,2025-02-18,31,P119,19,64,6,False
T034,Москва Cup 2025 #3,2025-02-18,31,P035,20,64,6,False
T034,Москва Cup 2025 #3,2025-02-18,31,P027,21,64,6,False
T034,Москва Cup 2025 #3,2025-02-18,31,P030,22,64,6,False
T034,Москва Cup 2025 #3,2025-02-18,31,P031,23,64,6,False
T034,Москва Cup 2025 #3,2025-02-18,31,P111,24,64,6,False
T034,Москва Cup 2025 #3,2025-02-18,31,P046,25,64,6,False
T034,Москва Cup 2025 #3,2025-02-18,31,P020,26,64,6,False
T034,Москва Cup 2025 #3,2025-02-18,31,P007,27,64,6,False
T034,Москва Cup 2025 #3,2025-02-18,31,P071,28,64,6,False
T034,Москва Cup 2025 #3,2025-02-18,31,P006,29,64,6,False
T034,Москва Cup 2025 #3,2025-02-18,31,P013,30,64,6,False
T034,Москва Cup 2025 #3,2025-02-18,31,P032,31,64,6,False
T034,Москва Cup 2025 #3,2025-02-18,31,P086,32,64,6,False
T034,Москва Cup 2025 #3,2025-02-18,31,P024,33,64,6,False
T034,Москва Cup 2025 #3,2025-02-18,31,P112,34,64,6,False
T034,Москва Cup 2025 #3,2025-02-18,31,P019,35,64,6,False
T034,Москва Cup 2025 #3,2025-02-18,31,P093,36,64,6,False
T034,Москва Cup 2025 #3,2025-02-18,31,P053,37,64,6,False
T034,Москва Cup 2025 #3,2025-02-18,31,P092,38,64,6,False
T034,Москва Cup 2025 #3,2025-02-18,31,P023,39,64,6,False
T034,Москва Cup 2025 #3,2025-02-18,31,P099,40,64,6,False
T034,Москва Cup 2025 #3,2025-02-18,31,P090,41,64,6,False
T034,Москва Cup 2025 #3,2025-02-18,31,P015,42,64,6,False
T034,Москва Cup 2025 #3,2025-02-18,31,P012,43,64,6,False
T034,Москва Cup 2025 #3,2025-02-18,31,P103,44,64,6,False
T034,Москва Cup 2025 #3,2025-02-18,31,P004,45,64,6,False
T034,Москва Cup 2025 #3,2025-02-18,31,P008,46,64,6,False
T034,Москва Cup 2025 #3,2025-02-18,31,P079,47,64,6,False
T034,Москва Cup 2025 #3,2025-02-18,31,P051,48,64,6,False
T034,Москва Cup 2025 #3,2025-02-18,31,P077,49,64,6,False
T034,Москва Cup 2025 #3,2025-02-18,31,P088,50,64,6,False
T034,Москва Cup 2025 #3,2025-02-18,31,P036,51,64,6,False
T034,Москва Cup 2025 #3,2025-02-18,31,P022,52,64,6,False
T034,Москва Cup 2025 #3,2025-02-18,31,P096,53,64,6,False
T034,Москва Cup 2025 #3,2025-02-18,31,P047,54,64,6,False
T034,Москва Cup 2025 #3,2025-02-18,31,P116,55,64,6,False
T034,Москва Cup 2025 #3,2025-02-18,31,P089,56,64,6,False
T034,Москва Cup 2025 #3,2025-02-18,31,P083,57,64,6,False
T034,Москва Cup 2025 #3,2025-02-18,31,P025,58,64,6,False
T034,Москва Cup 2025 #3,2025-02-18,31,P109,59,64,6,False
T034,Москва Cup 2025 #3,2025-02-18,31,P045,60,64,6,False
T034,Москва Cup 2025 #3,2025-02-18,31,P110,61,64,6,False
T034,Москва Cup 2025 #3,2025-02-18,31,P040,62,64,6,False
T034,Москва Cup 2025 #3,2025-02-18,31,P097,63,64,6,False
T034,Москва Cup 2025 #3,2025-02-18,31,P082,64,64,6,False
T033,Казань Cup 2025 #2,2025-06-12,32,P049,1,32,5,False
T033,Казань Cup 2025 #2,2025-06-12,32,P023,2,32,5,False
T033,Казань Cup 2025 #2,2025-06-12,32,P059,3,32,5,False
T033,Казань Cup 2025 #2,2025-06-12,32,P100,4,32,5,False
T033,Казань Cup 2025 #2,2025-06-12,32,P058,5,32,5,False
T033,Казань Cup 2025 #2,2025-06-12,32,P064,6,32,5,False
T033,Казань Cup 2025 #2,2025-06-12,32,P052,7,32,5,False
T033,Казань Cup 2025 #2,2025-06-12,32,P066,8,32,5,False
T033,Казань Cup 2025 #2,2025-06-12,32,P030,9,32,5,False
T033,Казань Cup 2025 #2,2025-06-12,32,P018,10,32,5,False
T033,Казань Cup 2025 #2,2025-06-12,32,P085,11,32,5,False
T033,Казань Cup 2025 #2,2025-06-12,32,P086,12,32,5,False
T033,Казань Cup 2025 #2,2025-06-12,32,P006,13,32,5,False
T033,Казань Cup 2025 #2,2025-06-12,32,P028,14,32,5,False
T033,Казань Cup 2025 #2,2025-06-12,32,P114,15,32,5,False
T033,Казань Cup 2025 #2,2025-06-12,32,P020,16,32,5,False
T033,Казань Cup 2025 #2,2025-06-12,32,P090,17,32,5,False
T033,Казань Cup 2025 #2,2025-06-12,32,P094,18,32,5,False
T033,Казань Cup 2025 #2,2025-06-12,32,P063,19,32,5,False
T033,Казань Cup 2025 #2,2025-06-12,32,P117,20,32,5,False
T033,Казань Cup 2025 #2,2025-06-12,32,P099,21,32,5,False
T033,Казань Cup 2025 #2,2025-06-12,32,P106,22,32,5,False
T033,Казань Cup 2025 #2,2025-06-12,32,P055,23,32,5,False
T033,Казань Cup 2025 #2,2025-06-12,32,P037,24,32,5,False
T033,Казань Cup 2025 #2,2025-06-12,32,P022,25,32,5,False
T033,Казань Cup 2025 #2,2025-06-12,32,P062,26,32,5,False
T033,Казань Cup 2025 #2,2025-06-12,32,P039,27,32,5,False
T033,Казань Cup 2025 #2,2025-06-12,32,P034,28,32,5,False
T033,Казань Cup 2025 #2,2025-06-12,32,P098,29,32,5,False
T033,Казань Cup 2025 #2,2025-06-12,32,P082,30,32,5,False
T033,Казань Cup 2025 #2,2025-06-12,32,P009,31,32,5,False
T033,Казань Cup 2025 #2,2025-06-12,32,P102,32,32,5,False
T032,Екатеринбург Cup 2025 #1,2025-07-19,33,P008,1,32,5,False
T032,Екатеринбург Cup 2025 #1,2025-07-19,33,P015,2,32,5,False
T032,Екатеринбург Cup 2025 #1,2025-07-19,33,P102,3,32,5,False
T032,Екатеринбург Cup 2025 #1,2025-07-19,33,P038,4,32,5,False
T032,Екатеринбург Cup 2025 #1,2025-07-19,33,P011,5,32,5,False
T032,Екатеринбург Cup 2025 #1,2025-07-19,33,P088,6,32,5,False
T032,Екатеринбург Cup 2025 #1,2025-07-19,33,P113,7,32,5,False
T032,Екатеринбург Cup 2025 #1,2025-07-19,33,P003,8,32,5,False
T032,Екатеринбург Cup 2025 #1,2025-07-19,33,P004,9,32,5,False
T032,Екатеринбург Cup 2025 #1,2025-07-19,33,P001,10,32,5,False
T032,Екатеринбург Cup 2025 #1,2025-07-19,33,P105,11,32,5,False
T032,Екатеринбург Cup 2025 #1,2025-07-19,33,P068,12,32,5,False
T032,Екатеринбург Cup 2025 #1,2025-07-19,33,P096,13,32,5,False
T032,Екатеринбург Cup 2025 #1,2025-07-19,33,P017,14,32,5,False
T032,Екатеринбург Cup 2025 #1,2025-07-19,33,P021,15,32,5,False
T032,Екатеринбург Cup 2025 #1,2025-07-19,33,P051,16,32,5,False
T032,Екатеринбург Cup 2025 #1,2025-07-19,33,P097,17,32,5,False
T032,Екатеринбург Cup 2025 #1,2025-07-19,33,P091,18,32,5,False
T032,Екатеринбург Cup 2025 #1,2025-07-19,33,P092,19,32,5,False
T032,Екатеринбург Cup 2025 #1,2025-07-19,33,P116,20,32,5,False
T032,Екатеринбург Cup 2025 #1,2025-07-19,33,P009,21,32,5,False
T032,Екатеринбург Cup 2025 #1,2025-07-19,33,P037,22,32,5,False
T032,Екатеринбург Cup 2025 #1,2025-07-19,33,P024,23,32,5,False
T032,Екатеринбург Cup 2025 #1,2025-07-19,33,P048,24,32,5,False
T032,Екатеринбург Cup 2025 #1,2025-07-19,33,P061,25,32,5,False
T032,Екатеринбург Cup 2025 #1,2025-07-19,33,P013,26,32,5,False
T032,Екатеринбург Cup 2025 #1,2025-07-19,33,P110,27,32,5,False
T032,Екатеринбург Cup 2025 #1,2025-07-19,33,P098,28,32,5,False
T032,Екатеринбург Cup 2025 #1,2025-07-19,33,P120,29,32,5,False
T032,Екатеринбург Cup 2025 #1,2025-07-19,33,P010,30,32,5,False
T032,Екатеринбург Cup 2025 #1,2025-07-19,33,P031,31,32,5,False
T032,Екатеринбург Cup 2025 #1,2025-07-19,33,P054,32,32,5,False
T031,International MCR Major 2025,2025-11-14,34,P113,1,80,8,True
T031,International MCR Major 2025,2025-11-14,34,P044,2,80,8,True
T031,International MCR Major 2025,2025-11-14,34,P120,3,80,8,True
T031,International MCR Major 2025,2025-11-14,34,P084,4,80,8,True
T031,International MCR Major 2025,2025-11-14,34,P018,5,80,8,True
T031,International MCR Major 2025,2025-11-14,34,P020,6,80,8,True
T031,International MCR Major 2025,2025-11-14,34,P006,7,80,8,True
T031,International MCR Major 2025,2025-11-14,34,P111,8,80,8,True
T031,International MCR Major 2025,2025-11-14,34,P101,9,80,8,True
T031,International MCR Major 2025,2025-11-14,34,P030,10,80,8,True
T031,International MCR Major 2025,2025-11-14,34,P049,11,80,8,True
T031,International MCR Major 2025,2025-11-14,34,P103,12,80,8,True
T031,International MCR Major 2025,2025-11-14,34,P028,13,80,8,True
T031,International MCR Major 2025,2025-11-14,34,P033,14,80,8,True
T031,International MCR Major 2025,2025-11-14,34,P014,15,80,8,True
T031,International MCR Major 2025,2025-11-14,34,P035,16,80,8,True
T031,International MCR Major 2025,2025-11-14,34,P055,17,80,8,True
T031,International MCR Major 2025,2025-11-14,34,P073,18,80,8,True
T031,International MCR Major 2025,2025-11-14,34,P086,19,80,8,True
T031,International MCR Major 2025,2025-11-14,34,P098,20,80,8,True
T031,International MCR Major 2025,2025-11-14,34,P066,21,80,8,True
T031,International MCR Major 2025,2025-11-14,34,P053,22,80,8,True
T031,International MCR Major 2025,2025-11-14,34,P119,23,80,8,True
T031,International MCR Major 2025,2025-11-14,34,P059,24,80,8,True
T031,International MCR Major 2025,2025-11-14,34,P097,25,80,8,True
T031,International MCR Major 2025,2025-11-14,34,P026,26,80,8,True
T031,International MCR Major 2025,2025-11-14,34,P038,27,80,8,True
T031,International MCR Major 2025,2025-11-14,34,P071,28,80,8,True
T031,International MCR Major 2025,2025-11-14,34,P079,29,80,8,True
T031,International MCR Major 2025,2025-11-14,34,P093,30,80,8,True
T031,International MCR Major 2025,2025-11-14,34,P112,31,80,8,True
T031,International MCR Major 2025,2025-11-14,34,P023,32,80,8,True
T031,International MCR Major 2025,2025-11-14,34,P068,33,80,8,True
T031,International MCR Major 2025,2025-11-14,34,P087,34,80,8,True
T031,International MCR Major 2025,2025-11-14,34,P081,35,80,8,True
T031,International MCR Major 2025,2025-11-14,34,P043,36,80,8,True
T031,International MCR Major 2025,2025-11-14,34,P099,37,80,8,True
T031,International MCR Major 2025,2025-11-14,34,P050,38,80,8,True
T031,International MCR Major 2025,2025-11-14,34,P001,39,80,8,True
T031,International MCR Major 2025,2025-11-14,34,P095,40,80,8,True
T031,International MCR Major 2025,2025-11-14,34,P013,41,80,8,True
T031,International MCR Major 2025,2025-11-14,34,P041,42,80,8,True
T031,International MCR Major 2025,2025-11-14,34,P092,43,80,8,True
T031,International MCR Major 2025,2025-11-14,34,P109,44,80,8,True
T031,International MCR Major 2025,2025-11-14,34,P032,45,80,8,True
T031,International MCR Major 2025,2025-11-14,34,P051,46,80,8,True
T031,International MCR Major 2025,2025-11-14,34,P070,47,80,8,True
T031,International MCR Major 2025,2025-11-14,34,P090,48,80,8,True
T031,International MCR Major 2025,2025-11-14,34,P069,49,80,8,True
T031,International MCR Major 2025,2025-11-14,34,P031,50,80,8,True
T031,International MCR Major 2025,2025-11-14,34,P075,51,80,8,True
T031,International MCR Major 2025,2025-11-14,34,P078,52,80,8,True
T031,International MCR Major 2025,2025-11-14,34,P010,53,80,8,True
T031,International MCR Major 2025,2025-11-14,34,P003,54,80,8,True
T031,International MCR Major 2025,2025-11-14,34,P080,55,80,8,True
T031,International MCR Major 2025,2025-11-14,34,P107,56,80,8,True
T031,International MCR Major 2025,2025-11-14,34,P017,57,80,8,True
T031,International MCR Major 2025,2025-11-14,34,P082,58,80,8,True
T031,International MCR Major 2025,2025-11-14,34,P011,59,80,8,True
T031,International MCR Major 2025,2025-11-14,34,P105,60,80,8,True
T031,International MCR Major 2025,2025-11-14,34,P036,61,80,8,True
T031,International MCR Major 2025,2025-11-14,34,P106,62,80,8,True
T031,International MCR Major 2025,2025-11-14,34,P091,63,80,8,True
T031,International MCR Major 2025,2025-11-14,34,P072,64,80,8,True
T031,International MCR Major 2025,2025-11-14,34,P021,65,80,8,True
T031,International MCR Major 2025,2025-11-14,34,P102,66,80,8,True
T031,International MCR Major 2025,2025-11-14,34,P115,67,80,8,True
T031,International MCR Major 2025,2025-11-14,34,P034,68,80,8,True
T031,International MCR Major 2025,2025-11-14,34,P024,69,80,8,True
T031,International MCR Major 2025,2025-11-14,34,P007,70,80,8,True
T031,International MCR Major 2025,2025-11-14,34,P045,71,80,8,True
T031,International MCR Major 2025,2025-11-14,34,P076,72,80,8,True
T031,International MCR Major 2025,2025-11-14,34,P061,73,80,8,True
T031,International MCR Major 2025,2025-11-14,34,P004,74,80,8,True
T031,International MCR Major 2025,2025-11-14,34,P077,75,80,8,True
T031,International MCR Major 2025,2025-11-14,34,P054,76,80,8,True
T031,International MCR Major 2025,2025-11-14,34,P083,77,80,8,True
T031,International MCR Major 2025,2025-11-14,34,P009,78,80,8,True
T031,International MCR Major 2025,2025-11-14,34,P067,79,80,8,True
T031,International MCR Major 2025,2025-11-14,34,P022,80,80,8,True
T036,Москва Cup 2026 #1,2026-07-17,35,P028,1,36,8,False
T036,Москва Cup 2026 #1,2026-07-17,35,P044,2,36,8,False
T036,Москва Cup 2026 #1,2026-07-17,35,P049,3,36,8,False
T036,Москва Cup 2026 #1,2026-07-17,35,P114,4,36,8,False
T036,Москва Cup 2026 #1,2026-07-17,35,P055,5,36,8,False
T036,Москва Cup 2026 #1,2026-07-17,35,P060,6,36,8,False
T036,Москва Cup 2026 #1,2026-07-17,35,P027,7,36,8,False
T036,Москва Cup 2026 #1,2026-07-17,35,P003,8,36,8,False
T036,Москва Cup 2026 #1,2026-07-17,35,P091,9,36,8,False
T036,Москва Cup 2026 #1,2026-07-17,35,P011,10,36,8,False
T036,Москва Cup 2026 #1,2026-07-17,35,P095,11,36,8,False
T036,Москва Cup 2026 #1,2026-07-17,35,P042,12,36,8,False
T036,Москва Cup 2026 #1,2026-07-17,35,P035,13,36,8,False
T036,Москва Cup 2026 #1,2026-07-17,35,P056,14,36,8,False
T036,Москва Cup 2026 #1,2026-07-17,35,P010,15,36,8,False
T036,Москва Cup 2026 #1,2026-07-17,35,P024,16,36,8,False
T036,Москва Cup 2026 #1,2026-07-17,35,P020,17,36,8,False
T036,Москва Cup 2026 #1,2026-07-17,35,P029,18,36,8,False
T036,Москва Cup 2026 #1,2026-07-17,35,P004,19,36,8,False
T036,Москва Cup 2026 #1,2026-07-17,35,P089,20,36,8,False
T036,Москва Cup 2026 #1,2026-07-17,35,P013,21,36,8,False
T036,Москва Cup 2026 #1,2026-07-17,35,P012,22,36,8,False
T036,Москва Cup 2026 #1,2026-07-17,35,P032,23,36,8,False
T036,Москва Cup 2026 #1,2026-07-17,35,P108,24,36,8,False
T036,Москва Cup 2026 #1,2026-07-17,35,P014,25,36,8,False
T036,Москва Cup 2026 #1,2026-07-17,35,P083,26,36,8,False
T036,Москва Cup 2026 #1,2026-07-17,35,P016,27,36,8,False
T036,Москва Cup 2026 #1,2026-07-17,35,P085,28,36,8,False
T036,Москва Cup 2026 #1,2026-07-17,35,P019,29,36,8,False
T036,Москва Cup 2026 #1,2026-07-17,35,P071,30,36,8,False
T036,Москва Cup 2026 #1,2026-07-17,35,P100,31,36,8,False
T036,Москва Cup 2026 #1,2026-07-17,35,P058,32,36,8,False
T036,Москва Cup 2026 #1,2026-07-17,35,P040,33,36,8,False
T036,Москва Cup 2026 #1,2026-07-17,35,P107,34,36,8,False
T036,Москва Cup 2026 #1,2026-07-17,35,P025,35,36,8,False
T036,Москва Cup 2026 #1,2026-07-17,35,P054,36,36,8,False
T035,Russian MCR Open 2026,2026-10-11,36,P018,1,112,8,False
T035,Russian MCR Open 2026,2026-10-11,36,P073,2,112,8,False
T035,Russian MCR Open 2026,2026-10-11,36,P109,3,112,8,False
T035,Russian MCR Open 2026,2026-10-11,36,P107,4,112,8,False
T035,Russian MCR Open 2026,2026-10-11,36,P048,5,112,8,False
T035,Russian MCR Open 2026,2026-10-11,36,P114,6,112,8,False
T035,Russian MCR Open 2026,2026-10-11,36,P049,7,112,8,False
T035,Russian MCR Open 2026,2026-10-11,36,P069,8,112,8,False
T035,Russian MCR Open 2026,2026-10-11,36,P028,9,112,8,False
T035,Russian MCR Open 2026,2026-10-11,36,P093,10,112,8,False
T035,Russian MCR Open 2026,2026-10-11,36,P094,11,112,8,False
T035,Russian MCR Open 2026,2026-10-11,36,P055,12,112,8,False
T035,Russian MCR Open 2026,2026-10-11,36,P096,13,112,8,False
T035,Russian MCR Open 2026,2026-10-11,36,P070,14,112,8,False
T035,Russian MCR Open 2026,2026-10-11,36,P017,15,112,8,False
T035,Russian MCR Open 2026,2026-10-11,36,P027,16,112,8,False
T035,Russian MCR Open 2026,2026-10-11,36,P112,17,112,8,False
T035,Russian MCR Open 2026,2026-10-11,36,P016,18,112,8,False
T035,Russian MCR Open 2026,2026-10-11,36,P035,19,112,8,False
T035,Russian MCR Open 2026,2026-10-11,36,P103,20,112,8,False
T035,Russian MCR Open 2026,2026-10-11,36,P102,21,112,8,False
T035,Russian MCR Open 2026,2026-10-11,36,P057,22,112,8,False
T035,Russian MCR Open 2026,2026-10-11,36,P116,23,112,8,False
T035,Russian MCR Open 2026,2026-10-11,36,P032,24,112,8,False
T035,Russian MCR Open 2026,2026-10-11,36,P105,25,112,8,False
T035,Russian MCR Open 2026,2026-10-11,36,P071,26,112,8,False
T035,Russian MCR Open 2026,2026-10-11,36,P043,27,112,8,False
T035,Russian MCR Open 2026,2026-10-11,36,P101,28,112,8,False
T035,Russian MCR Open 2026,2026-10-11,36,P006,29,112,8,False
T035,Russian MCR Open 2026,2026-10-11,36,P117,30,112,8,False
T035,Russian MCR Open 2026,2026-10-11,36,P119,31,112,8,False
T035,Russian MCR Open 2026,2026-10-11,36,P085,32,112,8,False
T035,Russian MCR Open 2026,2026-10-11,36,P084,33,112,8,False
T035,Russian MCR Open 2026,2026-10-11,36,P002,34,112,8,False
T035,Russian MCR Open 2026,2026-10-11,36,P001,35,112,8,False
T035,Russian MCR Open 2026,2026-10-11,36,P038,36,112,8,False
T035,Russian MCR Open 2026,2026-10-11,36,P100,37,112,8,False
T035,Russian MCR Open 2026,2026-10-11,36,P024,38,112,8,False
T035,Russian MCR Open 2026,2026-10-11,36,P062,39,112,8,False
T035,Russian MCR Open 2026,2026-10-11,36,P092,40,112,8,False
T035,Russian MCR Open 2026,2026-10-11,36,P088,41,112,8,False
T035,Russian MCR Open 2026,2026-10-11,36,P104,42,112,8,False
T035,Russian MCR Open 2026,2026-10-11,36,P056,43,112,8,False
T035,Russian MCR Open 2026,2026-10-11,36,P120,44,112,8,False
T035,Russian MCR Open 2026,2026-10-11,36,P041,45,112,8,False
T035,Russian MCR Open 2026,2026-10-11,36,P111,46,112,8,False
T035,Russian MCR Open 2026,2026-10-11,36,P003,47,112,8,False
T035,Russian MCR Open 2026,2026-10-11,36,P020,48,112,8,False
T035,Russian MCR Open 2026,2026-10-11,36,P086,49,112,8,False
T035,Russian MCR Open 2026,2026-10-11,36,P099,50,112,8,False
T035,Russian MCR Open 2026,2026-10-11,36,P091,51,112,8,False
T035,Russian MCR Open 2026,2026-10-11,36,P064,52,112,8,False
T035,Russian MCR Open 2026,2026-10-11,36,P075,53,112,8,False
T035,Russian MCR Open 2026,2026-10-11,36,P030,54,112,8,False
T035,Russian MCR Open 2026,2026-10-11,36,P113,55,112,8,False
T035,Russian MCR Open 2026,2026-10-11,36,P059,56,112,8,False
T035,Russian MCR Open 2026,2026-10-11,36,P019,57,112,8,False
T035,Russian MCR Open 2026,2026-10-11,36,P072,58,112,8,False
T035,Russian MCR Open 2026,2026-10-11,36,P061,59,112,8,False
T035,Russian MCR Open 2026,2026-10-11,36,P021,60,112,8,False
T035,Russian MCR Open 2026,2026-10-11,36,P089,61,112,8,False
T035,Russian MCR Open 2026,2026-10-11,36,P053,62,112,8,False
T035,Russian MCR Open 2026,2026-10-11,36,P025,63,112,8,False
T035,Russian MCR Open 2026,2026-10-11,36,P058,64,112,8,False
T035,Russian MCR Open 2026,2026-10-11,36,P060,65,112,8,False
T035,Russian MCR Open 2026,2026-10-11,36,P044,66,112,8,False
T035,Russian MCR Open 2026,2026-10-11,36,P066,67,112,8,False
T035,Russian MCR Open 2026,2026-10-11,36,P014,68,112,8,False
T035,Russian MCR Open 2026,2026-10-11,36,P040,69,112,8,False
T035,Russian MCR Open 2026,2026-10-11,36,P087,70,112,8,False
T035,Russian MCR Open 2026,2026-10-11,36,P051,71,112,8,False
T035,Russian MCR Open 2026,2026-10-11,36,P052,72,112,8,False
T035,Russian MCR Open 2026,2026-10-11,36,P083,73,112,8,False
T035,Russian MCR Open 2026,2026-10-11,36,P015,74,112,8,False
T035,Russian MCR Open 2026,2026-10-11,36,P106,75,112,8,False
T035,Russian MCR Open 2026,2026-10-11,36,P046,76,112,8,False
T035,Russian MCR Open 2026,2026-10-11,36,P022,77,112,8,False
T035,Russian MCR Open 2026,2026-10-11,36,P090,78,112,8,False
T035,Russian MCR Open 2026,2026-10-11,36,P045,79,112,8,False
T035,Russian MCR Open 2026,2026-10-11,36,P013,80,112,8,False
T035,Russian MCR Open 2026,2026-10-11,36,P029,81,112,8,False
T035,Russian MCR Open 2026,2026-10-11,36,P108,82,112,8,False
T035,Russian MCR Open 2026,2026-10-11,36,P023,83,112,8,False
T035,Russian MCR Open 2026,2026-10-11,36,P010,84,112,8,False
T035,Russian MCR Open 2026,2026-10-11,36,P081,85,112,8,False
T035,Russian MCR Open 2026,2026-10-11,36,P067,86,112,8,False
T035,Russian MCR Open 2026,2026-10-11,36,P054,87,112,8,False
T035,Russian MCR Open 2026,2026-10-11,36,P098,88,112,8,False
T035,Russian MCR Open 2026,2026-10-11,36,P042,89,112,8,False
T035,Russian MCR Open 2026,2026-10-11,36,P050,90,112,8,False
T035,Russian MCR Open 2026,2026-10-11,36,P004,91,112,8,False
T035,Russian MCR Open 2026,2026-10-11,36,P008,92,112,8,False
T035,Russian MCR Open 2026,2026-10-11,36,P031,93,112,8,False
T035,Russian MCR Open 2026,2026-10-11,36,P080,94,112,8,False
T035,Russian MCR Open 2026,2026-10-11,36,P115,95,112,8,False
T035,Russian MCR Open 2026,2026-10-11,36,P034,96,112,8,False
T035,Russian MCR Open 2026,2026-10-11,36,P077,97,112,8,False
T035,Russian MCR Open 2026,2026-10-11,36,P007,98,112,8,False
T035,Russian MCR Open 2026,2026-10-11,36,P063,99,112,8,False
T035,Russian MCR Open 2026,2026-10-11,36,P036,100,112,8,False
T035,Russian MCR Open 2026,2026-10-11,36,P082,101,112,8,False
T035,Russian MCR Open 2026,2026-10-11,36,P079,102,112,8,False
T035,Russian MCR Open 2026,2026-10-11,36,P074,103,112,8,False
T035,Russian MCR Open 2026,2026-10-11,36,P011,104,112,8,False
T035,Russian MCR Open 2026,2026-10-11,36,P065,105,112,8,False
T035,Russian MCR Open 2026,2026-10-11,36,P118,106,112,8,False
T035,Russian MCR Open 2026,2026-10-11,36,P068,107,112,8,False
T035,Russian MCR Open 2026,2026-10-11,36,P076,108,112,8,False
T035,Russian MCR Open 2026,2026-10-11,36,P039,109,112,8,False
T035,Russian MCR Open 2026,2026-10-11,36,P097,110,112,8,False
T035,Russian MCR Open 2026,2026-10-11,36,P047,111,112,8,False
T035,Russian MCR Open 2026,2026-10-11,36,P037,112,112,8,False
